source,variant,run,env,state_x,condition,sample_y,num_games,successes,pass_rate,complete_sample
origlogs,mechanism,origlogs_mechanism,frozen_lake,1,original,1,20,0,0.0,True
origlogs,mechanism,origlogs_mechanism,frozen_lake,1,original,2,20,0,0.0,True
origlogs,mechanism,origlogs_mechanism,frozen_lake,1,original,3,20,2,0.1,True
origlogs,mechanism,origlogs_mechanism,frozen_lake,1,original,4,20,1,0.05,True
origlogs,mechanism,origlogs_mechanism,frozen_lake,1,original,5,20,0,0.0,True
origlogs,mechanism,origlogs_mechanism,frozen_lake,1,original,6,20,1,0.05,True
origlogs,mechanism,origlogs_mechanism,frozen_lake,1,original,7,20,0,0.0,True
origlogs,mechanism,origlogs_mechanism,frozen_lake,1,original,8,20,0,0.0,True
origlogs,mechanism,origlogs_mechanism,frozen_lake,1,updated,1,20,3,0.15,True
origlogs,mechanism,origlogs_mechanism,frozen_lake,1,updated,2,20,1,0.05,True
origlogs,mechanism,origlogs_mechanism,frozen_lake,1,updated,3,20,11,0.55,True
origlogs,mechanism,origlogs_mechanism,frozen_lake,1,updated,4,20,2,0.1,True
origlogs,mechanism,origlogs_mechanism,frozen_lake,1,updated,5,20,2,0.1,True
origlogs,mechanism,origlogs_mechanism,frozen_lake,1,updated,6,20,1,0.05,True
origlogs,mechanism,origlogs_mechanism,frozen_lake,1,updated,7,20,5,0.25,True
origlogs,mechanism,origlogs_mechanism,frozen_lake,1,updated,8,20,4,0.2,True
origlogs,mechanism,origlogs_mechanism,frozen_lake,2,original,1,20,4,0.2,True
origlogs,mechanism,origlogs_mechanism,frozen_lake,2,original,2,20,4,0.2,True
origlogs,mechanism,origlogs_mechanism,frozen_lake,2,original,3,20,3,0.15,True
origlogs,mechanism,origlogs_mechanism,frozen_lake,2,original,4,20,5,0.25,True
origlogs,mechanism,origlogs_mechanism,frozen_lake,2,original,5,20,4,0.2,True
origlogs,mechanism,origlogs_mechanism,frozen_lake,2,original,6,20,4,0.2,True
origlogs,mechanism,origlogs_mechanism,frozen_lake,2,original,7,20,4,0.2,True
origlogs,mechanism,origlogs_mechanism,frozen_lake,2,original,8,20,4,0.2,True
origlogs,mechanism,origlogs_mechanism,frozen_lake,2,updated,1,20,4,0.2,True
origlogs,mechanism,origlogs_mechanism,frozen_lake,2,updated,2,20,4,0.2,True
origlogs,mechanism,origlogs_mechanism,frozen_lake,2,updated,3,20,4,0.2,True
origlogs,mechanism,origlogs_mechanism,frozen_lake,2,updated,4,20,4,0.2,True
origlogs,mechanism,origlogs_mechanism,frozen_lake,2,updated,5,20,4,0.2,True
origlogs,mechanism,origlogs_mechanism,frozen_lake,2,updated,6,20,5,0.25,True
origlogs,mechanism,origlogs_mechanism,frozen_lake,2,updated,7,20,4,0.2,True
origlogs,mechanism,origlogs_mechanism,frozen_lake,2,updated,8,20,3,0.15,True
origlogs,mechanism,origlogs_mechanism,frozen_lake,3,original,1,20,4,0.2,True
origlogs,mechanism,origlogs_mechanism,frozen_lake,3,original,2,20,4,0.2,True
origlogs,mechanism,origlogs_mechanism,frozen_lake,3,original,3,20,4,0.2,True
origlogs,mechanism,origlogs_mechanism,frozen_lake,3,original,4,20,5,0.25,True
origlogs,mechanism,origlogs_mechanism,frozen_lake,3,original,5,20,5,0.25,True
origlogs,mechanism,origlogs_mechanism,frozen_lake,3,original,6,20,4,0.2,True
origlogs,mechanism,origlogs_mechanism,frozen_lake,3,original,7,20,4,0.2,True
origlogs,mechanism,origlogs_mechanism,frozen_lake,3,original,8,20,4,0.2,True
origlogs,mechanism,origlogs_mechanism,frozen_lake,3,updated,1,20,5,0.25,True
origlogs,mechanism,origlogs_mechanism,frozen_lake,3,updated,2,20,4,0.2,True
origlogs,mechanism,origlogs_mechanism,frozen_lake,3,updated,3,20,5,0.25,True
origlogs,mechanism,origlogs_mechanism,frozen_lake,3,updated,4,20,5,0.25,True
origlogs,mechanism,origlogs_mechanism,frozen_lake,3,updated,5,20,5,0.25,True
origlogs,mechanism,origlogs_mechanism,frozen_lake,3,updated,6,20,3,0.15,True
origlogs,mechanism,origlogs_mechanism,frozen_lake,3,updated,7,20,4,0.2,True
origlogs,mechanism,origlogs_mechanism,frozen_lake,3,updated,8,20,5,0.25,True
origlogs,mechanism,origlogs_mechanism,frozen_lake,4,original,1,20,3,0.15,True
origlogs,mechanism,origlogs_mechanism,frozen_lake,4,original,2,20,3,0.15,True
origlogs,mechanism,origlogs_mechanism,frozen_lake,4,original,3,20,4,0.2,True
origlogs,mechanism,origlogs_mechanism,frozen_lake,4,original,4,20,5,0.25,True
origlogs,mechanism,origlogs_mechanism,frozen_lake,4,original,5,20,4,0.2,True
origlogs,mechanism,origlogs_mechanism,frozen_lake,4,original,6,20,4,0.2,True
origlogs,mechanism,origlogs_mechanism,frozen_lake,4,original,7,20,5,0.25,True
origlogs,mechanism,origlogs_mechanism,frozen_lake,4,original,8,20,6,0.3,True
origlogs,mechanism,origlogs_mechanism,frozen_lake,4,updated,1,20,5,0.25,True
origlogs,mechanism,origlogs_mechanism,frozen_lake,4,updated,2,20,3,0.15,True
origlogs,mechanism,origlogs_mechanism,frozen_lake,4,updated,3,20,4,0.2,True
origlogs,mechanism,origlogs_mechanism,frozen_lake,4,updated,4,20,6,0.3,True
origlogs,mechanism,origlogs_mechanism,frozen_lake,4,updated,5,20,3,0.15,True
origlogs,mechanism,origlogs_mechanism,frozen_lake,4,updated,6,20,5,0.25,True
origlogs,mechanism,origlogs_mechanism,frozen_lake,4,updated,7,20,3,0.15,True
origlogs,mechanism,origlogs_mechanism,frozen_lake,4,updated,8,20,6,0.3,True
origlogs,mechanism,origlogs_mechanism,frozen_lake,5,original,1,20,6,0.3,True
origlogs,mechanism,origlogs_mechanism,frozen_lake,5,original,2,20,7,0.35,True
origlogs,mechanism,origlogs_mechanism,frozen_lake,5,original,3,20,5,0.25,True
origlogs,mechanism,origlogs_mechanism,frozen_lake,5,original,4,20,5,0.25,True
origlogs,mechanism,origlogs_mechanism,frozen_lake,5,original,5,20,5,0.25,True
origlogs,mechanism,origlogs_mechanism,frozen_lake,5,original,6,20,7,0.35,True
origlogs,mechanism,origlogs_mechanism,frozen_lake,5,original,7,20,8,0.4,True
origlogs,mechanism,origlogs_mechanism,frozen_lake,5,original,8,20,5,0.25,True
origlogs,mechanism,origlogs_mechanism,frozen_lake,5,updated,1,20,5,0.25,True
origlogs,mechanism,origlogs_mechanism,frozen_lake,5,updated,2,20,8,0.4,True
origlogs,mechanism,origlogs_mechanism,frozen_lake,5,updated,3,20,8,0.4,True
origlogs,mechanism,origlogs_mechanism,frozen_lake,5,updated,4,20,8,0.4,True
origlogs,mechanism,origlogs_mechanism,frozen_lake,5,updated,5,20,8,0.4,True
origlogs,mechanism,origlogs_mechanism,frozen_lake,5,updated,6,20,8,0.4,True
origlogs,mechanism,origlogs_mechanism,frozen_lake,5,updated,7,20,6,0.3,True
origlogs,mechanism,origlogs_mechanism,frozen_lake,5,updated,8,20,7,0.35,True
origlogs,mechanism,origlogs_mechanism,frozen_lake,6,original,1,20,8,0.4,True
origlogs,mechanism,origlogs_mechanism,frozen_lake,6,original,2,20,8,0.4,True
origlogs,mechanism,origlogs_mechanism,frozen_lake,6,original,3,20,8,0.4,True
origlogs,mechanism,origlogs_mechanism,frozen_lake,6,original,4,20,8,0.4,True
origlogs,mechanism,origlogs_mechanism,frozen_lake,6,original,5,20,9,0.45,True
origlogs,mechanism,origlogs_mechanism,frozen_lake,6,original,6,20,7,0.35,True
origlogs,mechanism,origlogs_mechanism,frozen_lake,6,original,7,20,10,0.5,True
origlogs,mechanism,origlogs_mechanism,frozen_lake,6,original,8,20,8,0.4,True
origlogs,mechanism,origlogs_mechanism,frozen_lake,6,updated,1,20,10,0.5,True
origlogs,mechanism,origlogs_mechanism,frozen_lake,6,updated,2,20,10,0.5,True
origlogs,mechanism,origlogs_mechanism,frozen_lake,6,updated,3,20,7,0.35,True
origlogs,mechanism,origlogs_mechanism,frozen_lake,6,updated,4,20,9,0.45,True
origlogs,mechanism,origlogs_mechanism,frozen_lake,6,updated,5,20,8,0.4,True
origlogs,mechanism,origlogs_mechanism,frozen_lake,6,updated,6,20,7,0.35,True
origlogs,mechanism,origlogs_mechanism,frozen_lake,6,updated,7,20,7,0.35,True
origlogs,mechanism,origlogs_mechanism,frozen_lake,6,updated,8,20,8,0.4,True
origlogs,mechanism,origlogs_mechanism,frozen_lake,7,original,1,20,9,0.45,True
origlogs,mechanism,origlogs_mechanism,frozen_lake,7,original,2,20,10,0.5,True
origlogs,mechanism,origlogs_mechanism,frozen_lake,7,original,3,20,8,0.4,True
origlogs,mechanism,origlogs_mechanism,frozen_lake,7,original,4,20,5,0.25,True
origlogs,mechanism,origlogs_mechanism,frozen_lake,7,original,5,20,9,0.45,True
origlogs,mechanism,origlogs_mechanism,frozen_lake,7,original,6,20,9,0.45,True
origlogs,mechanism,origlogs_mechanism,frozen_lake,7,original,7,20,10,0.5,True
origlogs,mechanism,origlogs_mechanism,frozen_lake,7,original,8,20,7,0.35,True
origlogs,mechanism,origlogs_mechanism,frozen_lake,7,updated,1,20,7,0.35,True
origlogs,mechanism,origlogs_mechanism,frozen_lake,7,updated,2,20,9,0.45,True
origlogs,mechanism,origlogs_mechanism,frozen_lake,7,updated,3,20,8,0.4,True
origlogs,mechanism,origlogs_mechanism,frozen_lake,7,updated,4,20,8,0.4,True
origlogs,mechanism,origlogs_mechanism,frozen_lake,7,updated,5,20,10,0.5,True
origlogs,mechanism,origlogs_mechanism,frozen_lake,7,updated,6,20,6,0.3,True
origlogs,mechanism,origlogs_mechanism,frozen_lake,7,updated,7,20,7,0.35,True
origlogs,mechanism,origlogs_mechanism,frozen_lake,7,updated,8,20,10,0.5,True
origlogs,mechanism,origlogs_mechanism,frozen_lake,8,original,1,20,7,0.35,True
origlogs,mechanism,origlogs_mechanism,frozen_lake,8,original,2,20,7,0.35,True
origlogs,mechanism,origlogs_mechanism,frozen_lake,8,original,3,20,7,0.35,True
origlogs,mechanism,origlogs_mechanism,frozen_lake,8,original,4,20,7,0.35,True
origlogs,mechanism,origlogs_mechanism,frozen_lake,8,original,5,20,7,0.35,True
origlogs,mechanism,origlogs_mechanism,frozen_lake,8,original,6,20,7,0.35,True
origlogs,mechanism,origlogs_mechanism,frozen_lake,8,original,7,20,7,0.35,True
origlogs,mechanism,origlogs_mechanism,frozen_lake,8,original,8,20,10,0.5,True
origlogs,mechanism,origlogs_mechanism,frozen_lake,8,updated,1,20,6,0.3,True
origlogs,mechanism,origlogs_mechanism,frozen_lake,8,updated,2,20,13,0.65,True
origlogs,mechanism,origlogs_mechanism,frozen_lake,8,updated,3,20,8,0.4,True
origlogs,mechanism,origlogs_mechanism,frozen_lake,8,updated,4,20,9,0.45,True
origlogs,mechanism,origlogs_mechanism,frozen_lake,8,updated,5,20,9,0.45,True
origlogs,mechanism,origlogs_mechanism,frozen_lake,8,updated,6,20,8,0.4,True
origlogs,mechanism,origlogs_mechanism,frozen_lake,8,updated,7,20,6,0.3,True
origlogs,mechanism,origlogs_mechanism,frozen_lake,8,updated,8,20,10,0.5,True
origlogs,mechanism,origlogs_mechanism,frozen_lake,9,original,1,20,7,0.35,True
origlogs,mechanism,origlogs_mechanism,frozen_lake,9,original,2,20,7,0.35,True
origlogs,mechanism,origlogs_mechanism,frozen_lake,9,original,3,20,9,0.45,True
origlogs,mechanism,origlogs_mechanism,frozen_lake,9,original,4,20,9,0.45,True
origlogs,mechanism,origlogs_mechanism,frozen_lake,9,original,5,20,8,0.4,True
origlogs,mechanism,origlogs_mechanism,frozen_lake,9,original,6,20,8,0.4,True
origlogs,mechanism,origlogs_mechanism,frozen_lake,9,original,7,20,8,0.4,True
origlogs,mechanism,origlogs_mechanism,frozen_lake,9,original,8,20,8,0.4,True
origlogs,mechanism,origlogs_mechanism,frozen_lake,9,updated,1,20,8,0.4,True
origlogs,mechanism,origlogs_mechanism,frozen_lake,9,updated,2,20,9,0.45,True
origlogs,mechanism,origlogs_mechanism,frozen_lake,9,updated,3,20,7,0.35,True
origlogs,mechanism,origlogs_mechanism,frozen_lake,9,updated,4,20,7,0.35,True
origlogs,mechanism,origlogs_mechanism,frozen_lake,9,updated,5,20,8,0.4,True
origlogs,mechanism,origlogs_mechanism,frozen_lake,9,updated,6,20,8,0.4,True
origlogs,mechanism,origlogs_mechanism,frozen_lake,9,updated,7,20,7,0.35,True
origlogs,mechanism,origlogs_mechanism,frozen_lake,9,updated,8,20,9,0.45,True
origlogs,mechanism,origlogs_mechanism,frozen_lake,10,original,1,20,9,0.45,True
origlogs,mechanism,origlogs_mechanism,frozen_lake,10,original,2,20,7,0.35,True
origlogs,mechanism,origlogs_mechanism,frozen_lake,10,original,3,20,8,0.4,True
origlogs,mechanism,origlogs_mechanism,frozen_lake,10,original,4,20,7,0.35,True
origlogs,mechanism,origlogs_mechanism,frozen_lake,10,original,5,20,7,0.35,True
origlogs,mechanism,origlogs_mechanism,frozen_lake,10,original,6,20,8,0.4,True
origlogs,mechanism,origlogs_mechanism,frozen_lake,10,original,7,20,8,0.4,True
origlogs,mechanism,origlogs_mechanism,frozen_lake,10,original,8,20,9,0.45,True
origlogs,mechanism,origlogs_mechanism,frozen_lake,10,updated,1,20,9,0.45,True
origlogs,mechanism,origlogs_mechanism,frozen_lake,10,updated,2,20,10,0.5,True
origlogs,mechanism,origlogs_mechanism,frozen_lake,10,updated,3,20,9,0.45,True
origlogs,mechanism,origlogs_mechanism,frozen_lake,10,updated,4,20,7,0.35,True
origlogs,mechanism,origlogs_mechanism,frozen_lake,10,updated,5,20,8,0.4,True
origlogs,mechanism,origlogs_mechanism,frozen_lake,10,updated,6,20,7,0.35,True
origlogs,mechanism,origlogs_mechanism,frozen_lake,10,updated,7,20,7,0.35,True
origlogs,mechanism,origlogs_mechanism,frozen_lake,10,updated,8,20,9,0.45,True
origlogs,mechanism,origlogs_mechanism,frozen_lake,11,original,1,20,7,0.35,True
origlogs,mechanism,origlogs_mechanism,frozen_lake,11,original,2,20,7,0.35,True
origlogs,mechanism,origlogs_mechanism,frozen_lake,11,original,3,20,8,0.4,True
origlogs,mechanism,origlogs_mechanism,frozen_lake,11,original,4,20,7,0.35,True
origlogs,mechanism,origlogs_mechanism,frozen_lake,11,original,5,20,9,0.45,True
origlogs,mechanism,origlogs_mechanism,frozen_lake,11,original,6,20,7,0.35,True
origlogs,mechanism,origlogs_mechanism,frozen_lake,11,original,7,20,6,0.3,True
origlogs,mechanism,origlogs_mechanism,frozen_lake,11,original,8,20,9,0.45,True
origlogs,mechanism,origlogs_mechanism,frozen_lake,11,updated,1,20,11,0.55,True
origlogs,mechanism,origlogs_mechanism,frozen_lake,11,updated,2,20,8,0.4,True
origlogs,mechanism,origlogs_mechanism,frozen_lake,11,updated,3,20,9,0.45,True
origlogs,mechanism,origlogs_mechanism,frozen_lake,11,updated,4,20,12,0.6,True
origlogs,mechanism,origlogs_mechanism,frozen_lake,11,updated,5,20,9,0.45,True
origlogs,mechanism,origlogs_mechanism,frozen_lake,11,updated,6,20,10,0.5,True
origlogs,mechanism,origlogs_mechanism,frozen_lake,11,updated,7,20,7,0.35,True
origlogs,mechanism,origlogs_mechanism,frozen_lake,11,updated,8,20,8,0.4,True
origlogs,mechanism,origlogs_mechanism,frozen_lake,12,original,1,20,7,0.35,True
origlogs,mechanism,origlogs_mechanism,frozen_lake,12,original,2,20,6,0.3,True
origlogs,mechanism,origlogs_mechanism,frozen_lake,12,original,3,20,10,0.5,True
origlogs,mechanism,origlogs_mechanism,frozen_lake,12,original,4,20,8,0.4,True
origlogs,mechanism,origlogs_mechanism,frozen_lake,12,original,5,20,9,0.45,True
origlogs,mechanism,origlogs_mechanism,frozen_lake,12,original,6,20,9,0.45,True
origlogs,mechanism,origlogs_mechanism,frozen_lake,12,original,7,20,10,0.5,True
origlogs,mechanism,origlogs_mechanism,frozen_lake,12,original,8,20,6,0.3,True
origlogs,mechanism,origlogs_mechanism,frozen_lake,12,updated,1,20,8,0.4,True
origlogs,mechanism,origlogs_mechanism,frozen_lake,12,updated,2,20,7,0.35,True
origlogs,mechanism,origlogs_mechanism,frozen_lake,12,updated,3,20,8,0.4,True
origlogs,mechanism,origlogs_mechanism,frozen_lake,12,updated,4,20,8,0.4,True
origlogs,mechanism,origlogs_mechanism,frozen_lake,12,updated,5,20,8,0.4,True
origlogs,mechanism,origlogs_mechanism,frozen_lake,12,updated,6,20,6,0.3,True
origlogs,mechanism,origlogs_mechanism,frozen_lake,12,updated,7,20,8,0.4,True
origlogs,mechanism,origlogs_mechanism,frozen_lake,12,updated,8,20,7,0.35,True
origlogs,mechanism,origlogs_mechanism,frozen_lake,13,original,1,20,9,0.45,True
origlogs,mechanism,origlogs_mechanism,frozen_lake,13,original,2,20,8,0.4,True
origlogs,mechanism,origlogs_mechanism,frozen_lake,13,original,3,20,8,0.4,True
origlogs,mechanism,origlogs_mechanism,frozen_lake,13,original,4,20,7,0.35,True
origlogs,mechanism,origlogs_mechanism,frozen_lake,13,original,5,20,6,0.3,True
origlogs,mechanism,origlogs_mechanism,frozen_lake,13,original,6,20,8,0.4,True
origlogs,mechanism,origlogs_mechanism,frozen_lake,13,original,7,20,8,0.4,True
origlogs,mechanism,origlogs_mechanism,frozen_lake,13,original,8,20,10,0.5,True
origlogs,mechanism,origlogs_mechanism,frozen_lake,13,updated,1,20,6,0.3,True
origlogs,mechanism,origlogs_mechanism,frozen_lake,13,updated,2,20,9,0.45,True
origlogs,mechanism,origlogs_mechanism,frozen_lake,13,updated,3,20,11,0.55,True
origlogs,mechanism,origlogs_mechanism,frozen_lake,13,updated,4,20,10,0.5,True
origlogs,mechanism,origlogs_mechanism,frozen_lake,13,updated,5,20,8,0.4,True
origlogs,mechanism,origlogs_mechanism,frozen_lake,13,updated,6,20,9,0.45,True
origlogs,mechanism,origlogs_mechanism,frozen_lake,13,updated,7,20,9,0.45,True
origlogs,mechanism,origlogs_mechanism,frozen_lake,13,updated,8,20,10,0.5,True
origlogs,mechanism,origlogs_mechanism,frozen_lake,14,original,1,20,10,0.5,True
origlogs,mechanism,origlogs_mechanism,frozen_lake,14,original,2,20,8,0.4,True
origlogs,mechanism,origlogs_mechanism,frozen_lake,14,original,3,20,7,0.35,True
origlogs,mechanism,origlogs_mechanism,frozen_lake,14,original,4,20,7,0.35,True
origlogs,mechanism,origlogs_mechanism,frozen_lake,14,original,5,20,6,0.3,True
origlogs,mechanism,origlogs_mechanism,frozen_lake,14,original,6,20,9,0.45,True
origlogs,mechanism,origlogs_mechanism,frozen_lake,14,original,7,20,7,0.35,True
origlogs,mechanism,origlogs_mechanism,frozen_lake,14,original,8,20,10,0.5,True
origlogs,mechanism,origlogs_mechanism,frozen_lake,14,updated,1,20,7,0.35,True
origlogs,mechanism,origlogs_mechanism,frozen_lake,14,updated,2,20,10,0.5,True
origlogs,mechanism,origlogs_mechanism,frozen_lake,14,updated,3,20,6,0.3,True
origlogs,mechanism,origlogs_mechanism,frozen_lake,14,updated,4,20,8,0.4,True
origlogs,mechanism,origlogs_mechanism,frozen_lake,14,updated,5,20,5,0.25,True
origlogs,mechanism,origlogs_mechanism,frozen_lake,14,updated,6,20,9,0.45,True
origlogs,mechanism,origlogs_mechanism,frozen_lake,14,updated,7,20,10,0.5,True
origlogs,mechanism,origlogs_mechanism,frozen_lake,14,updated,8,20,5,0.25,True
origlogs,mechanism,origlogs_mechanism,frozen_lake,15,original,1,20,5,0.25,True
origlogs,mechanism,origlogs_mechanism,frozen_lake,15,original,2,20,5,0.25,True
origlogs,mechanism,origlogs_mechanism,frozen_lake,15,original,3,20,7,0.35,True
origlogs,mechanism,origlogs_mechanism,frozen_lake,15,original,4,20,4,0.2,True
origlogs,mechanism,origlogs_mechanism,frozen_lake,15,original,5,20,5,0.25,True
origlogs,mechanism,origlogs_mechanism,frozen_lake,15,original,6,20,6,0.3,True
origlogs,mechanism,origlogs_mechanism,frozen_lake,15,original,7,20,5,0.25,True
origlogs,mechanism,origlogs_mechanism,frozen_lake,15,original,8,20,3,0.15,True
origlogs,mechanism,origlogs_mechanism,frozen_lake,15,updated,1,20,4,0.2,True
origlogs,mechanism,origlogs_mechanism,frozen_lake,15,updated,2,20,7,0.35,True
origlogs,mechanism,origlogs_mechanism,frozen_lake,15,updated,3,20,5,0.25,True
origlogs,mechanism,origlogs_mechanism,frozen_lake,15,updated,4,20,9,0.45,True
origlogs,mechanism,origlogs_mechanism,frozen_lake,15,updated,5,20,8,0.4,True
origlogs,mechanism,origlogs_mechanism,frozen_lake,15,updated,6,20,6,0.3,True
origlogs,mechanism,origlogs_mechanism,frozen_lake,15,updated,7,20,5,0.25,True
origlogs,mechanism,origlogs_mechanism,frozen_lake,15,updated,8,20,3,0.15,True
origlogs,mechanism,origlogs_mechanism,frozen_lake,16,original,1,20,7,0.35,True
origlogs,mechanism,origlogs_mechanism,frozen_lake,16,original,2,20,7,0.35,True
origlogs,mechanism,origlogs_mechanism,frozen_lake,16,original,3,20,5,0.25,True
origlogs,mechanism,origlogs_mechanism,frozen_lake,16,original,4,20,6,0.3,True
origlogs,mechanism,origlogs_mechanism,frozen_lake,16,original,5,20,7,0.35,True
origlogs,mechanism,origlogs_mechanism,frozen_lake,16,original,6,20,7,0.35,True
origlogs,mechanism,origlogs_mechanism,frozen_lake,16,original,7,20,9,0.45,True
origlogs,mechanism,origlogs_mechanism,frozen_lake,16,original,8,20,8,0.4,True
origlogs,mechanism,origlogs_mechanism,frozen_lake,16,updated,1,20,7,0.35,True
origlogs,mechanism,origlogs_mechanism,frozen_lake,16,updated,2,20,9,0.45,True
origlogs,mechanism,origlogs_mechanism,frozen_lake,16,updated,3,20,9,0.45,True
origlogs,mechanism,origlogs_mechanism,frozen_lake,16,updated,4,20,9,0.45,True
origlogs,mechanism,origlogs_mechanism,frozen_lake,16,updated,5,20,7,0.35,True
origlogs,mechanism,origlogs_mechanism,frozen_lake,16,updated,6,20,6,0.3,True
origlogs,mechanism,origlogs_mechanism,frozen_lake,16,updated,7,20,6,0.3,True
origlogs,mechanism,origlogs_mechanism,frozen_lake,16,updated,8,20,5,0.25,True
origlogs,mechanism,origlogs_mechanism,frozen_lake,17,original,1,20,7,0.35,True
origlogs,mechanism,origlogs_mechanism,frozen_lake,17,original,2,20,9,0.45,True
origlogs,mechanism,origlogs_mechanism,frozen_lake,17,original,3,20,9,0.45,True
origlogs,mechanism,origlogs_mechanism,frozen_lake,17,original,4,20,9,0.45,True
origlogs,mechanism,origlogs_mechanism,frozen_lake,17,original,5,20,9,0.45,True
origlogs,mechanism,origlogs_mechanism,frozen_lake,17,original,6,20,9,0.45,True
origlogs,mechanism,origlogs_mechanism,frozen_lake,17,original,7,20,7,0.35,True
origlogs,mechanism,origlogs_mechanism,frozen_lake,17,original,8,20,10,0.5,True
origlogs,mechanism,origlogs_mechanism,frozen_lake,17,updated,1,20,10,0.5,True
origlogs,mechanism,origlogs_mechanism,frozen_lake,17,updated,2,20,7,0.35,True
origlogs,mechanism,origlogs_mechanism,frozen_lake,17,updated,3,20,7,0.35,True
origlogs,mechanism,origlogs_mechanism,frozen_lake,17,updated,4,20,7,0.35,True
origlogs,mechanism,origlogs_mechanism,frozen_lake,17,updated,5,20,10,0.5,True
origlogs,mechanism,origlogs_mechanism,frozen_lake,17,updated,6,20,8,0.4,True
origlogs,mechanism,origlogs_mechanism,frozen_lake,17,updated,7,20,5,0.25,True
origlogs,mechanism,origlogs_mechanism,frozen_lake,17,updated,8,20,8,0.4,True
origlogs,mechanism,origlogs_mechanism,frozen_lake,18,original,1,20,8,0.4,True
origlogs,mechanism,origlogs_mechanism,frozen_lake,18,original,2,20,9,0.45,True
origlogs,mechanism,origlogs_mechanism,frozen_lake,18,original,3,20,11,0.55,True
origlogs,mechanism,origlogs_mechanism,frozen_lake,18,original,4,20,9,0.45,True
origlogs,mechanism,origlogs_mechanism,frozen_lake,18,original,5,20,9,0.45,True
origlogs,mechanism,origlogs_mechanism,frozen_lake,18,original,6,20,10,0.5,True
origlogs,mechanism,origlogs_mechanism,frozen_lake,18,original,7,20,9,0.45,True
origlogs,mechanism,origlogs_mechanism,frozen_lake,18,original,8,20,10,0.5,True
origlogs,mechanism,origlogs_mechanism,frozen_lake,18,updated,1,20,9,0.45,True
origlogs,mechanism,origlogs_mechanism,frozen_lake,18,updated,2,20,9,0.45,True
origlogs,mechanism,origlogs_mechanism,frozen_lake,18,updated,3,20,6,0.3,True
origlogs,mechanism,origlogs_mechanism,frozen_lake,18,updated,4,20,10,0.5,True
origlogs,mechanism,origlogs_mechanism,frozen_lake,18,updated,5,20,8,0.4,True
origlogs,mechanism,origlogs_mechanism,frozen_lake,18,updated,6,20,8,0.4,True
origlogs,mechanism,origlogs_mechanism,frozen_lake,18,updated,7,20,10,0.5,True
origlogs,mechanism,origlogs_mechanism,frozen_lake,18,updated,8,20,8,0.4,True
origlogs,mechanism,origlogs_mechanism,frozen_lake,19,original,1,20,10,0.5,True
origlogs,mechanism,origlogs_mechanism,frozen_lake,19,original,2,20,8,0.4,True
origlogs,mechanism,origlogs_mechanism,frozen_lake,19,original,3,20,10,0.5,True
origlogs,mechanism,origlogs_mechanism,frozen_lake,19,original,4,20,8,0.4,True
origlogs,mechanism,origlogs_mechanism,frozen_lake,19,original,5,20,12,0.6,True
origlogs,mechanism,origlogs_mechanism,frozen_lake,19,original,6,20,5,0.25,True
origlogs,mechanism,origlogs_mechanism,frozen_lake,19,original,7,20,9,0.45,True
origlogs,mechanism,origlogs_mechanism,frozen_lake,19,original,8,20,8,0.4,True
origlogs,mechanism,origlogs_mechanism,frozen_lake,19,updated,1,20,9,0.45,True
origlogs,mechanism,origlogs_mechanism,frozen_lake,19,updated,2,20,10,0.5,True
origlogs,mechanism,origlogs_mechanism,frozen_lake,19,updated,3,20,1,0.05,True
origlogs,mechanism,origlogs_mechanism,frozen_lake,19,updated,4,20,8,0.4,True
origlogs,mechanism,origlogs_mechanism,frozen_lake,19,updated,5,20,8,0.4,True
origlogs,mechanism,origlogs_mechanism,frozen_lake,19,updated,6,20,8,0.4,True
origlogs,mechanism,origlogs_mechanism,frozen_lake,19,updated,7,20,7,0.35,True
origlogs,mechanism,origlogs_mechanism,frozen_lake,19,updated,8,20,7,0.35,True
origlogs,mechanism,origlogs_mechanism,frozen_lake,20,original,1,20,7,0.35,True
origlogs,mechanism,origlogs_mechanism,frozen_lake,20,original,2,20,9,0.45,True
origlogs,mechanism,origlogs_mechanism,frozen_lake,20,original,3,20,6,0.3,True
origlogs,mechanism,origlogs_mechanism,frozen_lake,20,original,4,20,7,0.35,True
origlogs,mechanism,origlogs_mechanism,frozen_lake,20,original,5,20,10,0.5,True
origlogs,mechanism,origlogs_mechanism,frozen_lake,20,original,6,20,7,0.35,True
origlogs,mechanism,origlogs_mechanism,frozen_lake,20,original,7,20,9,0.45,True
origlogs,mechanism,origlogs_mechanism,frozen_lake,20,original,8,20,6,0.3,True
origlogs,mechanism,origlogs_mechanism,frozen_lake,20,updated,1,20,6,0.3,True
origlogs,mechanism,origlogs_mechanism,frozen_lake,20,updated,2,20,2,0.1,True
origlogs,mechanism,origlogs_mechanism,frozen_lake,20,updated,3,20,10,0.5,True
origlogs,mechanism,origlogs_mechanism,frozen_lake,20,updated,4,20,6,0.3,True
origlogs,mechanism,origlogs_mechanism,frozen_lake,20,updated,5,20,6,0.3,True
origlogs,mechanism,origlogs_mechanism,frozen_lake,20,updated,6,20,6,0.3,True
origlogs,mechanism,origlogs_mechanism,frozen_lake,20,updated,7,20,8,0.4,True
origlogs,mechanism,origlogs_mechanism,frozen_lake,20,updated,8,20,10,0.5,True
origlogs,mechanism,origlogs_mechanism,frozen_lake,21,original,1,20,7,0.35,True
origlogs,mechanism,origlogs_mechanism,frozen_lake,21,original,2,20,6,0.3,True
origlogs,mechanism,origlogs_mechanism,frozen_lake,21,original,3,20,6,0.3,True
origlogs,mechanism,origlogs_mechanism,frozen_lake,21,original,4,20,6,0.3,True
origlogs,mechanism,origlogs_mechanism,frozen_lake,21,original,5,20,6,0.3,True
origlogs,mechanism,origlogs_mechanism,frozen_lake,21,original,6,20,8,0.4,True
origlogs,mechanism,origlogs_mechanism,frozen_lake,21,original,7,20,6,0.3,True
origlogs,mechanism,origlogs_mechanism,frozen_lake,21,original,8,20,6,0.3,True
origlogs,mechanism,origlogs_mechanism,frozen_lake,21,updated,1,20,3,0.15,True
origlogs,mechanism,origlogs_mechanism,frozen_lake,21,updated,2,20,4,0.2,True
origlogs,mechanism,origlogs_mechanism,frozen_lake,21,updated,3,20,11,0.55,True
origlogs,mechanism,origlogs_mechanism,frozen_lake,21,updated,4,20,6,0.3,True
origlogs,mechanism,origlogs_mechanism,frozen_lake,21,updated,5,20,6,0.3,True
origlogs,mechanism,origlogs_mechanism,frozen_lake,21,updated,6,20,7,0.35,True
origlogs,mechanism,origlogs_mechanism,frozen_lake,21,updated,7,20,4,0.2,True
origlogs,mechanism,origlogs_mechanism,frozen_lake,21,updated,8,20,5,0.25,True
origlogs,mechanism,origlogs_mechanism,frozen_lake,22,original,1,20,4,0.2,True
origlogs,mechanism,origlogs_mechanism,frozen_lake,22,original,2,20,5,0.25,True
origlogs,mechanism,origlogs_mechanism,frozen_lake,22,original,3,20,5,0.25,True
origlogs,mechanism,origlogs_mechanism,frozen_lake,22,original,4,20,6,0.3,True
origlogs,mechanism,origlogs_mechanism,frozen_lake,22,original,5,20,4,0.2,True
origlogs,mechanism,origlogs_mechanism,frozen_lake,22,original,6,20,5,0.25,True
origlogs,mechanism,origlogs_mechanism,frozen_lake,22,original,7,20,6,0.3,True
origlogs,mechanism,origlogs_mechanism,frozen_lake,22,original,8,20,5,0.25,True
origlogs,mechanism,origlogs_mechanism,frozen_lake,22,updated,1,20,5,0.25,True
origlogs,mechanism,origlogs_mechanism,frozen_lake,22,updated,2,20,6,0.3,True
origlogs,mechanism,origlogs_mechanism,frozen_lake,22,updated,3,20,5,0.25,True
origlogs,mechanism,origlogs_mechanism,frozen_lake,22,updated,4,20,6,0.3,True
origlogs,mechanism,origlogs_mechanism,frozen_lake,22,updated,5,20,9,0.45,True
origlogs,mechanism,origlogs_mechanism,frozen_lake,22,updated,6,20,6,0.3,True
origlogs,mechanism,origlogs_mechanism,frozen_lake,22,updated,7,20,8,0.4,True
origlogs,mechanism,origlogs_mechanism,frozen_lake,22,updated,8,20,8,0.4,True
origlogs,mechanism,origlogs_mechanism,frozen_lake,23,original,1,20,6,0.3,True
origlogs,mechanism,origlogs_mechanism,frozen_lake,23,original,2,20,8,0.4,True
origlogs,mechanism,origlogs_mechanism,frozen_lake,23,original,3,20,10,0.5,True
origlogs,mechanism,origlogs_mechanism,frozen_lake,23,original,4,20,10,0.5,True
origlogs,mechanism,origlogs_mechanism,frozen_lake,23,original,5,20,9,0.45,True
origlogs,mechanism,origlogs_mechanism,frozen_lake,23,original,6,20,8,0.4,True
origlogs,mechanism,origlogs_mechanism,frozen_lake,23,original,7,20,8,0.4,True
origlogs,mechanism,origlogs_mechanism,frozen_lake,23,original,8,20,11,0.55,True
origlogs,mechanism,origlogs_mechanism,frozen_lake,23,updated,1,20,10,0.5,True
origlogs,mechanism,origlogs_mechanism,frozen_lake,23,updated,2,20,10,0.5,True
origlogs,mechanism,origlogs_mechanism,frozen_lake,23,updated,3,20,11,0.55,True
origlogs,mechanism,origlogs_mechanism,frozen_lake,23,updated,4,20,9,0.45,True
origlogs,mechanism,origlogs_mechanism,frozen_lake,23,updated,5,20,8,0.4,True
origlogs,mechanism,origlogs_mechanism,frozen_lake,23,updated,6,20,8,0.4,True
origlogs,mechanism,origlogs_mechanism,frozen_lake,23,updated,7,20,9,0.45,True
origlogs,mechanism,origlogs_mechanism,frozen_lake,23,updated,8,20,9,0.45,True
origlogs,mechanism,origlogs_mechanism,frozen_lake,24,original,1,20,11,0.55,True
origlogs,mechanism,origlogs_mechanism,frozen_lake,24,original,2,20,10,0.5,True
origlogs,mechanism,origlogs_mechanism,frozen_lake,24,original,3,20,10,0.5,True
origlogs,mechanism,origlogs_mechanism,frozen_lake,24,original,4,20,8,0.4,True
origlogs,mechanism,origlogs_mechanism,frozen_lake,24,original,5,20,9,0.45,True
origlogs,mechanism,origlogs_mechanism,frozen_lake,24,original,6,20,9,0.45,True
origlogs,mechanism,origlogs_mechanism,frozen_lake,24,original,7,20,9,0.45,True
origlogs,mechanism,origlogs_mechanism,frozen_lake,24,original,8,20,9,0.45,True
origlogs,mechanism,origlogs_mechanism,frozen_lake,24,updated,1,20,7,0.35,True
origlogs,mechanism,origlogs_mechanism,frozen_lake,24,updated,2,20,7,0.35,True
origlogs,mechanism,origlogs_mechanism,frozen_lake,24,updated,3,20,11,0.55,True
origlogs,mechanism,origlogs_mechanism,frozen_lake,24,updated,4,20,9,0.45,True
origlogs,mechanism,origlogs_mechanism,frozen_lake,24,updated,5,20,9,0.45,True
origlogs,mechanism,origlogs_mechanism,frozen_lake,24,updated,6,20,9,0.45,True
origlogs,mechanism,origlogs_mechanism,frozen_lake,24,updated,7,20,9,0.45,True
origlogs,mechanism,origlogs_mechanism,frozen_lake,24,updated,8,20,10,0.5,True
origlogs,mechanism,origlogs_mechanism,frozen_lake,25,original,1,20,10,0.5,True
origlogs,mechanism,origlogs_mechanism,frozen_lake,25,original,2,20,11,0.55,True
origlogs,mechanism,origlogs_mechanism,frozen_lake,25,original,3,20,13,0.65,True
origlogs,mechanism,origlogs_mechanism,frozen_lake,25,original,4,20,9,0.45,True
origlogs,mechanism,origlogs_mechanism,frozen_lake,25,original,5,20,9,0.45,True
origlogs,mechanism,origlogs_mechanism,frozen_lake,25,original,6,20,12,0.6,True
origlogs,mechanism,origlogs_mechanism,frozen_lake,25,original,7,20,9,0.45,True
origlogs,mechanism,origlogs_mechanism,frozen_lake,25,original,8,20,12,0.6,True
origlogs,mechanism,origlogs_mechanism,frozen_lake,25,updated,1,20,9,0.45,True
origlogs,mechanism,origlogs_mechanism,frozen_lake,25,updated,2,20,9,0.45,True
origlogs,mechanism,origlogs_mechanism,frozen_lake,25,updated,3,20,8,0.4,True
origlogs,mechanism,origlogs_mechanism,frozen_lake,25,updated,4,20,5,0.25,True
origlogs,mechanism,origlogs_mechanism,frozen_lake,25,updated,5,20,9,0.45,True
origlogs,mechanism,origlogs_mechanism,frozen_lake,25,updated,6,20,9,0.45,True
origlogs,mechanism,origlogs_mechanism,frozen_lake,25,updated,7,20,11,0.55,True
origlogs,mechanism,origlogs_mechanism,frozen_lake,25,updated,8,20,9,0.45,True
origlogs,mechanism,origlogs_mechanism,frozen_lake,26,original,1,20,10,0.5,True
origlogs,mechanism,origlogs_mechanism,frozen_lake,26,original,2,20,9,0.45,True
origlogs,mechanism,origlogs_mechanism,frozen_lake,26,original,3,20,9,0.45,True
origlogs,mechanism,origlogs_mechanism,frozen_lake,26,original,4,20,8,0.4,True
origlogs,mechanism,origlogs_mechanism,frozen_lake,26,original,5,20,10,0.5,True
origlogs,mechanism,origlogs_mechanism,frozen_lake,26,original,6,20,10,0.5,True
origlogs,mechanism,origlogs_mechanism,frozen_lake,26,original,7,20,9,0.45,True
origlogs,mechanism,origlogs_mechanism,frozen_lake,26,original,8,20,11,0.55,True
origlogs,mechanism,origlogs_mechanism,frozen_lake,26,updated,1,20,11,0.55,True
origlogs,mechanism,origlogs_mechanism,frozen_lake,26,updated,2,20,11,0.55,True
origlogs,mechanism,origlogs_mechanism,frozen_lake,26,updated,3,20,3,0.15,True
origlogs,mechanism,origlogs_mechanism,frozen_lake,26,updated,4,20,6,0.3,True
origlogs,mechanism,origlogs_mechanism,frozen_lake,26,updated,5,20,6,0.3,True
origlogs,mechanism,origlogs_mechanism,frozen_lake,26,updated,6,20,3,0.15,True
origlogs,mechanism,origlogs_mechanism,frozen_lake,26,updated,7,20,6,0.3,True
origlogs,mechanism,origlogs_mechanism,frozen_lake,26,updated,8,20,6,0.3,True
origlogs,mechanism,origlogs_mechanism,frozen_lake,27,original,1,20,8,0.4,True
origlogs,mechanism,origlogs_mechanism,frozen_lake,27,original,2,20,8,0.4,True
origlogs,mechanism,origlogs_mechanism,frozen_lake,27,original,3,20,8,0.4,True
origlogs,mechanism,origlogs_mechanism,frozen_lake,27,original,4,20,8,0.4,True
origlogs,mechanism,origlogs_mechanism,frozen_lake,27,original,5,20,9,0.45,True
origlogs,mechanism,origlogs_mechanism,frozen_lake,27,original,6,20,5,0.25,True
origlogs,mechanism,origlogs_mechanism,frozen_lake,27,original,7,20,6,0.3,True
origlogs,mechanism,origlogs_mechanism,frozen_lake,27,original,8,20,8,0.4,True
origlogs,mechanism,origlogs_mechanism,frozen_lake,27,updated,1,20,8,0.4,True
origlogs,mechanism,origlogs_mechanism,frozen_lake,27,updated,2,20,8,0.4,True
origlogs,mechanism,origlogs_mechanism,frozen_lake,27,updated,3,20,7,0.35,True
origlogs,mechanism,origlogs_mechanism,frozen_lake,27,updated,4,20,5,0.25,True
origlogs,mechanism,origlogs_mechanism,frozen_lake,27,updated,5,20,8,0.4,True
origlogs,mechanism,origlogs_mechanism,frozen_lake,27,updated,6,20,10,0.5,True
origlogs,mechanism,origlogs_mechanism,frozen_lake,27,updated,7,20,6,0.3,True
origlogs,mechanism,origlogs_mechanism,frozen_lake,27,updated,8,20,7,0.35,True
origlogs,mechanism,origlogs_mechanism,frozen_lake,28,original,1,20,5,0.25,True
origlogs,mechanism,origlogs_mechanism,frozen_lake,28,original,2,20,5,0.25,True
origlogs,mechanism,origlogs_mechanism,frozen_lake,28,original,3,20,8,0.4,True
origlogs,mechanism,origlogs_mechanism,frozen_lake,28,original,4,20,7,0.35,True
origlogs,mechanism,origlogs_mechanism,frozen_lake,28,original,5,20,5,0.25,True
origlogs,mechanism,origlogs_mechanism,frozen_lake,28,original,6,20,7,0.35,True
origlogs,mechanism,origlogs_mechanism,frozen_lake,28,original,7,20,7,0.35,True
origlogs,mechanism,origlogs_mechanism,frozen_lake,28,original,8,20,6,0.3,True
origlogs,mechanism,origlogs_mechanism,frozen_lake,28,updated,1,20,4,0.2,True
origlogs,mechanism,origlogs_mechanism,frozen_lake,28,updated,2,20,6,0.3,True
origlogs,mechanism,origlogs_mechanism,frozen_lake,28,updated,3,20,10,0.5,True
origlogs,mechanism,origlogs_mechanism,frozen_lake,28,updated,4,20,9,0.45,True
origlogs,mechanism,origlogs_mechanism,frozen_lake,28,updated,5,20,4,0.2,True
origlogs,mechanism,origlogs_mechanism,frozen_lake,28,updated,6,20,6,0.3,True
origlogs,mechanism,origlogs_mechanism,frozen_lake,28,updated,7,20,9,0.45,True
origlogs,mechanism,origlogs_mechanism,frozen_lake,28,updated,8,20,11,0.55,True
origlogs,mechanism,origlogs_mechanism,frozen_lake,29,original,1,20,5,0.25,True
origlogs,mechanism,origlogs_mechanism,frozen_lake,29,original,2,20,7,0.35,True
origlogs,mechanism,origlogs_mechanism,frozen_lake,29,original,3,20,6,0.3,True
origlogs,mechanism,origlogs_mechanism,frozen_lake,29,original,4,20,5,0.25,True
origlogs,mechanism,origlogs_mechanism,frozen_lake,29,original,5,20,6,0.3,True
origlogs,mechanism,origlogs_mechanism,frozen_lake,29,original,6,20,7,0.35,True
origlogs,mechanism,origlogs_mechanism,frozen_lake,29,original,7,20,5,0.25,True
origlogs,mechanism,origlogs_mechanism,frozen_lake,29,original,8,20,4,0.2,True
origlogs,mechanism,origlogs_mechanism,frozen_lake,29,updated,1,20,13,0.65,True
origlogs,mechanism,origlogs_mechanism,frozen_lake,29,updated,2,20,9,0.45,True
origlogs,mechanism,origlogs_mechanism,frozen_lake,29,updated,3,20,10,0.5,True
origlogs,mechanism,origlogs_mechanism,frozen_lake,29,updated,4,20,8,0.4,True
origlogs,mechanism,origlogs_mechanism,frozen_lake,29,updated,5,20,8,0.4,True
origlogs,mechanism,origlogs_mechanism,frozen_lake,29,updated,6,20,12,0.6,True
origlogs,mechanism,origlogs_mechanism,frozen_lake,29,updated,7,20,6,0.3,True
origlogs,mechanism,origlogs_mechanism,frozen_lake,29,updated,8,20,6,0.3,True
origlogs,mechanism,origlogs_mechanism,frozen_lake,30,original,1,20,9,0.45,True
origlogs,mechanism,origlogs_mechanism,frozen_lake,30,original,2,20,9,0.45,True
origlogs,mechanism,origlogs_mechanism,frozen_lake,30,original,3,20,8,0.4,True
origlogs,mechanism,origlogs_mechanism,frozen_lake,30,original,4,20,9,0.45,True
origlogs,mechanism,origlogs_mechanism,frozen_lake,30,original,5,20,10,0.5,True
origlogs,mechanism,origlogs_mechanism,frozen_lake,30,original,6,20,8,0.4,True
origlogs,mechanism,origlogs_mechanism,frozen_lake,30,original,7,20,9,0.45,True
origlogs,mechanism,origlogs_mechanism,frozen_lake,30,original,8,20,9,0.45,True
origlogs,mechanism,origlogs_mechanism,frozen_lake,30,updated,1,20,10,0.5,True
origlogs,mechanism,origlogs_mechanism,frozen_lake,30,updated,2,20,8,0.4,True
origlogs,mechanism,origlogs_mechanism,frozen_lake,30,updated,3,20,7,0.35,True
origlogs,mechanism,origlogs_mechanism,frozen_lake,30,updated,4,20,10,0.5,True
origlogs,mechanism,origlogs_mechanism,frozen_lake,30,updated,5,20,11,0.55,True
origlogs,mechanism,origlogs_mechanism,frozen_lake,30,updated,6,20,9,0.45,True
origlogs,mechanism,origlogs_mechanism,frozen_lake,30,updated,7,20,11,0.55,True
origlogs,mechanism,origlogs_mechanism,frozen_lake,30,updated,8,20,11,0.55,True
origlogs,mechanism,origlogs_mechanism,frozen_lake,31,original,1,20,7,0.35,True
origlogs,mechanism,origlogs_mechanism,frozen_lake,31,original,2,20,10,0.5,True
origlogs,mechanism,origlogs_mechanism,frozen_lake,31,original,3,20,9,0.45,True
origlogs,mechanism,origlogs_mechanism,frozen_lake,31,original,4,20,10,0.5,True
origlogs,mechanism,origlogs_mechanism,frozen_lake,31,original,5,20,11,0.55,True
origlogs,mechanism,origlogs_mechanism,frozen_lake,31,original,6,20,9,0.45,True
origlogs,mechanism,origlogs_mechanism,frozen_lake,31,original,7,20,9,0.45,True
origlogs,mechanism,origlogs_mechanism,frozen_lake,31,original,8,20,11,0.55,True
origlogs,mechanism,origlogs_mechanism,frozen_lake,31,updated,1,20,8,0.4,True
origlogs,mechanism,origlogs_mechanism,frozen_lake,31,updated,2,20,4,0.2,True
origlogs,mechanism,origlogs_mechanism,frozen_lake,31,updated,3,20,4,0.2,True
origlogs,mechanism,origlogs_mechanism,frozen_lake,31,updated,4,20,9,0.45,True
origlogs,mechanism,origlogs_mechanism,frozen_lake,31,updated,5,20,8,0.4,True
origlogs,mechanism,origlogs_mechanism,frozen_lake,31,updated,6,20,9,0.45,True
origlogs,mechanism,origlogs_mechanism,frozen_lake,31,updated,7,20,8,0.4,True
origlogs,mechanism,origlogs_mechanism,frozen_lake,31,updated,8,20,9,0.45,True
origlogs,mechanism,origlogs_mechanism,frozen_lake,32,original,1,20,5,0.25,True
origlogs,mechanism,origlogs_mechanism,frozen_lake,32,original,2,20,2,0.1,True
origlogs,mechanism,origlogs_mechanism,frozen_lake,32,original,3,20,4,0.2,True
origlogs,mechanism,origlogs_mechanism,frozen_lake,32,original,4,20,4,0.2,True
origlogs,mechanism,origlogs_mechanism,frozen_lake,32,original,5,20,4,0.2,True
origlogs,mechanism,origlogs_mechanism,frozen_lake,32,original,6,20,4,0.2,True
origlogs,mechanism,origlogs_mechanism,frozen_lake,32,original,7,20,5,0.25,True
origlogs,mechanism,origlogs_mechanism,frozen_lake,32,original,8,20,4,0.2,True
origlogs,mechanism,origlogs_mechanism,frozen_lake,32,updated,1,20,11,0.55,True
origlogs,mechanism,origlogs_mechanism,frozen_lake,32,updated,2,20,7,0.35,True
origlogs,mechanism,origlogs_mechanism,frozen_lake,32,updated,3,20,6,0.3,True
origlogs,mechanism,origlogs_mechanism,frozen_lake,32,updated,4,20,7,0.35,True
origlogs,mechanism,origlogs_mechanism,frozen_lake,32,updated,5,20,4,0.2,True
origlogs,mechanism,origlogs_mechanism,frozen_lake,32,updated,6,20,11,0.55,True
origlogs,mechanism,origlogs_mechanism,frozen_lake,32,updated,7,20,3,0.15,True
origlogs,mechanism,origlogs_mechanism,frozen_lake,32,updated,8,20,5,0.25,True
origlogs,mechanism,origlogs_mechanism,frozen_lake,33,original,1,20,9,0.45,True
origlogs,mechanism,origlogs_mechanism,frozen_lake,33,original,2,20,11,0.55,True
origlogs,mechanism,origlogs_mechanism,frozen_lake,33,original,3,20,10,0.5,True
origlogs,mechanism,origlogs_mechanism,frozen_lake,33,original,4,20,10,0.5,True
origlogs,mechanism,origlogs_mechanism,frozen_lake,33,original,5,20,9,0.45,True
origlogs,mechanism,origlogs_mechanism,frozen_lake,33,original,6,20,10,0.5,True
origlogs,mechanism,origlogs_mechanism,frozen_lake,33,original,7,20,11,0.55,True
origlogs,mechanism,origlogs_mechanism,frozen_lake,33,original,8,20,12,0.6,True
origlogs,mechanism,origlogs_mechanism,frozen_lake,33,updated,1,20,8,0.4,True
origlogs,mechanism,origlogs_mechanism,frozen_lake,33,updated,2,20,4,0.2,True
origlogs,mechanism,origlogs_mechanism,frozen_lake,33,updated,3,20,12,0.6,True
origlogs,mechanism,origlogs_mechanism,frozen_lake,33,updated,4,20,7,0.35,True
origlogs,mechanism,origlogs_mechanism,frozen_lake,33,updated,5,20,7,0.35,True
origlogs,mechanism,origlogs_mechanism,frozen_lake,33,updated,6,20,10,0.5,True
origlogs,mechanism,origlogs_mechanism,frozen_lake,33,updated,7,20,12,0.6,True
origlogs,mechanism,origlogs_mechanism,frozen_lake,33,updated,8,20,4,0.2,True
origlogs,mechanism,origlogs_mechanism,frozen_lake,34,original,1,20,10,0.5,True
origlogs,mechanism,origlogs_mechanism,frozen_lake,34,original,2,20,12,0.6,True
origlogs,mechanism,origlogs_mechanism,frozen_lake,34,original,3,20,11,0.55,True
origlogs,mechanism,origlogs_mechanism,frozen_lake,34,original,4,20,14,0.7,True
origlogs,mechanism,origlogs_mechanism,frozen_lake,34,original,5,20,10,0.5,True
origlogs,mechanism,origlogs_mechanism,frozen_lake,34,original,6,20,11,0.55,True
origlogs,mechanism,origlogs_mechanism,frozen_lake,34,original,7,20,11,0.55,True
origlogs,mechanism,origlogs_mechanism,frozen_lake,34,original,8,20,11,0.55,True
origlogs,mechanism,origlogs_mechanism,frozen_lake,34,updated,1,20,10,0.5,True
origlogs,mechanism,origlogs_mechanism,frozen_lake,34,updated,2,20,10,0.5,True
origlogs,mechanism,origlogs_mechanism,frozen_lake,34,updated,3,20,11,0.55,True
origlogs,mechanism,origlogs_mechanism,frozen_lake,34,updated,4,20,10,0.5,True
origlogs,mechanism,origlogs_mechanism,frozen_lake,34,updated,5,20,14,0.7,True
origlogs,mechanism,origlogs_mechanism,frozen_lake,34,updated,6,20,10,0.5,True
origlogs,mechanism,origlogs_mechanism,frozen_lake,34,updated,7,20,9,0.45,True
origlogs,mechanism,origlogs_mechanism,frozen_lake,34,updated,8,20,9,0.45,True
origlogs,mechanism,origlogs_mechanism,frozen_lake,35,original,1,20,10,0.5,True
origlogs,mechanism,origlogs_mechanism,frozen_lake,35,original,2,20,9,0.45,True
origlogs,mechanism,origlogs_mechanism,frozen_lake,35,original,3,20,11,0.55,True
origlogs,mechanism,origlogs_mechanism,frozen_lake,35,original,4,20,11,0.55,True
origlogs,mechanism,origlogs_mechanism,frozen_lake,35,original,5,20,10,0.5,True
origlogs,mechanism,origlogs_mechanism,frozen_lake,35,original,6,20,11,0.55,True
origlogs,mechanism,origlogs_mechanism,frozen_lake,35,original,7,20,12,0.6,True
origlogs,mechanism,origlogs_mechanism,frozen_lake,35,original,8,20,9,0.45,True
origlogs,mechanism,origlogs_mechanism,frozen_lake,35,updated,1,20,5,0.25,True
origlogs,mechanism,origlogs_mechanism,frozen_lake,35,updated,2,20,8,0.4,True
origlogs,mechanism,origlogs_mechanism,frozen_lake,35,updated,3,20,10,0.5,True
origlogs,mechanism,origlogs_mechanism,frozen_lake,35,updated,4,20,9,0.45,True
origlogs,mechanism,origlogs_mechanism,frozen_lake,35,updated,5,20,11,0.55,True
origlogs,mechanism,origlogs_mechanism,frozen_lake,35,updated,6,20,5,0.25,True
origlogs,mechanism,origlogs_mechanism,frozen_lake,35,updated,7,20,8,0.4,True
origlogs,mechanism,origlogs_mechanism,frozen_lake,35,updated,8,20,11,0.55,True
origlogs,mechanism,origlogs_mechanism,frozen_lake,36,original,1,20,11,0.55,True
origlogs,mechanism,origlogs_mechanism,frozen_lake,36,original,2,20,11,0.55,True
origlogs,mechanism,origlogs_mechanism,frozen_lake,36,original,3,20,13,0.65,True
origlogs,mechanism,origlogs_mechanism,frozen_lake,36,original,4,20,13,0.65,True
origlogs,mechanism,origlogs_mechanism,frozen_lake,36,original,5,20,11,0.55,True
origlogs,mechanism,origlogs_mechanism,frozen_lake,36,original,6,20,12,0.6,True
origlogs,mechanism,origlogs_mechanism,frozen_lake,36,original,7,20,10,0.5,True
origlogs,mechanism,origlogs_mechanism,frozen_lake,36,original,8,20,9,0.45,True
origlogs,mechanism,origlogs_mechanism,frozen_lake,36,updated,1,20,10,0.5,True
origlogs,mechanism,origlogs_mechanism,frozen_lake,36,updated,2,20,12,0.6,True
origlogs,mechanism,origlogs_mechanism,frozen_lake,36,updated,3,20,14,0.7,True
origlogs,mechanism,origlogs_mechanism,frozen_lake,36,updated,4,20,12,0.6,True
origlogs,mechanism,origlogs_mechanism,frozen_lake,36,updated,5,20,9,0.45,True
origlogs,mechanism,origlogs_mechanism,frozen_lake,36,updated,6,20,11,0.55,True
origlogs,mechanism,origlogs_mechanism,frozen_lake,36,updated,7,20,13,0.65,True
origlogs,mechanism,origlogs_mechanism,frozen_lake,36,updated,8,20,11,0.55,True
origlogs,mechanism,origlogs_mechanism,frozen_lake,37,original,1,20,10,0.5,True
origlogs,mechanism,origlogs_mechanism,frozen_lake,37,original,2,20,9,0.45,True
origlogs,mechanism,origlogs_mechanism,frozen_lake,37,original,3,20,12,0.6,True
origlogs,mechanism,origlogs_mechanism,frozen_lake,37,original,4,20,11,0.55,True
origlogs,mechanism,origlogs_mechanism,frozen_lake,37,original,5,20,9,0.45,True
origlogs,mechanism,origlogs_mechanism,frozen_lake,37,original,6,20,10,0.5,True
origlogs,mechanism,origlogs_mechanism,frozen_lake,37,original,7,20,11,0.55,True
origlogs,mechanism,origlogs_mechanism,frozen_lake,37,original,8,20,9,0.45,True
origlogs,mechanism,origlogs_mechanism,frozen_lake,37,updated,1,20,10,0.5,True
origlogs,mechanism,origlogs_mechanism,frozen_lake,37,updated,2,20,12,0.6,True
origlogs,mechanism,origlogs_mechanism,frozen_lake,37,updated,3,20,8,0.4,True
origlogs,mechanism,origlogs_mechanism,frozen_lake,37,updated,4,20,13,0.65,True
origlogs,mechanism,origlogs_mechanism,frozen_lake,37,updated,5,20,8,0.4,True
origlogs,mechanism,origlogs_mechanism,frozen_lake,37,updated,6,20,9,0.45,True
origlogs,mechanism,origlogs_mechanism,frozen_lake,37,updated,7,20,9,0.45,True
origlogs,mechanism,origlogs_mechanism,frozen_lake,37,updated,8,20,8,0.4,True
origlogs,mechanism,origlogs_mechanism,frozen_lake,38,original,1,20,8,0.4,True
origlogs,mechanism,origlogs_mechanism,frozen_lake,38,original,2,20,6,0.3,True
origlogs,mechanism,origlogs_mechanism,frozen_lake,38,original,3,20,7,0.35,True
origlogs,mechanism,origlogs_mechanism,frozen_lake,38,original,4,20,4,0.2,True
origlogs,mechanism,origlogs_mechanism,frozen_lake,38,original,5,20,7,0.35,True
origlogs,mechanism,origlogs_mechanism,frozen_lake,38,original,6,20,4,0.2,True
origlogs,mechanism,origlogs_mechanism,frozen_lake,38,original,7,20,5,0.25,True
origlogs,mechanism,origlogs_mechanism,frozen_lake,38,original,8,20,5,0.25,True
origlogs,mechanism,origlogs_mechanism,frozen_lake,38,updated,1,20,6,0.3,True
origlogs,mechanism,origlogs_mechanism,frozen_lake,38,updated,2,20,4,0.2,True
origlogs,mechanism,origlogs_mechanism,frozen_lake,38,updated,3,20,5,0.25,True
origlogs,mechanism,origlogs_mechanism,frozen_lake,38,updated,4,20,6,0.3,True
origlogs,mechanism,origlogs_mechanism,frozen_lake,38,updated,5,20,6,0.3,True
origlogs,mechanism,origlogs_mechanism,frozen_lake,38,updated,6,20,6,0.3,True
origlogs,mechanism,origlogs_mechanism,frozen_lake,38,updated,7,20,8,0.4,True
origlogs,mechanism,origlogs_mechanism,frozen_lake,38,updated,8,20,6,0.3,True
origlogs,mechanism,origlogs_mechanism,frozen_lake,39,original,1,20,8,0.4,True
origlogs,mechanism,origlogs_mechanism,frozen_lake,39,original,2,20,7,0.35,True
origlogs,mechanism,origlogs_mechanism,frozen_lake,39,original,3,20,7,0.35,True
origlogs,mechanism,origlogs_mechanism,frozen_lake,39,original,4,20,7,0.35,True
origlogs,mechanism,origlogs_mechanism,frozen_lake,39,original,5,20,8,0.4,True
origlogs,mechanism,origlogs_mechanism,frozen_lake,39,original,6,20,8,0.4,True
origlogs,mechanism,origlogs_mechanism,frozen_lake,39,original,7,20,8,0.4,True
origlogs,mechanism,origlogs_mechanism,frozen_lake,39,original,8,20,6,0.3,True
origlogs,mechanism,origlogs_mechanism,frozen_lake,39,updated,1,20,7,0.35,True
origlogs,mechanism,origlogs_mechanism,frozen_lake,39,updated,2,20,6,0.3,True
origlogs,mechanism,origlogs_mechanism,frozen_lake,39,updated,3,20,7,0.35,True
origlogs,mechanism,origlogs_mechanism,frozen_lake,39,updated,4,20,4,0.2,True
origlogs,mechanism,origlogs_mechanism,frozen_lake,39,updated,5,20,7,0.35,True
origlogs,mechanism,origlogs_mechanism,frozen_lake,39,updated,6,20,6,0.3,True
origlogs,mechanism,origlogs_mechanism,frozen_lake,39,updated,7,20,10,0.5,True
origlogs,mechanism,origlogs_mechanism,frozen_lake,39,updated,8,20,7,0.35,True
origlogs,mechanism,origlogs_mechanism,frozen_lake,40,original,1,20,9,0.45,True
origlogs,mechanism,origlogs_mechanism,frozen_lake,40,original,2,20,8,0.4,True
origlogs,mechanism,origlogs_mechanism,frozen_lake,40,original,3,20,8,0.4,True
origlogs,mechanism,origlogs_mechanism,frozen_lake,40,original,4,20,6,0.3,True
origlogs,mechanism,origlogs_mechanism,frozen_lake,40,original,5,20,7,0.35,True
origlogs,mechanism,origlogs_mechanism,frozen_lake,40,original,6,20,8,0.4,True
origlogs,mechanism,origlogs_mechanism,frozen_lake,40,original,7,20,9,0.45,True
origlogs,mechanism,origlogs_mechanism,frozen_lake,40,original,8,20,8,0.4,True
origlogs,mechanism,origlogs_mechanism,frozen_lake,40,updated,1,20,9,0.45,True
origlogs,mechanism,origlogs_mechanism,frozen_lake,40,updated,2,20,10,0.5,True
origlogs,mechanism,origlogs_mechanism,frozen_lake,40,updated,3,20,6,0.3,True
origlogs,mechanism,origlogs_mechanism,frozen_lake,40,updated,4,20,5,0.25,True
origlogs,mechanism,origlogs_mechanism,frozen_lake,40,updated,5,20,8,0.4,True
origlogs,mechanism,origlogs_mechanism,frozen_lake,40,updated,6,20,7,0.35,True
origlogs,mechanism,origlogs_mechanism,frozen_lake,40,updated,7,20,3,0.15,True
origlogs,mechanism,origlogs_mechanism,frozen_lake,40,updated,8,20,7,0.35,True
origlogs,mechanism,origlogs_mechanism,sokoban,1,original,1,20,7,0.35,True
origlogs,mechanism,origlogs_mechanism,sokoban,1,original,2,20,7,0.35,True
origlogs,mechanism,origlogs_mechanism,sokoban,1,original,3,20,8,0.4,True
origlogs,mechanism,origlogs_mechanism,sokoban,1,original,4,20,7,0.35,True
origlogs,mechanism,origlogs_mechanism,sokoban,1,original,5,20,8,0.4,True
origlogs,mechanism,origlogs_mechanism,sokoban,1,original,6,20,8,0.4,True
origlogs,mechanism,origlogs_mechanism,sokoban,1,original,7,20,8,0.4,True
origlogs,mechanism,origlogs_mechanism,sokoban,1,original,8,20,8,0.4,True
origlogs,mechanism,origlogs_mechanism,sokoban,1,updated,1,20,7,0.35,True
origlogs,mechanism,origlogs_mechanism,sokoban,1,updated,2,20,9,0.45,True
origlogs,mechanism,origlogs_mechanism,sokoban,1,updated,3,20,5,0.25,True
origlogs,mechanism,origlogs_mechanism,sokoban,1,updated,4,20,10,0.5,True
origlogs,mechanism,origlogs_mechanism,sokoban,1,updated,5,20,5,0.25,True
origlogs,mechanism,origlogs_mechanism,sokoban,1,updated,6,20,7,0.35,True
origlogs,mechanism,origlogs_mechanism,sokoban,1,updated,7,20,5,0.25,True
origlogs,mechanism,origlogs_mechanism,sokoban,1,updated,8,20,8,0.4,True
origlogs,mechanism,origlogs_mechanism,sokoban,2,original,1,20,7,0.35,True
origlogs,mechanism,origlogs_mechanism,sokoban,2,original,2,20,8,0.4,True
origlogs,mechanism,origlogs_mechanism,sokoban,2,original,3,20,9,0.45,True
origlogs,mechanism,origlogs_mechanism,sokoban,2,original,4,20,6,0.3,True
origlogs,mechanism,origlogs_mechanism,sokoban,2,original,5,20,7,0.35,True
origlogs,mechanism,origlogs_mechanism,sokoban,2,original,6,20,7,0.35,True
origlogs,mechanism,origlogs_mechanism,sokoban,2,original,7,20,7,0.35,True
origlogs,mechanism,origlogs_mechanism,sokoban,2,original,8,20,4,0.2,True
origlogs,mechanism,origlogs_mechanism,sokoban,2,updated,1,20,8,0.4,True
origlogs,mechanism,origlogs_mechanism,sokoban,2,updated,2,20,10,0.5,True
origlogs,mechanism,origlogs_mechanism,sokoban,2,updated,3,20,8,0.4,True
origlogs,mechanism,origlogs_mechanism,sokoban,2,updated,4,20,12,0.6,True
origlogs,mechanism,origlogs_mechanism,sokoban,2,updated,5,20,7,0.35,True
origlogs,mechanism,origlogs_mechanism,sokoban,2,updated,6,20,7,0.35,True
origlogs,mechanism,origlogs_mechanism,sokoban,2,updated,7,20,13,0.65,True
origlogs,mechanism,origlogs_mechanism,sokoban,2,updated,8,20,11,0.55,True
origlogs,mechanism,origlogs_mechanism,sokoban,3,original,1,20,9,0.45,True
origlogs,mechanism,origlogs_mechanism,sokoban,3,original,2,20,8,0.4,True
origlogs,mechanism,origlogs_mechanism,sokoban,3,original,3,20,9,0.45,True
origlogs,mechanism,origlogs_mechanism,sokoban,3,original,4,20,9,0.45,True
origlogs,mechanism,origlogs_mechanism,sokoban,3,original,5,20,3,0.15,True
origlogs,mechanism,origlogs_mechanism,sokoban,3,original,6,20,6,0.3,True
origlogs,mechanism,origlogs_mechanism,sokoban,3,original,7,20,6,0.3,True
origlogs,mechanism,origlogs_mechanism,sokoban,3,original,8,20,7,0.35,True
origlogs,mechanism,origlogs_mechanism,sokoban,3,updated,1,20,6,0.3,True
origlogs,mechanism,origlogs_mechanism,sokoban,3,updated,2,20,8,0.4,True
origlogs,mechanism,origlogs_mechanism,sokoban,3,updated,3,20,7,0.35,True
origlogs,mechanism,origlogs_mechanism,sokoban,3,updated,4,20,6,0.3,True
origlogs,mechanism,origlogs_mechanism,sokoban,3,updated,5,20,5,0.25,True
origlogs,mechanism,origlogs_mechanism,sokoban,3,updated,6,20,4,0.2,True
origlogs,mechanism,origlogs_mechanism,sokoban,3,updated,7,20,7,0.35,True
origlogs,mechanism,origlogs_mechanism,sokoban,3,updated,8,20,5,0.25,True
origlogs,mechanism,origlogs_mechanism,sokoban,4,original,1,20,7,0.35,True
origlogs,mechanism,origlogs_mechanism,sokoban,4,original,2,20,7,0.35,True
origlogs,mechanism,origlogs_mechanism,sokoban,4,original,3,20,10,0.5,True
origlogs,mechanism,origlogs_mechanism,sokoban,4,original,4,20,6,0.3,True
origlogs,mechanism,origlogs_mechanism,sokoban,4,original,5,20,8,0.4,True
origlogs,mechanism,origlogs_mechanism,sokoban,4,original,6,20,6,0.3,True
origlogs,mechanism,origlogs_mechanism,sokoban,4,original,7,20,6,0.3,True
origlogs,mechanism,origlogs_mechanism,sokoban,4,original,8,20,5,0.25,True
origlogs,mechanism,origlogs_mechanism,sokoban,4,updated,1,20,6,0.3,True
origlogs,mechanism,origlogs_mechanism,sokoban,4,updated,2,20,8,0.4,True
origlogs,mechanism,origlogs_mechanism,sokoban,4,updated,3,20,6,0.3,True
origlogs,mechanism,origlogs_mechanism,sokoban,4,updated,4,20,6,0.3,True
origlogs,mechanism,origlogs_mechanism,sokoban,4,updated,5,20,5,0.25,True
origlogs,mechanism,origlogs_mechanism,sokoban,4,updated,6,20,6,0.3,True
origlogs,mechanism,origlogs_mechanism,sokoban,4,updated,7,20,4,0.2,True
origlogs,mechanism,origlogs_mechanism,sokoban,4,updated,8,20,4,0.2,True
origlogs,mechanism,origlogs_mechanism,sokoban,5,original,1,20,9,0.45,True
origlogs,mechanism,origlogs_mechanism,sokoban,5,original,2,20,8,0.4,True
origlogs,mechanism,origlogs_mechanism,sokoban,5,original,3,20,10,0.5,True
origlogs,mechanism,origlogs_mechanism,sokoban,5,original,4,20,6,0.3,True
origlogs,mechanism,origlogs_mechanism,sokoban,5,original,5,20,7,0.35,True
origlogs,mechanism,origlogs_mechanism,sokoban,5,original,6,20,7,0.35,True
origlogs,mechanism,origlogs_mechanism,sokoban,5,original,7,20,5,0.25,True
origlogs,mechanism,origlogs_mechanism,sokoban,5,original,8,20,6,0.3,True
origlogs,mechanism,origlogs_mechanism,sokoban,5,updated,1,20,4,0.2,True
origlogs,mechanism,origlogs_mechanism,sokoban,5,updated,2,20,8,0.4,True
origlogs,mechanism,origlogs_mechanism,sokoban,5,updated,3,20,7,0.35,True
origlogs,mechanism,origlogs_mechanism,sokoban,5,updated,4,20,8,0.4,True
origlogs,mechanism,origlogs_mechanism,sokoban,5,updated,5,20,9,0.45,True
origlogs,mechanism,origlogs_mechanism,sokoban,5,updated,6,20,7,0.35,True
origlogs,mechanism,origlogs_mechanism,sokoban,5,updated,7,20,13,0.65,True
origlogs,mechanism,origlogs_mechanism,sokoban,5,updated,8,20,7,0.35,True
origlogs,mechanism,origlogs_mechanism,sokoban,6,original,1,20,6,0.3,True
origlogs,mechanism,origlogs_mechanism,sokoban,6,original,2,20,8,0.4,True
origlogs,mechanism,origlogs_mechanism,sokoban,6,original,3,20,5,0.25,True
origlogs,mechanism,origlogs_mechanism,sokoban,6,original,4,20,7,0.35,True
origlogs,mechanism,origlogs_mechanism,sokoban,6,original,5,20,7,0.35,True
origlogs,mechanism,origlogs_mechanism,sokoban,6,original,6,20,8,0.4,True
origlogs,mechanism,origlogs_mechanism,sokoban,6,original,7,20,5,0.25,True
origlogs,mechanism,origlogs_mechanism,sokoban,6,original,8,20,7,0.35,True
origlogs,mechanism,origlogs_mechanism,sokoban,6,updated,1,20,6,0.3,True
origlogs,mechanism,origlogs_mechanism,sokoban,6,updated,2,20,8,0.4,True
origlogs,mechanism,origlogs_mechanism,sokoban,6,updated,3,20,7,0.35,True
origlogs,mechanism,origlogs_mechanism,sokoban,6,updated,4,20,8,0.4,True
origlogs,mechanism,origlogs_mechanism,sokoban,6,updated,5,20,7,0.35,True
origlogs,mechanism,origlogs_mechanism,sokoban,6,updated,6,20,6,0.3,True
origlogs,mechanism,origlogs_mechanism,sokoban,6,updated,7,20,8,0.4,True
origlogs,mechanism,origlogs_mechanism,sokoban,6,updated,8,20,4,0.2,True
origlogs,mechanism,origlogs_mechanism,sokoban,7,original,1,20,8,0.4,True
origlogs,mechanism,origlogs_mechanism,sokoban,7,original,2,20,7,0.35,True
origlogs,mechanism,origlogs_mechanism,sokoban,7,original,3,20,6,0.3,True
origlogs,mechanism,origlogs_mechanism,sokoban,7,original,4,20,5,0.25,True
origlogs,mechanism,origlogs_mechanism,sokoban,7,original,5,20,8,0.4,True
origlogs,mechanism,origlogs_mechanism,sokoban,7,original,6,20,7,0.35,True
origlogs,mechanism,origlogs_mechanism,sokoban,7,original,7,20,7,0.35,True
origlogs,mechanism,origlogs_mechanism,sokoban,7,original,8,20,8,0.4,True
origlogs,mechanism,origlogs_mechanism,sokoban,7,updated,1,20,5,0.25,True
origlogs,mechanism,origlogs_mechanism,sokoban,7,updated,2,20,7,0.35,True
origlogs,mechanism,origlogs_mechanism,sokoban,7,updated,3,20,7,0.35,True
origlogs,mechanism,origlogs_mechanism,sokoban,7,updated,4,20,7,0.35,True
origlogs,mechanism,origlogs_mechanism,sokoban,7,updated,5,20,6,0.3,True
origlogs,mechanism,origlogs_mechanism,sokoban,7,updated,6,20,9,0.45,True
origlogs,mechanism,origlogs_mechanism,sokoban,7,updated,7,20,7,0.35,True
origlogs,mechanism,origlogs_mechanism,sokoban,7,updated,8,20,6,0.3,True
origlogs,mechanism,origlogs_mechanism,sokoban,8,original,1,20,6,0.3,True
origlogs,mechanism,origlogs_mechanism,sokoban,8,original,2,20,8,0.4,True
origlogs,mechanism,origlogs_mechanism,sokoban,8,original,3,20,8,0.4,True
origlogs,mechanism,origlogs_mechanism,sokoban,8,original,4,20,10,0.5,True
origlogs,mechanism,origlogs_mechanism,sokoban,8,original,5,20,7,0.35,True
origlogs,mechanism,origlogs_mechanism,sokoban,8,original,6,20,8,0.4,True
origlogs,mechanism,origlogs_mechanism,sokoban,8,original,7,20,8,0.4,True
origlogs,mechanism,origlogs_mechanism,sokoban,8,original,8,20,5,0.25,True
origlogs,mechanism,origlogs_mechanism,sokoban,8,updated,1,20,8,0.4,True
origlogs,mechanism,origlogs_mechanism,sokoban,8,updated,2,20,7,0.35,True
origlogs,mechanism,origlogs_mechanism,sokoban,8,updated,3,20,6,0.3,True
origlogs,mechanism,origlogs_mechanism,sokoban,8,updated,4,20,8,0.4,True
origlogs,mechanism,origlogs_mechanism,sokoban,8,updated,5,20,7,0.35,True
origlogs,mechanism,origlogs_mechanism,sokoban,8,updated,6,20,6,0.3,True
origlogs,mechanism,origlogs_mechanism,sokoban,8,updated,7,20,7,0.35,True
origlogs,mechanism,origlogs_mechanism,sokoban,8,updated,8,20,9,0.45,True
origlogs,mechanism,origlogs_mechanism,sokoban,9,original,1,20,6,0.3,True
origlogs,mechanism,origlogs_mechanism,sokoban,9,original,2,20,6,0.3,True
origlogs,mechanism,origlogs_mechanism,sokoban,9,original,3,20,9,0.45,True
origlogs,mechanism,origlogs_mechanism,sokoban,9,original,4,20,4,0.2,True
origlogs,mechanism,origlogs_mechanism,sokoban,9,original,5,20,11,0.55,True
origlogs,mechanism,origlogs_mechanism,sokoban,9,original,6,20,9,0.45,True
origlogs,mechanism,origlogs_mechanism,sokoban,9,original,7,20,7,0.35,True
origlogs,mechanism,origlogs_mechanism,sokoban,9,original,8,20,9,0.45,True
origlogs,mechanism,origlogs_mechanism,sokoban,9,updated,1,20,6,0.3,True
origlogs,mechanism,origlogs_mechanism,sokoban,9,updated,2,20,6,0.3,True
origlogs,mechanism,origlogs_mechanism,sokoban,9,updated,3,20,8,0.4,True
origlogs,mechanism,origlogs_mechanism,sokoban,9,updated,4,20,6,0.3,True
origlogs,mechanism,origlogs_mechanism,sokoban,9,updated,5,20,8,0.4,True
origlogs,mechanism,origlogs_mechanism,sokoban,9,updated,6,20,6,0.3,True
origlogs,mechanism,origlogs_mechanism,sokoban,9,updated,7,20,6,0.3,True
origlogs,mechanism,origlogs_mechanism,sokoban,9,updated,8,20,9,0.45,True
origlogs,mechanism,origlogs_mechanism,sokoban,10,original,1,20,6,0.3,True
origlogs,mechanism,origlogs_mechanism,sokoban,10,original,2,20,8,0.4,True
origlogs,mechanism,origlogs_mechanism,sokoban,10,original,3,20,8,0.4,True
origlogs,mechanism,origlogs_mechanism,sokoban,10,original,4,20,7,0.35,True
origlogs,mechanism,origlogs_mechanism,sokoban,10,original,5,20,5,0.25,True
origlogs,mechanism,origlogs_mechanism,sokoban,10,original,6,20,5,0.25,True
origlogs,mechanism,origlogs_mechanism,sokoban,10,original,7,20,7,0.35,True
origlogs,mechanism,origlogs_mechanism,sokoban,10,original,8,20,6,0.3,True
origlogs,mechanism,origlogs_mechanism,sokoban,10,updated,1,20,5,0.25,True
origlogs,mechanism,origlogs_mechanism,sokoban,10,updated,2,20,6,0.3,True
origlogs,mechanism,origlogs_mechanism,sokoban,10,updated,3,20,6,0.3,True
origlogs,mechanism,origlogs_mechanism,sokoban,10,updated,4,20,9,0.45,True
origlogs,mechanism,origlogs_mechanism,sokoban,10,updated,5,20,8,0.4,True
origlogs,mechanism,origlogs_mechanism,sokoban,10,updated,6,20,6,0.3,True
origlogs,mechanism,origlogs_mechanism,sokoban,10,updated,7,20,7,0.35,True
origlogs,mechanism,origlogs_mechanism,sokoban,10,updated,8,20,6,0.3,True
origlogs,mechanism,origlogs_mechanism,sokoban,11,original,1,20,6,0.3,True
origlogs,mechanism,origlogs_mechanism,sokoban,11,original,2,20,6,0.3,True
origlogs,mechanism,origlogs_mechanism,sokoban,11,original,3,20,8,0.4,True
origlogs,mechanism,origlogs_mechanism,sokoban,11,original,4,20,6,0.3,True
origlogs,mechanism,origlogs_mechanism,sokoban,11,original,5,20,8,0.4,True
origlogs,mechanism,origlogs_mechanism,sokoban,11,original,6,20,8,0.4,True
origlogs,mechanism,origlogs_mechanism,sokoban,11,original,7,20,9,0.45,True
origlogs,mechanism,origlogs_mechanism,sokoban,11,original,8,20,4,0.2,True
origlogs,mechanism,origlogs_mechanism,sokoban,11,updated,1,20,6,0.3,True
origlogs,mechanism,origlogs_mechanism,sokoban,11,updated,2,20,5,0.25,True
origlogs,mechanism,origlogs_mechanism,sokoban,11,updated,3,20,9,0.45,True
origlogs,mechanism,origlogs_mechanism,sokoban,11,updated,4,20,7,0.35,True
origlogs,mechanism,origlogs_mechanism,sokoban,11,updated,5,20,5,0.25,True
origlogs,mechanism,origlogs_mechanism,sokoban,11,updated,6,20,5,0.25,True
origlogs,mechanism,origlogs_mechanism,sokoban,11,updated,7,20,8,0.4,True
origlogs,mechanism,origlogs_mechanism,sokoban,11,updated,8,20,5,0.25,True
origlogs,mechanism,origlogs_mechanism,sokoban,12,original,1,20,7,0.35,True
origlogs,mechanism,origlogs_mechanism,sokoban,12,original,2,20,8,0.4,True
origlogs,mechanism,origlogs_mechanism,sokoban,12,original,3,20,9,0.45,True
origlogs,mechanism,origlogs_mechanism,sokoban,12,original,4,20,6,0.3,True
origlogs,mechanism,origlogs_mechanism,sokoban,12,original,5,20,7,0.35,True
origlogs,mechanism,origlogs_mechanism,sokoban,12,original,6,20,6,0.3,True
origlogs,mechanism,origlogs_mechanism,sokoban,12,original,7,20,9,0.45,True
origlogs,mechanism,origlogs_mechanism,sokoban,12,original,8,20,5,0.25,True
origlogs,mechanism,origlogs_mechanism,sokoban,12,updated,1,20,8,0.4,True
origlogs,mechanism,origlogs_mechanism,sokoban,12,updated,2,20,4,0.2,True
origlogs,mechanism,origlogs_mechanism,sokoban,12,updated,3,20,7,0.35,True
origlogs,mechanism,origlogs_mechanism,sokoban,12,updated,4,20,6,0.3,True
origlogs,mechanism,origlogs_mechanism,sokoban,12,updated,5,20,8,0.4,True
origlogs,mechanism,origlogs_mechanism,sokoban,12,updated,6,20,6,0.3,True
origlogs,mechanism,origlogs_mechanism,sokoban,12,updated,7,20,8,0.4,True
origlogs,mechanism,origlogs_mechanism,sokoban,12,updated,8,20,7,0.35,True
origlogs,mechanism,origlogs_mechanism,sokoban,13,original,1,20,10,0.5,True
origlogs,mechanism,origlogs_mechanism,sokoban,13,original,2,20,8,0.4,True
origlogs,mechanism,origlogs_mechanism,sokoban,13,original,3,20,8,0.4,True
origlogs,mechanism,origlogs_mechanism,sokoban,13,original,4,20,6,0.3,True
origlogs,mechanism,origlogs_mechanism,sokoban,13,original,5,20,6,0.3,True
origlogs,mechanism,origlogs_mechanism,sokoban,13,original,6,20,9,0.45,True
origlogs,mechanism,origlogs_mechanism,sokoban,13,original,7,20,5,0.25,True
origlogs,mechanism,origlogs_mechanism,sokoban,13,original,8,20,7,0.35,True
origlogs,mechanism,origlogs_mechanism,sokoban,13,updated,1,20,7,0.35,True
origlogs,mechanism,origlogs_mechanism,sokoban,13,updated,2,20,8,0.4,True
origlogs,mechanism,origlogs_mechanism,sokoban,13,updated,3,20,7,0.35,True
origlogs,mechanism,origlogs_mechanism,sokoban,13,updated,4,20,6,0.3,True
origlogs,mechanism,origlogs_mechanism,sokoban,13,updated,5,20,2,0.1,True
origlogs,mechanism,origlogs_mechanism,sokoban,13,updated,6,20,7,0.35,True
origlogs,mechanism,origlogs_mechanism,sokoban,13,updated,7,20,14,0.7,True
origlogs,mechanism,origlogs_mechanism,sokoban,13,updated,8,20,9,0.45,True
origlogs,mechanism,origlogs_mechanism,sokoban,14,original,1,20,8,0.4,True
origlogs,mechanism,origlogs_mechanism,sokoban,14,original,2,20,9,0.45,True
origlogs,mechanism,origlogs_mechanism,sokoban,14,original,3,20,8,0.4,True
origlogs,mechanism,origlogs_mechanism,sokoban,14,original,4,20,8,0.4,True
origlogs,mechanism,origlogs_mechanism,sokoban,14,original,5,20,7,0.35,True
origlogs,mechanism,origlogs_mechanism,sokoban,14,original,6,20,7,0.35,True
origlogs,mechanism,origlogs_mechanism,sokoban,14,original,7,20,6,0.3,True
origlogs,mechanism,origlogs_mechanism,sokoban,14,original,8,20,2,0.1,True
origlogs,mechanism,origlogs_mechanism,sokoban,14,updated,1,20,6,0.3,True
origlogs,mechanism,origlogs_mechanism,sokoban,14,updated,2,20,5,0.25,True
origlogs,mechanism,origlogs_mechanism,sokoban,14,updated,3,20,6,0.3,True
origlogs,mechanism,origlogs_mechanism,sokoban,14,updated,4,20,5,0.25,True
origlogs,mechanism,origlogs_mechanism,sokoban,14,updated,5,20,5,0.25,True
origlogs,mechanism,origlogs_mechanism,sokoban,14,updated,6,20,9,0.45,True
origlogs,mechanism,origlogs_mechanism,sokoban,14,updated,7,20,6,0.3,True
origlogs,mechanism,origlogs_mechanism,sokoban,14,updated,8,20,7,0.35,True
origlogs,mechanism,origlogs_mechanism,sokoban,15,original,1,20,8,0.4,True
origlogs,mechanism,origlogs_mechanism,sokoban,15,original,2,20,5,0.25,True
origlogs,mechanism,origlogs_mechanism,sokoban,15,original,3,20,4,0.2,True
origlogs,mechanism,origlogs_mechanism,sokoban,15,original,4,20,8,0.4,True
origlogs,mechanism,origlogs_mechanism,sokoban,15,original,5,20,6,0.3,True
origlogs,mechanism,origlogs_mechanism,sokoban,15,original,6,20,8,0.4,True
origlogs,mechanism,origlogs_mechanism,sokoban,15,original,7,20,6,0.3,True
origlogs,mechanism,origlogs_mechanism,sokoban,15,original,8,20,8,0.4,True
origlogs,mechanism,origlogs_mechanism,sokoban,15,updated,1,20,6,0.3,True
origlogs,mechanism,origlogs_mechanism,sokoban,15,updated,2,20,9,0.45,True
origlogs,mechanism,origlogs_mechanism,sokoban,15,updated,3,20,8,0.4,True
origlogs,mechanism,origlogs_mechanism,sokoban,15,updated,4,20,10,0.5,True
origlogs,mechanism,origlogs_mechanism,sokoban,15,updated,5,20,8,0.4,True
origlogs,mechanism,origlogs_mechanism,sokoban,15,updated,6,20,6,0.3,True
origlogs,mechanism,origlogs_mechanism,sokoban,15,updated,7,20,2,0.1,True
origlogs,mechanism,origlogs_mechanism,sokoban,15,updated,8,20,6,0.3,True
origlogs,mechanism,origlogs_mechanism,sokoban,16,original,1,20,7,0.35,True
origlogs,mechanism,origlogs_mechanism,sokoban,16,original,2,20,10,0.5,True
origlogs,mechanism,origlogs_mechanism,sokoban,16,original,3,20,6,0.3,True
origlogs,mechanism,origlogs_mechanism,sokoban,16,original,4,20,7,0.35,True
origlogs,mechanism,origlogs_mechanism,sokoban,16,original,5,20,7,0.35,True
origlogs,mechanism,origlogs_mechanism,sokoban,16,original,6,20,7,0.35,True
origlogs,mechanism,origlogs_mechanism,sokoban,16,original,7,20,6,0.3,True
origlogs,mechanism,origlogs_mechanism,sokoban,16,original,8,20,11,0.55,True
origlogs,mechanism,origlogs_mechanism,sokoban,16,updated,1,20,7,0.35,True
origlogs,mechanism,origlogs_mechanism,sokoban,16,updated,2,20,7,0.35,True
origlogs,mechanism,origlogs_mechanism,sokoban,16,updated,3,20,6,0.3,True
origlogs,mechanism,origlogs_mechanism,sokoban,16,updated,4,20,8,0.4,True
origlogs,mechanism,origlogs_mechanism,sokoban,16,updated,5,20,8,0.4,True
origlogs,mechanism,origlogs_mechanism,sokoban,16,updated,6,20,8,0.4,True
origlogs,mechanism,origlogs_mechanism,sokoban,16,updated,7,20,8,0.4,True
origlogs,mechanism,origlogs_mechanism,sokoban,16,updated,8,20,5,0.25,True
origlogs,mechanism,origlogs_mechanism,sokoban,17,original,1,20,10,0.5,True
origlogs,mechanism,origlogs_mechanism,sokoban,17,original,2,20,7,0.35,True
origlogs,mechanism,origlogs_mechanism,sokoban,17,original,3,20,8,0.4,True
origlogs,mechanism,origlogs_mechanism,sokoban,17,original,4,20,8,0.4,True
origlogs,mechanism,origlogs_mechanism,sokoban,17,original,5,20,7,0.35,True
origlogs,mechanism,origlogs_mechanism,sokoban,17,original,6,20,6,0.3,True
origlogs,mechanism,origlogs_mechanism,sokoban,17,original,7,20,8,0.4,True
origlogs,mechanism,origlogs_mechanism,sokoban,17,original,8,20,5,0.25,True
origlogs,mechanism,origlogs_mechanism,sokoban,17,updated,1,20,7,0.35,True
origlogs,mechanism,origlogs_mechanism,sokoban,17,updated,2,20,8,0.4,True
origlogs,mechanism,origlogs_mechanism,sokoban,17,updated,3,20,7,0.35,True
origlogs,mechanism,origlogs_mechanism,sokoban,17,updated,4,20,5,0.25,True
origlogs,mechanism,origlogs_mechanism,sokoban,17,updated,5,20,9,0.45,True
origlogs,mechanism,origlogs_mechanism,sokoban,17,updated,6,20,10,0.5,True
origlogs,mechanism,origlogs_mechanism,sokoban,17,updated,7,20,9,0.45,True
origlogs,mechanism,origlogs_mechanism,sokoban,17,updated,8,20,5,0.25,True
origlogs,mechanism,origlogs_mechanism,sokoban,18,original,1,20,5,0.25,True
origlogs,mechanism,origlogs_mechanism,sokoban,18,original,2,20,7,0.35,True
origlogs,mechanism,origlogs_mechanism,sokoban,18,original,3,20,7,0.35,True
origlogs,mechanism,origlogs_mechanism,sokoban,18,original,4,20,7,0.35,True
origlogs,mechanism,origlogs_mechanism,sokoban,18,original,5,20,6,0.3,True
origlogs,mechanism,origlogs_mechanism,sokoban,18,original,6,20,4,0.2,True
origlogs,mechanism,origlogs_mechanism,sokoban,18,original,7,20,7,0.35,True
origlogs,mechanism,origlogs_mechanism,sokoban,18,original,8,20,7,0.35,True
origlogs,mechanism,origlogs_mechanism,sokoban,18,updated,1,20,7,0.35,True
origlogs,mechanism,origlogs_mechanism,sokoban,18,updated,2,20,8,0.4,True
origlogs,mechanism,origlogs_mechanism,sokoban,18,updated,3,20,5,0.25,True
origlogs,mechanism,origlogs_mechanism,sokoban,18,updated,4,20,7,0.35,True
origlogs,mechanism,origlogs_mechanism,sokoban,18,updated,5,20,6,0.3,True
origlogs,mechanism,origlogs_mechanism,sokoban,18,updated,6,20,11,0.55,True
origlogs,mechanism,origlogs_mechanism,sokoban,18,updated,7,20,8,0.4,True
origlogs,mechanism,origlogs_mechanism,sokoban,18,updated,8,20,8,0.4,True
origlogs,mechanism,origlogs_mechanism,sokoban,19,original,1,20,4,0.2,True
origlogs,mechanism,origlogs_mechanism,sokoban,19,original,2,20,7,0.35,True
origlogs,mechanism,origlogs_mechanism,sokoban,19,original,3,20,7,0.35,True
origlogs,mechanism,origlogs_mechanism,sokoban,19,original,4,20,6,0.3,True
origlogs,mechanism,origlogs_mechanism,sokoban,19,original,5,20,7,0.35,True
origlogs,mechanism,origlogs_mechanism,sokoban,19,original,6,20,7,0.35,True
origlogs,mechanism,origlogs_mechanism,sokoban,19,original,7,20,4,0.2,True
origlogs,mechanism,origlogs_mechanism,sokoban,19,original,8,20,8,0.4,True
origlogs,mechanism,origlogs_mechanism,sokoban,19,updated,1,20,6,0.3,True
origlogs,mechanism,origlogs_mechanism,sokoban,19,updated,2,20,5,0.25,True
origlogs,mechanism,origlogs_mechanism,sokoban,19,updated,3,20,6,0.3,True
origlogs,mechanism,origlogs_mechanism,sokoban,19,updated,4,20,6,0.3,True
origlogs,mechanism,origlogs_mechanism,sokoban,19,updated,5,20,9,0.45,True
origlogs,mechanism,origlogs_mechanism,sokoban,19,updated,6,20,7,0.35,True
origlogs,mechanism,origlogs_mechanism,sokoban,19,updated,7,20,6,0.3,True
origlogs,mechanism,origlogs_mechanism,sokoban,19,updated,8,20,5,0.25,True
origlogs,mechanism,origlogs_mechanism,sokoban,20,original,1,20,3,0.15,True
origlogs,mechanism,origlogs_mechanism,sokoban,20,original,2,20,5,0.25,True
origlogs,mechanism,origlogs_mechanism,sokoban,20,original,3,20,5,0.25,True
origlogs,mechanism,origlogs_mechanism,sokoban,20,original,4,20,7,0.35,True
origlogs,mechanism,origlogs_mechanism,sokoban,20,original,5,20,6,0.3,True
origlogs,mechanism,origlogs_mechanism,sokoban,20,original,6,20,5,0.25,True
origlogs,mechanism,origlogs_mechanism,sokoban,20,original,7,20,6,0.3,True
origlogs,mechanism,origlogs_mechanism,sokoban,20,original,8,20,6,0.3,True
origlogs,mechanism,origlogs_mechanism,sokoban,20,updated,1,20,8,0.4,True
origlogs,mechanism,origlogs_mechanism,sokoban,20,updated,2,20,9,0.45,True
origlogs,mechanism,origlogs_mechanism,sokoban,20,updated,3,20,9,0.45,True
origlogs,mechanism,origlogs_mechanism,sokoban,20,updated,4,20,6,0.3,True
origlogs,mechanism,origlogs_mechanism,sokoban,20,updated,5,20,8,0.4,True
origlogs,mechanism,origlogs_mechanism,sokoban,20,updated,6,20,5,0.25,True
origlogs,mechanism,origlogs_mechanism,sokoban,20,updated,7,20,6,0.3,True
origlogs,mechanism,origlogs_mechanism,sokoban,20,updated,8,20,6,0.3,True
origlogs,mechanism,origlogs_mechanism,sokoban,21,original,1,20,5,0.25,True
origlogs,mechanism,origlogs_mechanism,sokoban,21,original,2,20,8,0.4,True
origlogs,mechanism,origlogs_mechanism,sokoban,21,original,3,20,8,0.4,True
origlogs,mechanism,origlogs_mechanism,sokoban,21,original,4,20,6,0.3,True
origlogs,mechanism,origlogs_mechanism,sokoban,21,original,5,20,9,0.45,True
origlogs,mechanism,origlogs_mechanism,sokoban,21,original,6,20,5,0.25,True
origlogs,mechanism,origlogs_mechanism,sokoban,21,original,7,20,5,0.25,True
origlogs,mechanism,origlogs_mechanism,sokoban,21,original,8,20,4,0.2,True
origlogs,mechanism,origlogs_mechanism,sokoban,21,updated,1,20,9,0.45,True
origlogs,mechanism,origlogs_mechanism,sokoban,21,updated,2,20,7,0.35,True
origlogs,mechanism,origlogs_mechanism,sokoban,21,updated,3,20,6,0.3,True
origlogs,mechanism,origlogs_mechanism,sokoban,21,updated,4,20,8,0.4,True
origlogs,mechanism,origlogs_mechanism,sokoban,21,updated,5,20,8,0.4,True
origlogs,mechanism,origlogs_mechanism,sokoban,21,updated,6,20,4,0.2,True
origlogs,mechanism,origlogs_mechanism,sokoban,21,updated,7,20,5,0.25,True
origlogs,mechanism,origlogs_mechanism,sokoban,21,updated,8,20,8,0.4,True
origlogs,mechanism,origlogs_mechanism,sokoban,22,original,1,20,4,0.2,True
origlogs,mechanism,origlogs_mechanism,sokoban,22,original,2,20,5,0.25,True
origlogs,mechanism,origlogs_mechanism,sokoban,22,original,3,20,7,0.35,True
origlogs,mechanism,origlogs_mechanism,sokoban,22,original,4,20,8,0.4,True
origlogs,mechanism,origlogs_mechanism,sokoban,22,original,5,20,5,0.25,True
origlogs,mechanism,origlogs_mechanism,sokoban,22,original,6,20,9,0.45,True
origlogs,mechanism,origlogs_mechanism,sokoban,22,original,7,20,8,0.4,True
origlogs,mechanism,origlogs_mechanism,sokoban,22,original,8,20,9,0.45,True
origlogs,mechanism,origlogs_mechanism,sokoban,22,updated,1,20,6,0.3,True
origlogs,mechanism,origlogs_mechanism,sokoban,22,updated,2,20,5,0.25,True
origlogs,mechanism,origlogs_mechanism,sokoban,22,updated,3,20,5,0.25,True
origlogs,mechanism,origlogs_mechanism,sokoban,22,updated,4,20,9,0.45,True
origlogs,mechanism,origlogs_mechanism,sokoban,22,updated,5,20,6,0.3,True
origlogs,mechanism,origlogs_mechanism,sokoban,22,updated,6,20,5,0.25,True
origlogs,mechanism,origlogs_mechanism,sokoban,22,updated,7,20,7,0.35,True
origlogs,mechanism,origlogs_mechanism,sokoban,22,updated,8,20,7,0.35,True
origlogs,mechanism,origlogs_mechanism,sokoban,23,original,1,20,8,0.4,True
origlogs,mechanism,origlogs_mechanism,sokoban,23,original,2,20,9,0.45,True
origlogs,mechanism,origlogs_mechanism,sokoban,23,original,3,20,8,0.4,True
origlogs,mechanism,origlogs_mechanism,sokoban,23,original,4,20,7,0.35,True
origlogs,mechanism,origlogs_mechanism,sokoban,23,original,5,20,8,0.4,True
origlogs,mechanism,origlogs_mechanism,sokoban,23,original,6,20,4,0.2,True
origlogs,mechanism,origlogs_mechanism,sokoban,23,original,7,20,9,0.45,True
origlogs,mechanism,origlogs_mechanism,sokoban,23,original,8,20,7,0.35,True
origlogs,mechanism,origlogs_mechanism,sokoban,23,updated,1,20,6,0.3,True
origlogs,mechanism,origlogs_mechanism,sokoban,23,updated,2,20,8,0.4,True
origlogs,mechanism,origlogs_mechanism,sokoban,23,updated,3,20,8,0.4,True
origlogs,mechanism,origlogs_mechanism,sokoban,23,updated,4,20,8,0.4,True
origlogs,mechanism,origlogs_mechanism,sokoban,23,updated,5,20,9,0.45,True
origlogs,mechanism,origlogs_mechanism,sokoban,23,updated,6,20,9,0.45,True
origlogs,mechanism,origlogs_mechanism,sokoban,23,updated,7,20,10,0.5,True
origlogs,mechanism,origlogs_mechanism,sokoban,23,updated,8,20,6,0.3,True
origlogs,mechanism,origlogs_mechanism,sokoban,24,original,1,20,8,0.4,True
origlogs,mechanism,origlogs_mechanism,sokoban,24,original,2,20,5,0.25,True
origlogs,mechanism,origlogs_mechanism,sokoban,24,original,3,20,5,0.25,True
origlogs,mechanism,origlogs_mechanism,sokoban,24,original,4,20,7,0.35,True
origlogs,mechanism,origlogs_mechanism,sokoban,24,original,5,20,7,0.35,True
origlogs,mechanism,origlogs_mechanism,sokoban,24,original,6,20,5,0.25,True
origlogs,mechanism,origlogs_mechanism,sokoban,24,original,7,20,10,0.5,True
origlogs,mechanism,origlogs_mechanism,sokoban,24,original,8,20,7,0.35,True
origlogs,mechanism,origlogs_mechanism,sokoban,24,updated,1,20,3,0.15,True
origlogs,mechanism,origlogs_mechanism,sokoban,24,updated,2,20,8,0.4,True
origlogs,mechanism,origlogs_mechanism,sokoban,24,updated,3,20,10,0.5,True
origlogs,mechanism,origlogs_mechanism,sokoban,24,updated,4,20,6,0.3,True
origlogs,mechanism,origlogs_mechanism,sokoban,24,updated,5,20,8,0.4,True
origlogs,mechanism,origlogs_mechanism,sokoban,24,updated,6,20,7,0.35,True
origlogs,mechanism,origlogs_mechanism,sokoban,24,updated,7,20,8,0.4,True
origlogs,mechanism,origlogs_mechanism,sokoban,24,updated,8,20,5,0.25,True
origlogs,mechanism,origlogs_mechanism,sokoban,25,original,1,20,8,0.4,True
origlogs,mechanism,origlogs_mechanism,sokoban,25,original,2,20,6,0.3,True
origlogs,mechanism,origlogs_mechanism,sokoban,25,original,3,20,7,0.35,True
origlogs,mechanism,origlogs_mechanism,sokoban,25,original,4,20,7,0.35,True
origlogs,mechanism,origlogs_mechanism,sokoban,25,original,5,20,4,0.2,True
origlogs,mechanism,origlogs_mechanism,sokoban,25,original,6,20,4,0.2,True
origlogs,mechanism,origlogs_mechanism,sokoban,25,original,7,20,7,0.35,True
origlogs,mechanism,origlogs_mechanism,sokoban,25,original,8,20,9,0.45,True
origlogs,mechanism,origlogs_mechanism,sokoban,25,updated,1,20,3,0.15,True
origlogs,mechanism,origlogs_mechanism,sokoban,25,updated,2,20,6,0.3,True
origlogs,mechanism,origlogs_mechanism,sokoban,25,updated,3,20,9,0.45,True
origlogs,mechanism,origlogs_mechanism,sokoban,25,updated,4,20,5,0.25,True
origlogs,mechanism,origlogs_mechanism,sokoban,25,updated,5,20,5,0.25,True
origlogs,mechanism,origlogs_mechanism,sokoban,25,updated,6,20,4,0.2,True
origlogs,mechanism,origlogs_mechanism,sokoban,25,updated,7,20,5,0.25,True
origlogs,mechanism,origlogs_mechanism,sokoban,25,updated,8,20,8,0.4,True
origlogs,mechanism,origlogs_mechanism,sokoban,26,original,1,20,9,0.45,True
origlogs,mechanism,origlogs_mechanism,sokoban,26,original,2,20,7,0.35,True
origlogs,mechanism,origlogs_mechanism,sokoban,26,original,3,20,10,0.5,True
origlogs,mechanism,origlogs_mechanism,sokoban,26,original,4,20,7,0.35,True
origlogs,mechanism,origlogs_mechanism,sokoban,26,original,5,20,4,0.2,True
origlogs,mechanism,origlogs_mechanism,sokoban,26,original,6,20,6,0.3,True
origlogs,mechanism,origlogs_mechanism,sokoban,26,original,7,20,4,0.2,True
origlogs,mechanism,origlogs_mechanism,sokoban,26,original,8,20,4,0.2,True
origlogs,mechanism,origlogs_mechanism,sokoban,26,updated,1,20,10,0.5,True
origlogs,mechanism,origlogs_mechanism,sokoban,26,updated,2,20,5,0.25,True
origlogs,mechanism,origlogs_mechanism,sokoban,26,updated,3,20,8,0.4,True
origlogs,mechanism,origlogs_mechanism,sokoban,26,updated,4,20,5,0.25,True
origlogs,mechanism,origlogs_mechanism,sokoban,26,updated,5,20,6,0.3,True
origlogs,mechanism,origlogs_mechanism,sokoban,26,updated,6,20,6,0.3,True
origlogs,mechanism,origlogs_mechanism,sokoban,26,updated,7,20,7,0.35,True
origlogs,mechanism,origlogs_mechanism,sokoban,26,updated,8,20,3,0.15,True
origlogs,mechanism,origlogs_mechanism,sokoban,27,original,1,20,8,0.4,True
origlogs,mechanism,origlogs_mechanism,sokoban,27,original,2,20,4,0.2,True
origlogs,mechanism,origlogs_mechanism,sokoban,27,original,3,20,6,0.3,True
origlogs,mechanism,origlogs_mechanism,sokoban,27,original,4,20,5,0.25,True
origlogs,mechanism,origlogs_mechanism,sokoban,27,original,5,20,4,0.2,True
origlogs,mechanism,origlogs_mechanism,sokoban,27,original,6,20,8,0.4,True
origlogs,mechanism,origlogs_mechanism,sokoban,27,original,7,20,5,0.25,True
origlogs,mechanism,origlogs_mechanism,sokoban,27,original,8,20,5,0.25,True
origlogs,mechanism,origlogs_mechanism,sokoban,27,updated,1,20,9,0.45,True
origlogs,mechanism,origlogs_mechanism,sokoban,27,updated,2,20,4,0.2,True
origlogs,mechanism,origlogs_mechanism,sokoban,27,updated,3,20,9,0.45,True
origlogs,mechanism,origlogs_mechanism,sokoban,27,updated,4,20,8,0.4,True
origlogs,mechanism,origlogs_mechanism,sokoban,27,updated,5,20,4,0.2,True
origlogs,mechanism,origlogs_mechanism,sokoban,27,updated,6,20,9,0.45,True
origlogs,mechanism,origlogs_mechanism,sokoban,27,updated,7,20,12,0.6,True
origlogs,mechanism,origlogs_mechanism,sokoban,27,updated,8,20,6,0.3,True
origlogs,mechanism,origlogs_mechanism,sokoban,28,original,1,20,6,0.3,True
origlogs,mechanism,origlogs_mechanism,sokoban,28,original,2,20,7,0.35,True
origlogs,mechanism,origlogs_mechanism,sokoban,28,original,3,20,8,0.4,True
origlogs,mechanism,origlogs_mechanism,sokoban,28,original,4,20,8,0.4,True
origlogs,mechanism,origlogs_mechanism,sokoban,28,original,5,20,4,0.2,True
origlogs,mechanism,origlogs_mechanism,sokoban,28,original,6,20,5,0.25,True
origlogs,mechanism,origlogs_mechanism,sokoban,28,original,7,20,6,0.3,True
origlogs,mechanism,origlogs_mechanism,sokoban,28,original,8,20,6,0.3,True
origlogs,mechanism,origlogs_mechanism,sokoban,28,updated,1,20,4,0.2,True
origlogs,mechanism,origlogs_mechanism,sokoban,28,updated,2,20,11,0.55,True
origlogs,mechanism,origlogs_mechanism,sokoban,28,updated,3,20,7,0.35,True
origlogs,mechanism,origlogs_mechanism,sokoban,28,updated,4,20,7,0.35,True
origlogs,mechanism,origlogs_mechanism,sokoban,28,updated,5,20,6,0.3,True
origlogs,mechanism,origlogs_mechanism,sokoban,28,updated,6,20,8,0.4,True
origlogs,mechanism,origlogs_mechanism,sokoban,28,updated,7,20,8,0.4,True
origlogs,mechanism,origlogs_mechanism,sokoban,28,updated,8,20,9,0.45,True
origlogs,mechanism,origlogs_mechanism,sokoban,29,original,1,20,7,0.35,True
origlogs,mechanism,origlogs_mechanism,sokoban,29,original,2,20,8,0.4,True
origlogs,mechanism,origlogs_mechanism,sokoban,29,original,3,20,8,0.4,True
origlogs,mechanism,origlogs_mechanism,sokoban,29,original,4,20,8,0.4,True
origlogs,mechanism,origlogs_mechanism,sokoban,29,original,5,20,5,0.25,True
origlogs,mechanism,origlogs_mechanism,sokoban,29,original,6,20,7,0.35,True
origlogs,mechanism,origlogs_mechanism,sokoban,29,original,7,20,9,0.45,True
origlogs,mechanism,origlogs_mechanism,sokoban,29,original,8,20,7,0.35,True
origlogs,mechanism,origlogs_mechanism,sokoban,29,updated,1,20,4,0.2,True
origlogs,mechanism,origlogs_mechanism,sokoban,29,updated,2,20,7,0.35,True
origlogs,mechanism,origlogs_mechanism,sokoban,29,updated,3,20,8,0.4,True
origlogs,mechanism,origlogs_mechanism,sokoban,29,updated,4,20,8,0.4,True
origlogs,mechanism,origlogs_mechanism,sokoban,29,updated,5,20,6,0.3,True
origlogs,mechanism,origlogs_mechanism,sokoban,29,updated,6,20,6,0.3,True
origlogs,mechanism,origlogs_mechanism,sokoban,29,updated,7,20,7,0.35,True
origlogs,mechanism,origlogs_mechanism,sokoban,29,updated,8,20,8,0.4,True
origlogs,mechanism,origlogs_mechanism,sokoban,30,original,1,20,7,0.35,True
origlogs,mechanism,origlogs_mechanism,sokoban,30,original,2,20,4,0.2,True
origlogs,mechanism,origlogs_mechanism,sokoban,30,original,3,20,6,0.3,True
origlogs,mechanism,origlogs_mechanism,sokoban,30,original,4,20,6,0.3,True
origlogs,mechanism,origlogs_mechanism,sokoban,30,original,5,20,6,0.3,True
origlogs,mechanism,origlogs_mechanism,sokoban,30,original,6,20,7,0.35,True
origlogs,mechanism,origlogs_mechanism,sokoban,30,original,7,20,7,0.35,True
origlogs,mechanism,origlogs_mechanism,sokoban,30,original,8,20,6,0.3,True
origlogs,mechanism,origlogs_mechanism,sokoban,30,updated,1,20,6,0.3,True
origlogs,mechanism,origlogs_mechanism,sokoban,30,updated,2,20,9,0.45,True
origlogs,mechanism,origlogs_mechanism,sokoban,30,updated,3,20,9,0.45,True
origlogs,mechanism,origlogs_mechanism,sokoban,30,updated,4,20,6,0.3,True
origlogs,mechanism,origlogs_mechanism,sokoban,30,updated,5,20,6,0.3,True
origlogs,mechanism,origlogs_mechanism,sokoban,30,updated,6,20,9,0.45,True
origlogs,mechanism,origlogs_mechanism,sokoban,30,updated,7,20,6,0.3,True
origlogs,mechanism,origlogs_mechanism,sokoban,30,updated,8,20,7,0.35,True
origlogs,mechanism,origlogs_mechanism,sokoban,31,original,1,20,6,0.3,True
origlogs,mechanism,origlogs_mechanism,sokoban,31,original,2,20,8,0.4,True
origlogs,mechanism,origlogs_mechanism,sokoban,31,original,3,20,11,0.55,True
origlogs,mechanism,origlogs_mechanism,sokoban,31,original,4,20,8,0.4,True
origlogs,mechanism,origlogs_mechanism,sokoban,31,original,5,20,10,0.5,True
origlogs,mechanism,origlogs_mechanism,sokoban,31,original,6,20,10,0.5,True
origlogs,mechanism,origlogs_mechanism,sokoban,31,original,7,20,14,0.7,True
origlogs,mechanism,origlogs_mechanism,sokoban,31,original,8,20,6,0.3,True
origlogs,mechanism,origlogs_mechanism,sokoban,31,updated,1,20,5,0.25,True
origlogs,mechanism,origlogs_mechanism,sokoban,31,updated,2,20,7,0.35,True
origlogs,mechanism,origlogs_mechanism,sokoban,31,updated,3,20,7,0.35,True
origlogs,mechanism,origlogs_mechanism,sokoban,31,updated,4,20,10,0.5,True
origlogs,mechanism,origlogs_mechanism,sokoban,31,updated,5,20,5,0.25,True
origlogs,mechanism,origlogs_mechanism,sokoban,31,updated,6,20,7,0.35,True
origlogs,mechanism,origlogs_mechanism,sokoban,31,updated,7,20,4,0.2,True
origlogs,mechanism,origlogs_mechanism,sokoban,31,updated,8,20,6,0.3,True
origlogs,mechanism,origlogs_mechanism,sokoban,32,original,1,20,4,0.2,True
origlogs,mechanism,origlogs_mechanism,sokoban,32,original,2,20,5,0.25,True
origlogs,mechanism,origlogs_mechanism,sokoban,32,original,3,20,6,0.3,True
origlogs,mechanism,origlogs_mechanism,sokoban,32,original,4,20,5,0.25,True
origlogs,mechanism,origlogs_mechanism,sokoban,32,original,5,20,6,0.3,True
origlogs,mechanism,origlogs_mechanism,sokoban,32,original,6,20,7,0.35,True
origlogs,mechanism,origlogs_mechanism,sokoban,32,original,7,20,5,0.25,True
origlogs,mechanism,origlogs_mechanism,sokoban,32,original,8,20,8,0.4,True
origlogs,mechanism,origlogs_mechanism,sokoban,32,updated,1,20,3,0.15,True
origlogs,mechanism,origlogs_mechanism,sokoban,32,updated,2,20,7,0.35,True
origlogs,mechanism,origlogs_mechanism,sokoban,32,updated,3,20,11,0.55,True
origlogs,mechanism,origlogs_mechanism,sokoban,32,updated,4,20,11,0.55,True
origlogs,mechanism,origlogs_mechanism,sokoban,32,updated,5,20,8,0.4,True
origlogs,mechanism,origlogs_mechanism,sokoban,32,updated,6,20,7,0.35,True
origlogs,mechanism,origlogs_mechanism,sokoban,32,updated,7,20,10,0.5,True
origlogs,mechanism,origlogs_mechanism,sokoban,32,updated,8,20,6,0.3,True
origlogs,mechanism,origlogs_mechanism,sokoban,33,original,1,20,6,0.3,True
origlogs,mechanism,origlogs_mechanism,sokoban,33,original,2,20,10,0.5,True
origlogs,mechanism,origlogs_mechanism,sokoban,33,original,3,20,9,0.45,True
origlogs,mechanism,origlogs_mechanism,sokoban,33,original,4,15,7,0.4666666666666667,False
origlogs,mechanism,origlogs_mechanism,sokoban,33,updated,1,20,7,0.35,True
origlogs,mechanism,origlogs_mechanism,sokoban,33,updated,2,20,7,0.35,True
origlogs,mechanism,origlogs_mechanism,sokoban,33,updated,3,20,7,0.35,True
origlogs,mechanism,origlogs_mechanism,sokoban,33,updated,4,15,8,0.5333333333333333,False
origlogs,mechanism,origlogs_mechanism,sokoban,34,original,1,20,6,0.3,True
origlogs,mechanism,origlogs_mechanism,sokoban,34,original,2,20,4,0.2,True
origlogs,mechanism,origlogs_mechanism,sokoban,34,original,3,20,8,0.4,True
origlogs,mechanism,origlogs_mechanism,sokoban,34,original,4,16,4,0.25,False
origlogs,mechanism,origlogs_mechanism,sokoban,34,updated,1,20,7,0.35,True
origlogs,mechanism,origlogs_mechanism,sokoban,34,updated,2,20,8,0.4,True
origlogs,mechanism,origlogs_mechanism,sokoban,34,updated,3,20,7,0.35,True
origlogs,mechanism,origlogs_mechanism,sokoban,34,updated,4,15,8,0.5333333333333333,False
origlogs,mechanism,origlogs_mechanism,sokoban,35,original,1,20,7,0.35,True
origlogs,mechanism,origlogs_mechanism,sokoban,35,original,2,20,10,0.5,True
origlogs,mechanism,origlogs_mechanism,sokoban,35,original,3,20,7,0.35,True
origlogs,mechanism,origlogs_mechanism,sokoban,35,original,4,17,8,0.47058823529411764,False
origlogs,mechanism,origlogs_mechanism,sokoban,35,updated,1,20,9,0.45,True
origlogs,mechanism,origlogs_mechanism,sokoban,35,updated,2,20,6,0.3,True
origlogs,mechanism,origlogs_mechanism,sokoban,35,updated,3,20,8,0.4,True
origlogs,mechanism,origlogs_mechanism,sokoban,35,updated,4,17,7,0.4117647058823529,False
origlogs,mechanism,origlogs_mechanism,sokoban,36,original,1,20,6,0.3,True
origlogs,mechanism,origlogs_mechanism,sokoban,36,original,2,20,8,0.4,True
origlogs,mechanism,origlogs_mechanism,sokoban,36,original,3,4,1,0.25,False
origlogs,mechanism,origlogs_mechanism,sokoban,36,updated,1,20,8,0.4,True
origlogs,mechanism,origlogs_mechanism,sokoban,36,updated,2,20,10,0.5,True
origlogs,mechanism,origlogs_mechanism,sokoban,36,updated,3,3,3,1.0,False
origlogs,thinkahead,origlogs_thinkahead,frozen_lake,1,original,1,20,1,0.05,True
origlogs,thinkahead,origlogs_thinkahead,frozen_lake,1,original,2,20,1,0.05,True
origlogs,thinkahead,origlogs_thinkahead,frozen_lake,1,original,3,20,0,0.0,True
origlogs,thinkahead,origlogs_thinkahead,frozen_lake,1,original,4,20,1,0.05,True
origlogs,thinkahead,origlogs_thinkahead,frozen_lake,1,original,5,20,2,0.1,True
origlogs,thinkahead,origlogs_thinkahead,frozen_lake,1,original,6,20,0,0.0,True
origlogs,thinkahead,origlogs_thinkahead,frozen_lake,1,original,7,20,1,0.05,True
origlogs,thinkahead,origlogs_thinkahead,frozen_lake,1,original,8,20,1,0.05,True
origlogs,thinkahead,origlogs_thinkahead,frozen_lake,1,updated,1,20,2,0.1,True
origlogs,thinkahead,origlogs_thinkahead,frozen_lake,1,updated,2,20,0,0.0,True
origlogs,thinkahead,origlogs_thinkahead,frozen_lake,1,updated,3,20,1,0.05,True
origlogs,thinkahead,origlogs_thinkahead,frozen_lake,1,updated,4,20,2,0.1,True
origlogs,thinkahead,origlogs_thinkahead,frozen_lake,1,updated,5,20,2,0.1,True
origlogs,thinkahead,origlogs_thinkahead,frozen_lake,1,updated,6,20,2,0.1,True
origlogs,thinkahead,origlogs_thinkahead,frozen_lake,1,updated,7,20,3,0.15,True
origlogs,thinkahead,origlogs_thinkahead,frozen_lake,1,updated,8,20,0,0.0,True
origlogs,thinkahead,origlogs_thinkahead,frozen_lake,2,original,1,20,4,0.2,True
origlogs,thinkahead,origlogs_thinkahead,frozen_lake,2,original,2,20,4,0.2,True
origlogs,thinkahead,origlogs_thinkahead,frozen_lake,2,original,3,20,6,0.3,True
origlogs,thinkahead,origlogs_thinkahead,frozen_lake,2,original,4,20,4,0.2,True
origlogs,thinkahead,origlogs_thinkahead,frozen_lake,2,original,5,20,4,0.2,True
origlogs,thinkahead,origlogs_thinkahead,frozen_lake,2,original,6,20,5,0.25,True
origlogs,thinkahead,origlogs_thinkahead,frozen_lake,2,original,7,20,5,0.25,True
origlogs,thinkahead,origlogs_thinkahead,frozen_lake,2,original,8,20,5,0.25,True
origlogs,thinkahead,origlogs_thinkahead,frozen_lake,2,updated,1,20,5,0.25,True
origlogs,thinkahead,origlogs_thinkahead,frozen_lake,2,updated,2,20,5,0.25,True
origlogs,thinkahead,origlogs_thinkahead,frozen_lake,2,updated,3,20,4,0.2,True
origlogs,thinkahead,origlogs_thinkahead,frozen_lake,2,updated,4,20,4,0.2,True
origlogs,thinkahead,origlogs_thinkahead,frozen_lake,2,updated,5,20,4,0.2,True
origlogs,thinkahead,origlogs_thinkahead,frozen_lake,2,updated,6,20,3,0.15,True
origlogs,thinkahead,origlogs_thinkahead,frozen_lake,2,updated,7,20,4,0.2,True
origlogs,thinkahead,origlogs_thinkahead,frozen_lake,2,updated,8,20,4,0.2,True
origlogs,thinkahead,origlogs_thinkahead,frozen_lake,3,original,1,20,4,0.2,True
origlogs,thinkahead,origlogs_thinkahead,frozen_lake,3,original,2,20,5,0.25,True
origlogs,thinkahead,origlogs_thinkahead,frozen_lake,3,original,3,20,4,0.2,True
origlogs,thinkahead,origlogs_thinkahead,frozen_lake,3,original,4,20,4,0.2,True
origlogs,thinkahead,origlogs_thinkahead,frozen_lake,3,original,5,20,3,0.15,True
origlogs,thinkahead,origlogs_thinkahead,frozen_lake,3,original,6,20,5,0.25,True
origlogs,thinkahead,origlogs_thinkahead,frozen_lake,3,original,7,20,4,0.2,True
origlogs,thinkahead,origlogs_thinkahead,frozen_lake,3,original,8,20,4,0.2,True
origlogs,thinkahead,origlogs_thinkahead,frozen_lake,3,updated,1,20,5,0.25,True
origlogs,thinkahead,origlogs_thinkahead,frozen_lake,3,updated,2,20,5,0.25,True
origlogs,thinkahead,origlogs_thinkahead,frozen_lake,3,updated,3,20,4,0.2,True
origlogs,thinkahead,origlogs_thinkahead,frozen_lake,3,updated,4,20,4,0.2,True
origlogs,thinkahead,origlogs_thinkahead,frozen_lake,3,updated,5,20,4,0.2,True
origlogs,thinkahead,origlogs_thinkahead,frozen_lake,3,updated,6,20,5,0.25,True
origlogs,thinkahead,origlogs_thinkahead,frozen_lake,3,updated,7,20,4,0.2,True
origlogs,thinkahead,origlogs_thinkahead,frozen_lake,3,updated,8,20,5,0.25,True
origlogs,thinkahead,origlogs_thinkahead,frozen_lake,4,original,1,20,3,0.15,True
origlogs,thinkahead,origlogs_thinkahead,frozen_lake,4,original,2,20,6,0.3,True
origlogs,thinkahead,origlogs_thinkahead,frozen_lake,4,original,3,20,4,0.2,True
origlogs,thinkahead,origlogs_thinkahead,frozen_lake,4,original,4,20,3,0.15,True
origlogs,thinkahead,origlogs_thinkahead,frozen_lake,4,original,5,20,4,0.2,True
origlogs,thinkahead,origlogs_thinkahead,frozen_lake,4,original,6,20,5,0.25,True
origlogs,thinkahead,origlogs_thinkahead,frozen_lake,4,original,7,20,4,0.2,True
origlogs,thinkahead,origlogs_thinkahead,frozen_lake,4,original,8,20,5,0.25,True
origlogs,thinkahead,origlogs_thinkahead,frozen_lake,4,updated,1,20,8,0.4,True
origlogs,thinkahead,origlogs_thinkahead,frozen_lake,4,updated,2,20,4,0.2,True
origlogs,thinkahead,origlogs_thinkahead,frozen_lake,4,updated,3,20,4,0.2,True
origlogs,thinkahead,origlogs_thinkahead,frozen_lake,4,updated,4,20,5,0.25,True
origlogs,thinkahead,origlogs_thinkahead,frozen_lake,4,updated,5,20,4,0.2,True
origlogs,thinkahead,origlogs_thinkahead,frozen_lake,4,updated,6,20,6,0.3,True
origlogs,thinkahead,origlogs_thinkahead,frozen_lake,4,updated,7,20,7,0.35,True
origlogs,thinkahead,origlogs_thinkahead,frozen_lake,4,updated,8,20,6,0.3,True
origlogs,thinkahead,origlogs_thinkahead,frozen_lake,5,original,1,20,8,0.4,True
origlogs,thinkahead,origlogs_thinkahead,frozen_lake,5,original,2,20,7,0.35,True
origlogs,thinkahead,origlogs_thinkahead,frozen_lake,5,original,3,20,6,0.3,True
origlogs,thinkahead,origlogs_thinkahead,frozen_lake,5,original,4,20,7,0.35,True
origlogs,thinkahead,origlogs_thinkahead,frozen_lake,5,original,5,20,6,0.3,True
origlogs,thinkahead,origlogs_thinkahead,frozen_lake,5,original,6,20,5,0.25,True
origlogs,thinkahead,origlogs_thinkahead,frozen_lake,5,original,7,20,7,0.35,True
origlogs,thinkahead,origlogs_thinkahead,frozen_lake,5,original,8,20,6,0.3,True
origlogs,thinkahead,origlogs_thinkahead,frozen_lake,5,updated,1,20,6,0.3,True
origlogs,thinkahead,origlogs_thinkahead,frozen_lake,5,updated,2,20,6,0.3,True
origlogs,thinkahead,origlogs_thinkahead,frozen_lake,5,updated,3,20,7,0.35,True
origlogs,thinkahead,origlogs_thinkahead,frozen_lake,5,updated,4,20,4,0.2,True
origlogs,thinkahead,origlogs_thinkahead,frozen_lake,5,updated,5,20,8,0.4,True
origlogs,thinkahead,origlogs_thinkahead,frozen_lake,5,updated,6,20,6,0.3,True
origlogs,thinkahead,origlogs_thinkahead,frozen_lake,5,updated,7,20,6,0.3,True
origlogs,thinkahead,origlogs_thinkahead,frozen_lake,5,updated,8,20,7,0.35,True
origlogs,thinkahead,origlogs_thinkahead,frozen_lake,6,original,1,20,7,0.35,True
origlogs,thinkahead,origlogs_thinkahead,frozen_lake,6,original,2,20,7,0.35,True
origlogs,thinkahead,origlogs_thinkahead,frozen_lake,6,original,3,20,9,0.45,True
origlogs,thinkahead,origlogs_thinkahead,frozen_lake,6,original,4,20,8,0.4,True
origlogs,thinkahead,origlogs_thinkahead,frozen_lake,6,original,5,20,11,0.55,True
origlogs,thinkahead,origlogs_thinkahead,frozen_lake,6,original,6,20,7,0.35,True
origlogs,thinkahead,origlogs_thinkahead,frozen_lake,6,original,7,20,8,0.4,True
origlogs,thinkahead,origlogs_thinkahead,frozen_lake,6,original,8,20,6,0.3,True
origlogs,thinkahead,origlogs_thinkahead,frozen_lake,6,updated,1,20,8,0.4,True
origlogs,thinkahead,origlogs_thinkahead,frozen_lake,6,updated,2,20,6,0.3,True
origlogs,thinkahead,origlogs_thinkahead,frozen_lake,6,updated,3,20,8,0.4,True
origlogs,thinkahead,origlogs_thinkahead,frozen_lake,6,updated,4,20,8,0.4,True
origlogs,thinkahead,origlogs_thinkahead,frozen_lake,6,updated,5,20,6,0.3,True
origlogs,thinkahead,origlogs_thinkahead,frozen_lake,6,updated,6,20,7,0.35,True
origlogs,thinkahead,origlogs_thinkahead,frozen_lake,6,updated,7,20,7,0.35,True
origlogs,thinkahead,origlogs_thinkahead,frozen_lake,6,updated,8,20,6,0.3,True
origlogs,thinkahead,origlogs_thinkahead,frozen_lake,7,original,1,20,7,0.35,True
origlogs,thinkahead,origlogs_thinkahead,frozen_lake,7,original,2,20,8,0.4,True
origlogs,thinkahead,origlogs_thinkahead,frozen_lake,7,original,3,20,8,0.4,True
origlogs,thinkahead,origlogs_thinkahead,frozen_lake,7,original,4,20,7,0.35,True
origlogs,thinkahead,origlogs_thinkahead,frozen_lake,7,original,5,20,9,0.45,True
origlogs,thinkahead,origlogs_thinkahead,frozen_lake,7,original,6,20,8,0.4,True
origlogs,thinkahead,origlogs_thinkahead,frozen_lake,7,original,7,20,8,0.4,True
origlogs,thinkahead,origlogs_thinkahead,frozen_lake,7,original,8,20,10,0.5,True
origlogs,thinkahead,origlogs_thinkahead,frozen_lake,7,updated,1,20,8,0.4,True
origlogs,thinkahead,origlogs_thinkahead,frozen_lake,7,updated,2,20,7,0.35,True
origlogs,thinkahead,origlogs_thinkahead,frozen_lake,7,updated,3,20,10,0.5,True
origlogs,thinkahead,origlogs_thinkahead,frozen_lake,7,updated,4,20,7,0.35,True
origlogs,thinkahead,origlogs_thinkahead,frozen_lake,7,updated,5,20,7,0.35,True
origlogs,thinkahead,origlogs_thinkahead,frozen_lake,7,updated,6,20,10,0.5,True
origlogs,thinkahead,origlogs_thinkahead,frozen_lake,7,updated,7,20,10,0.5,True
origlogs,thinkahead,origlogs_thinkahead,frozen_lake,7,updated,8,20,8,0.4,True
origlogs,thinkahead,origlogs_thinkahead,frozen_lake,8,original,1,20,10,0.5,True
origlogs,thinkahead,origlogs_thinkahead,frozen_lake,8,original,2,20,9,0.45,True
origlogs,thinkahead,origlogs_thinkahead,frozen_lake,8,original,3,20,7,0.35,True
origlogs,thinkahead,origlogs_thinkahead,frozen_lake,8,original,4,20,8,0.4,True
origlogs,thinkahead,origlogs_thinkahead,frozen_lake,8,original,5,20,8,0.4,True
origlogs,thinkahead,origlogs_thinkahead,frozen_lake,8,original,6,20,9,0.45,True
origlogs,thinkahead,origlogs_thinkahead,frozen_lake,8,original,7,20,9,0.45,True
origlogs,thinkahead,origlogs_thinkahead,frozen_lake,8,original,8,20,7,0.35,True
origlogs,thinkahead,origlogs_thinkahead,frozen_lake,8,updated,1,20,6,0.3,True
origlogs,thinkahead,origlogs_thinkahead,frozen_lake,8,updated,2,20,9,0.45,True
origlogs,thinkahead,origlogs_thinkahead,frozen_lake,8,updated,3,20,8,0.4,True
origlogs,thinkahead,origlogs_thinkahead,frozen_lake,8,updated,4,20,8,0.4,True
origlogs,thinkahead,origlogs_thinkahead,frozen_lake,8,updated,5,20,8,0.4,True
origlogs,thinkahead,origlogs_thinkahead,frozen_lake,8,updated,6,20,7,0.35,True
origlogs,thinkahead,origlogs_thinkahead,frozen_lake,8,updated,7,20,6,0.3,True
origlogs,thinkahead,origlogs_thinkahead,frozen_lake,8,updated,8,20,9,0.45,True
origlogs,thinkahead,origlogs_thinkahead,frozen_lake,9,original,1,20,8,0.4,True
origlogs,thinkahead,origlogs_thinkahead,frozen_lake,9,original,2,20,7,0.35,True
origlogs,thinkahead,origlogs_thinkahead,frozen_lake,9,original,3,20,8,0.4,True
origlogs,thinkahead,origlogs_thinkahead,frozen_lake,9,original,4,20,7,0.35,True
origlogs,thinkahead,origlogs_thinkahead,frozen_lake,9,original,5,20,7,0.35,True
origlogs,thinkahead,origlogs_thinkahead,frozen_lake,9,original,6,20,8,0.4,True
origlogs,thinkahead,origlogs_thinkahead,frozen_lake,9,original,7,20,8,0.4,True
origlogs,thinkahead,origlogs_thinkahead,frozen_lake,9,original,8,20,5,0.25,True
origlogs,thinkahead,origlogs_thinkahead,frozen_lake,9,updated,1,20,6,0.3,True
origlogs,thinkahead,origlogs_thinkahead,frozen_lake,9,updated,2,20,7,0.35,True
origlogs,thinkahead,origlogs_thinkahead,frozen_lake,9,updated,3,20,6,0.3,True
origlogs,thinkahead,origlogs_thinkahead,frozen_lake,9,updated,4,20,8,0.4,True
origlogs,thinkahead,origlogs_thinkahead,frozen_lake,9,updated,5,20,7,0.35,True
origlogs,thinkahead,origlogs_thinkahead,frozen_lake,9,updated,6,20,6,0.3,True
origlogs,thinkahead,origlogs_thinkahead,frozen_lake,9,updated,7,20,7,0.35,True
origlogs,thinkahead,origlogs_thinkahead,frozen_lake,9,updated,8,20,6,0.3,True
origlogs,thinkahead,origlogs_thinkahead,frozen_lake,10,original,1,20,8,0.4,True
origlogs,thinkahead,origlogs_thinkahead,frozen_lake,10,original,2,20,9,0.45,True
origlogs,thinkahead,origlogs_thinkahead,frozen_lake,10,original,3,20,5,0.25,True
origlogs,thinkahead,origlogs_thinkahead,frozen_lake,10,original,4,20,8,0.4,True
origlogs,thinkahead,origlogs_thinkahead,frozen_lake,10,original,5,20,7,0.35,True
origlogs,thinkahead,origlogs_thinkahead,frozen_lake,10,original,6,20,8,0.4,True
origlogs,thinkahead,origlogs_thinkahead,frozen_lake,10,original,7,20,7,0.35,True
origlogs,thinkahead,origlogs_thinkahead,frozen_lake,10,original,8,20,7,0.35,True
origlogs,thinkahead,origlogs_thinkahead,frozen_lake,10,updated,1,20,9,0.45,True
origlogs,thinkahead,origlogs_thinkahead,frozen_lake,10,updated,2,20,8,0.4,True
origlogs,thinkahead,origlogs_thinkahead,frozen_lake,10,updated,3,20,7,0.35,True
origlogs,thinkahead,origlogs_thinkahead,frozen_lake,10,updated,4,20,7,0.35,True
origlogs,thinkahead,origlogs_thinkahead,frozen_lake,10,updated,5,20,6,0.3,True
origlogs,thinkahead,origlogs_thinkahead,frozen_lake,10,updated,6,20,6,0.3,True
origlogs,thinkahead,origlogs_thinkahead,frozen_lake,10,updated,7,20,6,0.3,True
origlogs,thinkahead,origlogs_thinkahead,frozen_lake,10,updated,8,20,7,0.35,True
origlogs,thinkahead,origlogs_thinkahead,frozen_lake,11,original,1,20,6,0.3,True
origlogs,thinkahead,origlogs_thinkahead,frozen_lake,11,original,2,20,7,0.35,True
origlogs,thinkahead,origlogs_thinkahead,frozen_lake,11,original,3,20,7,0.35,True
origlogs,thinkahead,origlogs_thinkahead,frozen_lake,11,original,4,20,8,0.4,True
origlogs,thinkahead,origlogs_thinkahead,frozen_lake,11,original,5,20,9,0.45,True
origlogs,thinkahead,origlogs_thinkahead,frozen_lake,11,original,6,20,10,0.5,True
origlogs,thinkahead,origlogs_thinkahead,frozen_lake,11,original,7,20,6,0.3,True
origlogs,thinkahead,origlogs_thinkahead,frozen_lake,11,original,8,20,7,0.35,True
origlogs,thinkahead,origlogs_thinkahead,frozen_lake,11,updated,1,20,8,0.4,True
origlogs,thinkahead,origlogs_thinkahead,frozen_lake,11,updated,2,20,8,0.4,True
origlogs,thinkahead,origlogs_thinkahead,frozen_lake,11,updated,3,20,6,0.3,True
origlogs,thinkahead,origlogs_thinkahead,frozen_lake,11,updated,4,20,8,0.4,True
origlogs,thinkahead,origlogs_thinkahead,frozen_lake,11,updated,5,20,7,0.35,True
origlogs,thinkahead,origlogs_thinkahead,frozen_lake,11,updated,6,20,9,0.45,True
origlogs,thinkahead,origlogs_thinkahead,frozen_lake,11,updated,7,20,8,0.4,True
origlogs,thinkahead,origlogs_thinkahead,frozen_lake,11,updated,8,20,8,0.4,True
origlogs,thinkahead,origlogs_thinkahead,frozen_lake,12,original,1,20,7,0.35,True
origlogs,thinkahead,origlogs_thinkahead,frozen_lake,12,original,2,20,8,0.4,True
origlogs,thinkahead,origlogs_thinkahead,frozen_lake,12,original,3,20,8,0.4,True
origlogs,thinkahead,origlogs_thinkahead,frozen_lake,12,original,4,20,9,0.45,True
origlogs,thinkahead,origlogs_thinkahead,frozen_lake,12,original,5,20,8,0.4,True
origlogs,thinkahead,origlogs_thinkahead,frozen_lake,12,original,6,20,7,0.35,True
origlogs,thinkahead,origlogs_thinkahead,frozen_lake,12,original,7,20,10,0.5,True
origlogs,thinkahead,origlogs_thinkahead,frozen_lake,12,original,8,20,10,0.5,True
origlogs,thinkahead,origlogs_thinkahead,frozen_lake,12,updated,1,20,9,0.45,True
origlogs,thinkahead,origlogs_thinkahead,frozen_lake,12,updated,2,20,8,0.4,True
origlogs,thinkahead,origlogs_thinkahead,frozen_lake,12,updated,3,20,9,0.45,True
origlogs,thinkahead,origlogs_thinkahead,frozen_lake,12,updated,4,20,7,0.35,True
origlogs,thinkahead,origlogs_thinkahead,frozen_lake,12,updated,5,20,9,0.45,True
origlogs,thinkahead,origlogs_thinkahead,frozen_lake,12,updated,6,20,10,0.5,True
origlogs,thinkahead,origlogs_thinkahead,frozen_lake,12,updated,7,20,8,0.4,True
origlogs,thinkahead,origlogs_thinkahead,frozen_lake,12,updated,8,20,10,0.5,True
origlogs,thinkahead,origlogs_thinkahead,frozen_lake,13,original,1,20,10,0.5,True
origlogs,thinkahead,origlogs_thinkahead,frozen_lake,13,original,2,20,9,0.45,True
origlogs,thinkahead,origlogs_thinkahead,frozen_lake,13,original,3,20,5,0.25,True
origlogs,thinkahead,origlogs_thinkahead,frozen_lake,13,original,4,20,8,0.4,True
origlogs,thinkahead,origlogs_thinkahead,frozen_lake,13,original,5,20,9,0.45,True
origlogs,thinkahead,origlogs_thinkahead,frozen_lake,13,original,6,20,8,0.4,True
origlogs,thinkahead,origlogs_thinkahead,frozen_lake,13,original,7,20,9,0.45,True
origlogs,thinkahead,origlogs_thinkahead,frozen_lake,13,original,8,20,6,0.3,True
origlogs,thinkahead,origlogs_thinkahead,frozen_lake,13,updated,1,20,7,0.35,True
origlogs,thinkahead,origlogs_thinkahead,frozen_lake,13,updated,2,20,5,0.25,True
origlogs,thinkahead,origlogs_thinkahead,frozen_lake,13,updated,3,20,7,0.35,True
origlogs,thinkahead,origlogs_thinkahead,frozen_lake,13,updated,4,20,6,0.3,True
origlogs,thinkahead,origlogs_thinkahead,frozen_lake,13,updated,5,20,8,0.4,True
origlogs,thinkahead,origlogs_thinkahead,frozen_lake,13,updated,6,20,8,0.4,True
origlogs,thinkahead,origlogs_thinkahead,frozen_lake,13,updated,7,20,9,0.45,True
origlogs,thinkahead,origlogs_thinkahead,frozen_lake,13,updated,8,20,8,0.4,True
origlogs,thinkahead,origlogs_thinkahead,frozen_lake,14,original,1,20,9,0.45,True
origlogs,thinkahead,origlogs_thinkahead,frozen_lake,14,original,2,20,9,0.45,True
origlogs,thinkahead,origlogs_thinkahead,frozen_lake,14,original,3,20,9,0.45,True
origlogs,thinkahead,origlogs_thinkahead,frozen_lake,14,original,4,20,9,0.45,True
origlogs,thinkahead,origlogs_thinkahead,frozen_lake,14,original,5,20,10,0.5,True
origlogs,thinkahead,origlogs_thinkahead,frozen_lake,14,original,6,20,8,0.4,True
origlogs,thinkahead,origlogs_thinkahead,frozen_lake,14,original,7,20,11,0.55,True
origlogs,thinkahead,origlogs_thinkahead,frozen_lake,14,original,8,20,10,0.5,True
origlogs,thinkahead,origlogs_thinkahead,frozen_lake,14,updated,1,20,7,0.35,True
origlogs,thinkahead,origlogs_thinkahead,frozen_lake,14,updated,2,20,8,0.4,True
origlogs,thinkahead,origlogs_thinkahead,frozen_lake,14,updated,3,20,6,0.3,True
origlogs,thinkahead,origlogs_thinkahead,frozen_lake,14,updated,4,20,5,0.25,True
origlogs,thinkahead,origlogs_thinkahead,frozen_lake,14,updated,5,20,8,0.4,True
origlogs,thinkahead,origlogs_thinkahead,frozen_lake,14,updated,6,20,9,0.45,True
origlogs,thinkahead,origlogs_thinkahead,frozen_lake,14,updated,7,20,9,0.45,True
origlogs,thinkahead,origlogs_thinkahead,frozen_lake,14,updated,8,20,7,0.35,True
origlogs,thinkahead,origlogs_thinkahead,frozen_lake,15,original,1,20,6,0.3,True
origlogs,thinkahead,origlogs_thinkahead,frozen_lake,15,original,2,20,3,0.15,True
origlogs,thinkahead,origlogs_thinkahead,frozen_lake,15,original,3,20,5,0.25,True
origlogs,thinkahead,origlogs_thinkahead,frozen_lake,15,original,4,20,5,0.25,True
origlogs,thinkahead,origlogs_thinkahead,frozen_lake,15,original,5,20,4,0.2,True
origlogs,thinkahead,origlogs_thinkahead,frozen_lake,15,original,6,20,6,0.3,True
origlogs,thinkahead,origlogs_thinkahead,frozen_lake,15,original,7,20,5,0.25,True
origlogs,thinkahead,origlogs_thinkahead,frozen_lake,15,original,8,20,5,0.25,True
origlogs,thinkahead,origlogs_thinkahead,frozen_lake,15,updated,1,20,8,0.4,True
origlogs,thinkahead,origlogs_thinkahead,frozen_lake,15,updated,2,20,5,0.25,True
origlogs,thinkahead,origlogs_thinkahead,frozen_lake,15,updated,3,20,5,0.25,True
origlogs,thinkahead,origlogs_thinkahead,frozen_lake,15,updated,4,20,6,0.3,True
origlogs,thinkahead,origlogs_thinkahead,frozen_lake,15,updated,5,20,4,0.2,True
origlogs,thinkahead,origlogs_thinkahead,frozen_lake,15,updated,6,20,9,0.45,True
origlogs,thinkahead,origlogs_thinkahead,frozen_lake,15,updated,7,20,6,0.3,True
origlogs,thinkahead,origlogs_thinkahead,frozen_lake,15,updated,8,20,4,0.2,True
origlogs,thinkahead,origlogs_thinkahead,frozen_lake,16,original,1,20,9,0.45,True
origlogs,thinkahead,origlogs_thinkahead,frozen_lake,16,original,2,20,8,0.4,True
origlogs,thinkahead,origlogs_thinkahead,frozen_lake,16,original,3,20,6,0.3,True
origlogs,thinkahead,origlogs_thinkahead,frozen_lake,16,original,4,20,8,0.4,True
origlogs,thinkahead,origlogs_thinkahead,frozen_lake,16,original,5,20,12,0.6,True
origlogs,thinkahead,origlogs_thinkahead,frozen_lake,16,original,6,20,9,0.45,True
origlogs,thinkahead,origlogs_thinkahead,frozen_lake,16,original,7,20,4,0.2,True
origlogs,thinkahead,origlogs_thinkahead,frozen_lake,16,original,8,20,8,0.4,True
origlogs,thinkahead,origlogs_thinkahead,frozen_lake,16,updated,1,20,8,0.4,True
origlogs,thinkahead,origlogs_thinkahead,frozen_lake,16,updated,2,20,6,0.3,True
origlogs,thinkahead,origlogs_thinkahead,frozen_lake,16,updated,3,20,9,0.45,True
origlogs,thinkahead,origlogs_thinkahead,frozen_lake,16,updated,4,20,6,0.3,True
origlogs,thinkahead,origlogs_thinkahead,frozen_lake,16,updated,5,20,7,0.35,True
origlogs,thinkahead,origlogs_thinkahead,frozen_lake,16,updated,6,20,10,0.5,True
origlogs,thinkahead,origlogs_thinkahead,frozen_lake,16,updated,7,20,8,0.4,True
origlogs,thinkahead,origlogs_thinkahead,frozen_lake,16,updated,8,20,8,0.4,True
origlogs,thinkahead,origlogs_thinkahead,frozen_lake,17,original,1,20,9,0.45,True
origlogs,thinkahead,origlogs_thinkahead,frozen_lake,17,original,2,20,8,0.4,True
origlogs,thinkahead,origlogs_thinkahead,frozen_lake,17,original,3,20,7,0.35,True
origlogs,thinkahead,origlogs_thinkahead,frozen_lake,17,original,4,20,8,0.4,True
origlogs,thinkahead,origlogs_thinkahead,frozen_lake,17,original,5,20,10,0.5,True
origlogs,thinkahead,origlogs_thinkahead,frozen_lake,17,original,6,20,9,0.45,True
origlogs,thinkahead,origlogs_thinkahead,frozen_lake,17,original,7,20,9,0.45,True
origlogs,thinkahead,origlogs_thinkahead,frozen_lake,17,original,8,20,10,0.5,True
origlogs,thinkahead,origlogs_thinkahead,frozen_lake,17,updated,1,20,8,0.4,True
origlogs,thinkahead,origlogs_thinkahead,frozen_lake,17,updated,2,20,9,0.45,True
origlogs,thinkahead,origlogs_thinkahead,frozen_lake,17,updated,3,20,8,0.4,True
origlogs,thinkahead,origlogs_thinkahead,frozen_lake,17,updated,4,20,9,0.45,True
origlogs,thinkahead,origlogs_thinkahead,frozen_lake,17,updated,5,20,7,0.35,True
origlogs,thinkahead,origlogs_thinkahead,frozen_lake,17,updated,6,20,6,0.3,True
origlogs,thinkahead,origlogs_thinkahead,frozen_lake,17,updated,7,20,8,0.4,True
origlogs,thinkahead,origlogs_thinkahead,frozen_lake,17,updated,8,20,6,0.3,True
origlogs,thinkahead,origlogs_thinkahead,frozen_lake,18,original,1,20,11,0.55,True
origlogs,thinkahead,origlogs_thinkahead,frozen_lake,18,original,2,20,8,0.4,True
origlogs,thinkahead,origlogs_thinkahead,frozen_lake,18,original,3,20,9,0.45,True
origlogs,thinkahead,origlogs_thinkahead,frozen_lake,18,original,4,20,11,0.55,True
origlogs,thinkahead,origlogs_thinkahead,frozen_lake,18,original,5,20,8,0.4,True
origlogs,thinkahead,origlogs_thinkahead,frozen_lake,18,original,6,20,11,0.55,True
origlogs,thinkahead,origlogs_thinkahead,frozen_lake,18,original,7,20,10,0.5,True
origlogs,thinkahead,origlogs_thinkahead,frozen_lake,18,original,8,20,8,0.4,True
origlogs,thinkahead,origlogs_thinkahead,frozen_lake,18,updated,1,20,6,0.3,True
origlogs,thinkahead,origlogs_thinkahead,frozen_lake,18,updated,2,20,9,0.45,True
origlogs,thinkahead,origlogs_thinkahead,frozen_lake,18,updated,3,20,9,0.45,True
origlogs,thinkahead,origlogs_thinkahead,frozen_lake,18,updated,4,20,7,0.35,True
origlogs,thinkahead,origlogs_thinkahead,frozen_lake,18,updated,5,20,10,0.5,True
origlogs,thinkahead,origlogs_thinkahead,frozen_lake,18,updated,6,20,6,0.3,True
origlogs,thinkahead,origlogs_thinkahead,frozen_lake,18,updated,7,20,10,0.5,True
origlogs,thinkahead,origlogs_thinkahead,frozen_lake,18,updated,8,20,8,0.4,True
origlogs,thinkahead,origlogs_thinkahead,frozen_lake,19,original,1,20,9,0.45,True
origlogs,thinkahead,origlogs_thinkahead,frozen_lake,19,original,2,20,10,0.5,True
origlogs,thinkahead,origlogs_thinkahead,frozen_lake,19,original,3,20,8,0.4,True
origlogs,thinkahead,origlogs_thinkahead,frozen_lake,19,original,4,20,9,0.45,True
origlogs,thinkahead,origlogs_thinkahead,frozen_lake,19,original,5,20,10,0.5,True
origlogs,thinkahead,origlogs_thinkahead,frozen_lake,19,original,6,20,10,0.5,True
origlogs,thinkahead,origlogs_thinkahead,frozen_lake,19,original,7,20,10,0.5,True
origlogs,thinkahead,origlogs_thinkahead,frozen_lake,19,original,8,20,8,0.4,True
origlogs,thinkahead,origlogs_thinkahead,frozen_lake,19,updated,1,20,10,0.5,True
origlogs,thinkahead,origlogs_thinkahead,frozen_lake,19,updated,2,20,6,0.3,True
origlogs,thinkahead,origlogs_thinkahead,frozen_lake,19,updated,3,20,9,0.45,True
origlogs,thinkahead,origlogs_thinkahead,frozen_lake,19,updated,4,20,9,0.45,True
origlogs,thinkahead,origlogs_thinkahead,frozen_lake,19,updated,5,20,11,0.55,True
origlogs,thinkahead,origlogs_thinkahead,frozen_lake,19,updated,6,20,9,0.45,True
origlogs,thinkahead,origlogs_thinkahead,frozen_lake,19,updated,7,20,7,0.35,True
origlogs,thinkahead,origlogs_thinkahead,frozen_lake,19,updated,8,20,7,0.35,True
origlogs,thinkahead,origlogs_thinkahead,frozen_lake,20,original,1,20,7,0.35,True
origlogs,thinkahead,origlogs_thinkahead,frozen_lake,20,original,2,20,7,0.35,True
origlogs,thinkahead,origlogs_thinkahead,frozen_lake,20,original,3,20,8,0.4,True
origlogs,thinkahead,origlogs_thinkahead,frozen_lake,20,original,4,20,8,0.4,True
origlogs,thinkahead,origlogs_thinkahead,frozen_lake,20,original,5,20,8,0.4,True
origlogs,thinkahead,origlogs_thinkahead,frozen_lake,20,original,6,20,6,0.3,True
origlogs,thinkahead,origlogs_thinkahead,frozen_lake,20,original,7,20,6,0.3,True
origlogs,thinkahead,origlogs_thinkahead,frozen_lake,20,original,8,20,8,0.4,True
origlogs,thinkahead,origlogs_thinkahead,frozen_lake,20,updated,1,20,6,0.3,True
origlogs,thinkahead,origlogs_thinkahead,frozen_lake,20,updated,2,20,7,0.35,True
origlogs,thinkahead,origlogs_thinkahead,frozen_lake,20,updated,3,20,8,0.4,True
origlogs,thinkahead,origlogs_thinkahead,frozen_lake,20,updated,4,20,9,0.45,True
origlogs,thinkahead,origlogs_thinkahead,frozen_lake,20,updated,5,20,9,0.45,True
origlogs,thinkahead,origlogs_thinkahead,frozen_lake,20,updated,6,20,11,0.55,True
origlogs,thinkahead,origlogs_thinkahead,frozen_lake,20,updated,7,20,8,0.4,True
origlogs,thinkahead,origlogs_thinkahead,frozen_lake,20,updated,8,20,10,0.5,True
origlogs,thinkahead,origlogs_thinkahead,frozen_lake,21,original,1,20,4,0.2,True
origlogs,thinkahead,origlogs_thinkahead,frozen_lake,21,original,2,20,8,0.4,True
origlogs,thinkahead,origlogs_thinkahead,frozen_lake,21,original,3,20,7,0.35,True
origlogs,thinkahead,origlogs_thinkahead,frozen_lake,21,original,4,20,10,0.5,True
origlogs,thinkahead,origlogs_thinkahead,frozen_lake,21,original,5,20,6,0.3,True
origlogs,thinkahead,origlogs_thinkahead,frozen_lake,21,original,6,20,6,0.3,True
origlogs,thinkahead,origlogs_thinkahead,frozen_lake,21,original,7,20,8,0.4,True
origlogs,thinkahead,origlogs_thinkahead,frozen_lake,21,original,8,20,9,0.45,True
origlogs,thinkahead,origlogs_thinkahead,frozen_lake,21,updated,1,20,6,0.3,True
origlogs,thinkahead,origlogs_thinkahead,frozen_lake,21,updated,2,20,7,0.35,True
origlogs,thinkahead,origlogs_thinkahead,frozen_lake,21,updated,3,20,7,0.35,True
origlogs,thinkahead,origlogs_thinkahead,frozen_lake,21,updated,4,20,5,0.25,True
origlogs,thinkahead,origlogs_thinkahead,frozen_lake,21,updated,5,20,5,0.25,True
origlogs,thinkahead,origlogs_thinkahead,frozen_lake,21,updated,6,20,7,0.35,True
origlogs,thinkahead,origlogs_thinkahead,frozen_lake,21,updated,7,20,6,0.3,True
origlogs,thinkahead,origlogs_thinkahead,frozen_lake,21,updated,8,20,5,0.25,True
origlogs,thinkahead,origlogs_thinkahead,frozen_lake,22,original,1,20,7,0.35,True
origlogs,thinkahead,origlogs_thinkahead,frozen_lake,22,original,2,20,5,0.25,True
origlogs,thinkahead,origlogs_thinkahead,frozen_lake,22,original,3,20,6,0.3,True
origlogs,thinkahead,origlogs_thinkahead,frozen_lake,22,original,4,20,5,0.25,True
origlogs,thinkahead,origlogs_thinkahead,frozen_lake,22,original,5,20,7,0.35,True
origlogs,thinkahead,origlogs_thinkahead,frozen_lake,22,original,6,20,6,0.3,True
origlogs,thinkahead,origlogs_thinkahead,frozen_lake,22,original,7,20,6,0.3,True
origlogs,thinkahead,origlogs_thinkahead,frozen_lake,22,original,8,20,7,0.35,True
origlogs,thinkahead,origlogs_thinkahead,frozen_lake,22,updated,1,20,8,0.4,True
origlogs,thinkahead,origlogs_thinkahead,frozen_lake,22,updated,2,20,9,0.45,True
origlogs,thinkahead,origlogs_thinkahead,frozen_lake,22,updated,3,20,10,0.5,True
origlogs,thinkahead,origlogs_thinkahead,frozen_lake,22,updated,4,20,6,0.3,True
origlogs,thinkahead,origlogs_thinkahead,frozen_lake,22,updated,5,20,4,0.2,True
origlogs,thinkahead,origlogs_thinkahead,frozen_lake,22,updated,6,20,8,0.4,True
origlogs,thinkahead,origlogs_thinkahead,frozen_lake,22,updated,7,20,9,0.45,True
origlogs,thinkahead,origlogs_thinkahead,frozen_lake,22,updated,8,20,3,0.15,True
origlogs,thinkahead,origlogs_thinkahead,frozen_lake,23,original,1,20,8,0.4,True
origlogs,thinkahead,origlogs_thinkahead,frozen_lake,23,original,2,20,10,0.5,True
origlogs,thinkahead,origlogs_thinkahead,frozen_lake,23,original,3,20,9,0.45,True
origlogs,thinkahead,origlogs_thinkahead,frozen_lake,23,original,4,20,11,0.55,True
origlogs,thinkahead,origlogs_thinkahead,frozen_lake,23,original,5,20,8,0.4,True
origlogs,thinkahead,origlogs_thinkahead,frozen_lake,23,original,6,20,9,0.45,True
origlogs,thinkahead,origlogs_thinkahead,frozen_lake,23,original,7,20,8,0.4,True
origlogs,thinkahead,origlogs_thinkahead,frozen_lake,23,original,8,20,9,0.45,True
origlogs,thinkahead,origlogs_thinkahead,frozen_lake,23,updated,1,20,10,0.5,True
origlogs,thinkahead,origlogs_thinkahead,frozen_lake,23,updated,2,20,8,0.4,True
origlogs,thinkahead,origlogs_thinkahead,frozen_lake,23,updated,3,20,10,0.5,True
origlogs,thinkahead,origlogs_thinkahead,frozen_lake,23,updated,4,20,10,0.5,True
origlogs,thinkahead,origlogs_thinkahead,frozen_lake,23,updated,5,20,8,0.4,True
origlogs,thinkahead,origlogs_thinkahead,frozen_lake,23,updated,6,20,9,0.45,True
origlogs,thinkahead,origlogs_thinkahead,frozen_lake,23,updated,7,20,10,0.5,True
origlogs,thinkahead,origlogs_thinkahead,frozen_lake,23,updated,8,20,10,0.5,True
origlogs,thinkahead,origlogs_thinkahead,frozen_lake,24,original,1,20,9,0.45,True
origlogs,thinkahead,origlogs_thinkahead,frozen_lake,24,original,2,20,9,0.45,True
origlogs,thinkahead,origlogs_thinkahead,frozen_lake,24,original,3,20,10,0.5,True
origlogs,thinkahead,origlogs_thinkahead,frozen_lake,24,original,4,20,7,0.35,True
origlogs,thinkahead,origlogs_thinkahead,frozen_lake,24,original,5,20,8,0.4,True
origlogs,thinkahead,origlogs_thinkahead,frozen_lake,24,original,6,20,8,0.4,True
origlogs,thinkahead,origlogs_thinkahead,frozen_lake,24,original,7,20,9,0.45,True
origlogs,thinkahead,origlogs_thinkahead,frozen_lake,24,original,8,20,8,0.4,True
origlogs,thinkahead,origlogs_thinkahead,frozen_lake,24,updated,1,20,13,0.65,True
origlogs,thinkahead,origlogs_thinkahead,frozen_lake,24,updated,2,20,11,0.55,True
origlogs,thinkahead,origlogs_thinkahead,frozen_lake,24,updated,3,20,11,0.55,True
origlogs,thinkahead,origlogs_thinkahead,frozen_lake,24,updated,4,20,11,0.55,True
origlogs,thinkahead,origlogs_thinkahead,frozen_lake,24,updated,5,20,10,0.5,True
origlogs,thinkahead,origlogs_thinkahead,frozen_lake,24,updated,6,20,8,0.4,True
origlogs,thinkahead,origlogs_thinkahead,frozen_lake,24,updated,7,20,8,0.4,True
origlogs,thinkahead,origlogs_thinkahead,frozen_lake,24,updated,8,20,7,0.35,True
origlogs,thinkahead,origlogs_thinkahead,frozen_lake,25,original,1,20,9,0.45,True
origlogs,thinkahead,origlogs_thinkahead,frozen_lake,25,original,2,20,11,0.55,True
origlogs,thinkahead,origlogs_thinkahead,frozen_lake,25,original,3,20,9,0.45,True
origlogs,thinkahead,origlogs_thinkahead,frozen_lake,25,original,4,20,7,0.35,True
origlogs,thinkahead,origlogs_thinkahead,frozen_lake,25,original,5,20,10,0.5,True
origlogs,thinkahead,origlogs_thinkahead,frozen_lake,25,original,6,20,8,0.4,True
origlogs,thinkahead,origlogs_thinkahead,frozen_lake,25,original,7,20,9,0.45,True
origlogs,thinkahead,origlogs_thinkahead,frozen_lake,25,original,8,20,9,0.45,True
origlogs,thinkahead,origlogs_thinkahead,frozen_lake,25,updated,1,20,9,0.45,True
origlogs,thinkahead,origlogs_thinkahead,frozen_lake,25,updated,2,20,9,0.45,True
origlogs,thinkahead,origlogs_thinkahead,frozen_lake,25,updated,3,20,10,0.5,True
origlogs,thinkahead,origlogs_thinkahead,frozen_lake,25,updated,4,20,9,0.45,True
origlogs,thinkahead,origlogs_thinkahead,frozen_lake,25,updated,5,20,11,0.55,True
origlogs,thinkahead,origlogs_thinkahead,frozen_lake,25,updated,6,20,9,0.45,True
origlogs,thinkahead,origlogs_thinkahead,frozen_lake,25,updated,7,20,7,0.35,True
origlogs,thinkahead,origlogs_thinkahead,frozen_lake,25,updated,8,20,9,0.45,True
origlogs,thinkahead,origlogs_thinkahead,frozen_lake,26,original,1,20,8,0.4,True
origlogs,thinkahead,origlogs_thinkahead,frozen_lake,26,original,2,20,9,0.45,True
origlogs,thinkahead,origlogs_thinkahead,frozen_lake,26,original,3,20,12,0.6,True
origlogs,thinkahead,origlogs_thinkahead,frozen_lake,26,original,4,20,11,0.55,True
origlogs,thinkahead,origlogs_thinkahead,frozen_lake,26,original,5,20,11,0.55,True
origlogs,thinkahead,origlogs_thinkahead,frozen_lake,26,original,6,20,10,0.5,True
origlogs,thinkahead,origlogs_thinkahead,frozen_lake,26,original,7,20,8,0.4,True
origlogs,thinkahead,origlogs_thinkahead,frozen_lake,26,original,8,20,10,0.5,True
origlogs,thinkahead,origlogs_thinkahead,frozen_lake,26,updated,1,20,7,0.35,True
origlogs,thinkahead,origlogs_thinkahead,frozen_lake,26,updated,2,20,8,0.4,True
origlogs,thinkahead,origlogs_thinkahead,frozen_lake,26,updated,3,20,10,0.5,True
origlogs,thinkahead,origlogs_thinkahead,frozen_lake,26,updated,4,20,9,0.45,True
origlogs,thinkahead,origlogs_thinkahead,frozen_lake,26,updated,5,20,9,0.45,True
origlogs,thinkahead,origlogs_thinkahead,frozen_lake,26,updated,6,20,9,0.45,True
origlogs,thinkahead,origlogs_thinkahead,frozen_lake,26,updated,7,20,5,0.25,True
origlogs,thinkahead,origlogs_thinkahead,frozen_lake,26,updated,8,20,10,0.5,True
origlogs,thinkahead,origlogs_thinkahead,frozen_lake,27,original,1,20,10,0.5,True
origlogs,thinkahead,origlogs_thinkahead,frozen_lake,27,original,2,20,7,0.35,True
origlogs,thinkahead,origlogs_thinkahead,frozen_lake,27,original,3,20,6,0.3,True
origlogs,thinkahead,origlogs_thinkahead,frozen_lake,27,original,4,20,8,0.4,True
origlogs,thinkahead,origlogs_thinkahead,frozen_lake,27,original,5,20,6,0.3,True
origlogs,thinkahead,origlogs_thinkahead,frozen_lake,27,original,6,20,7,0.35,True
origlogs,thinkahead,origlogs_thinkahead,frozen_lake,27,original,7,20,9,0.45,True
origlogs,thinkahead,origlogs_thinkahead,frozen_lake,27,original,8,20,8,0.4,True
origlogs,thinkahead,origlogs_thinkahead,frozen_lake,27,updated,1,20,7,0.35,True
origlogs,thinkahead,origlogs_thinkahead,frozen_lake,27,updated,2,20,7,0.35,True
origlogs,thinkahead,origlogs_thinkahead,frozen_lake,27,updated,3,20,7,0.35,True
origlogs,thinkahead,origlogs_thinkahead,frozen_lake,27,updated,4,20,6,0.3,True
origlogs,thinkahead,origlogs_thinkahead,frozen_lake,27,updated,5,20,8,0.4,True
origlogs,thinkahead,origlogs_thinkahead,frozen_lake,27,updated,6,20,7,0.35,True
origlogs,thinkahead,origlogs_thinkahead,frozen_lake,27,updated,7,20,8,0.4,True
origlogs,thinkahead,origlogs_thinkahead,frozen_lake,27,updated,8,20,6,0.3,True
origlogs,thinkahead,origlogs_thinkahead,frozen_lake,28,original,1,20,6,0.3,True
origlogs,thinkahead,origlogs_thinkahead,frozen_lake,28,original,2,20,6,0.3,True
origlogs,thinkahead,origlogs_thinkahead,frozen_lake,28,original,3,20,7,0.35,True
origlogs,thinkahead,origlogs_thinkahead,frozen_lake,28,original,4,20,8,0.4,True
origlogs,thinkahead,origlogs_thinkahead,frozen_lake,28,original,5,20,6,0.3,True
origlogs,thinkahead,origlogs_thinkahead,frozen_lake,28,original,6,20,7,0.35,True
origlogs,thinkahead,origlogs_thinkahead,frozen_lake,28,original,7,20,6,0.3,True
origlogs,thinkahead,origlogs_thinkahead,frozen_lake,28,original,8,20,6,0.3,True
origlogs,thinkahead,origlogs_thinkahead,frozen_lake,28,updated,1,20,5,0.25,True
origlogs,thinkahead,origlogs_thinkahead,frozen_lake,28,updated,2,20,6,0.3,True
origlogs,thinkahead,origlogs_thinkahead,frozen_lake,28,updated,3,20,13,0.65,True
origlogs,thinkahead,origlogs_thinkahead,frozen_lake,28,updated,4,20,12,0.6,True
origlogs,thinkahead,origlogs_thinkahead,frozen_lake,28,updated,5,20,5,0.25,True
origlogs,thinkahead,origlogs_thinkahead,frozen_lake,28,updated,6,20,5,0.25,True
origlogs,thinkahead,origlogs_thinkahead,frozen_lake,28,updated,7,20,12,0.6,True
origlogs,thinkahead,origlogs_thinkahead,frozen_lake,28,updated,8,20,11,0.55,True
origlogs,thinkahead,origlogs_thinkahead,frozen_lake,29,original,1,20,8,0.4,True
origlogs,thinkahead,origlogs_thinkahead,frozen_lake,29,original,2,20,6,0.3,True
origlogs,thinkahead,origlogs_thinkahead,frozen_lake,29,original,3,20,5,0.25,True
origlogs,thinkahead,origlogs_thinkahead,frozen_lake,29,original,4,20,9,0.45,True
origlogs,thinkahead,origlogs_thinkahead,frozen_lake,29,original,5,20,9,0.45,True
origlogs,thinkahead,origlogs_thinkahead,frozen_lake,29,original,6,20,6,0.3,True
origlogs,thinkahead,origlogs_thinkahead,frozen_lake,29,original,7,20,9,0.45,True
origlogs,thinkahead,origlogs_thinkahead,frozen_lake,29,original,8,20,7,0.35,True
origlogs,thinkahead,origlogs_thinkahead,frozen_lake,29,updated,1,20,7,0.35,True
origlogs,thinkahead,origlogs_thinkahead,frozen_lake,29,updated,2,20,6,0.3,True
origlogs,thinkahead,origlogs_thinkahead,frozen_lake,29,updated,3,20,8,0.4,True
origlogs,thinkahead,origlogs_thinkahead,frozen_lake,29,updated,4,20,9,0.45,True
origlogs,thinkahead,origlogs_thinkahead,frozen_lake,29,updated,5,20,8,0.4,True
origlogs,thinkahead,origlogs_thinkahead,frozen_lake,29,updated,6,20,8,0.4,True
origlogs,thinkahead,origlogs_thinkahead,frozen_lake,29,updated,7,20,6,0.3,True
origlogs,thinkahead,origlogs_thinkahead,frozen_lake,29,updated,8,20,7,0.35,True
origlogs,thinkahead,origlogs_thinkahead,frozen_lake,30,original,1,20,9,0.45,True
origlogs,thinkahead,origlogs_thinkahead,frozen_lake,30,original,2,20,8,0.4,True
origlogs,thinkahead,origlogs_thinkahead,frozen_lake,30,original,3,20,10,0.5,True
origlogs,thinkahead,origlogs_thinkahead,frozen_lake,30,original,4,20,9,0.45,True
origlogs,thinkahead,origlogs_thinkahead,frozen_lake,30,original,5,20,7,0.35,True
origlogs,thinkahead,origlogs_thinkahead,frozen_lake,30,original,6,20,10,0.5,True
origlogs,thinkahead,origlogs_thinkahead,frozen_lake,30,original,7,20,9,0.45,True
origlogs,thinkahead,origlogs_thinkahead,frozen_lake,30,original,8,20,10,0.5,True
origlogs,thinkahead,origlogs_thinkahead,frozen_lake,30,updated,1,20,8,0.4,True
origlogs,thinkahead,origlogs_thinkahead,frozen_lake,30,updated,2,20,8,0.4,True
origlogs,thinkahead,origlogs_thinkahead,frozen_lake,30,updated,3,20,10,0.5,True
origlogs,thinkahead,origlogs_thinkahead,frozen_lake,30,updated,4,20,8,0.4,True
origlogs,thinkahead,origlogs_thinkahead,frozen_lake,30,updated,5,20,9,0.45,True
origlogs,thinkahead,origlogs_thinkahead,frozen_lake,30,updated,6,20,10,0.5,True
origlogs,thinkahead,origlogs_thinkahead,frozen_lake,30,updated,7,20,11,0.55,True
origlogs,thinkahead,origlogs_thinkahead,frozen_lake,30,updated,8,20,7,0.35,True
origlogs,thinkahead,origlogs_thinkahead,frozen_lake,31,original,1,20,7,0.35,True
origlogs,thinkahead,origlogs_thinkahead,frozen_lake,31,original,2,20,10,0.5,True
origlogs,thinkahead,origlogs_thinkahead,frozen_lake,31,original,3,20,9,0.45,True
origlogs,thinkahead,origlogs_thinkahead,frozen_lake,31,original,4,20,9,0.45,True
origlogs,thinkahead,origlogs_thinkahead,frozen_lake,31,original,5,20,9,0.45,True
origlogs,thinkahead,origlogs_thinkahead,frozen_lake,31,original,6,20,9,0.45,True
origlogs,thinkahead,origlogs_thinkahead,frozen_lake,31,original,7,20,9,0.45,True
origlogs,thinkahead,origlogs_thinkahead,frozen_lake,31,original,8,20,10,0.5,True
origlogs,thinkahead,origlogs_thinkahead,frozen_lake,31,updated,1,20,9,0.45,True
origlogs,thinkahead,origlogs_thinkahead,frozen_lake,31,updated,2,20,11,0.55,True
origlogs,thinkahead,origlogs_thinkahead,frozen_lake,31,updated,3,20,10,0.5,True
origlogs,thinkahead,origlogs_thinkahead,frozen_lake,31,updated,4,20,4,0.2,True
origlogs,thinkahead,origlogs_thinkahead,frozen_lake,31,updated,5,20,10,0.5,True
origlogs,thinkahead,origlogs_thinkahead,frozen_lake,31,updated,6,20,8,0.4,True
origlogs,thinkahead,origlogs_thinkahead,frozen_lake,31,updated,7,20,6,0.3,True
origlogs,thinkahead,origlogs_thinkahead,frozen_lake,31,updated,8,20,10,0.5,True
origlogs,thinkahead,origlogs_thinkahead,frozen_lake,32,original,1,20,5,0.25,True
origlogs,thinkahead,origlogs_thinkahead,frozen_lake,32,original,2,20,5,0.25,True
origlogs,thinkahead,origlogs_thinkahead,frozen_lake,32,original,3,20,4,0.2,True
origlogs,thinkahead,origlogs_thinkahead,frozen_lake,32,original,4,20,5,0.25,True
origlogs,thinkahead,origlogs_thinkahead,frozen_lake,32,original,5,20,4,0.2,True
origlogs,thinkahead,origlogs_thinkahead,frozen_lake,32,original,6,20,4,0.2,True
origlogs,thinkahead,origlogs_thinkahead,frozen_lake,32,original,7,20,3,0.15,True
origlogs,thinkahead,origlogs_thinkahead,frozen_lake,32,original,8,20,3,0.15,True
origlogs,thinkahead,origlogs_thinkahead,frozen_lake,32,updated,1,20,5,0.25,True
origlogs,thinkahead,origlogs_thinkahead,frozen_lake,32,updated,2,20,6,0.3,True
origlogs,thinkahead,origlogs_thinkahead,frozen_lake,32,updated,3,20,5,0.25,True
origlogs,thinkahead,origlogs_thinkahead,frozen_lake,32,updated,4,20,4,0.2,True
origlogs,thinkahead,origlogs_thinkahead,frozen_lake,32,updated,5,20,4,0.2,True
origlogs,thinkahead,origlogs_thinkahead,frozen_lake,32,updated,6,20,9,0.45,True
origlogs,thinkahead,origlogs_thinkahead,frozen_lake,32,updated,7,20,3,0.15,True
origlogs,thinkahead,origlogs_thinkahead,frozen_lake,32,updated,8,20,9,0.45,True
origlogs,thinkahead,origlogs_thinkahead,frozen_lake,33,original,1,20,9,0.45,True
origlogs,thinkahead,origlogs_thinkahead,frozen_lake,33,original,2,20,12,0.6,True
origlogs,thinkahead,origlogs_thinkahead,frozen_lake,33,original,3,20,9,0.45,True
origlogs,thinkahead,origlogs_thinkahead,frozen_lake,33,original,4,20,10,0.5,True
origlogs,thinkahead,origlogs_thinkahead,frozen_lake,33,original,5,20,11,0.55,True
origlogs,thinkahead,origlogs_thinkahead,frozen_lake,33,original,6,20,9,0.45,True
origlogs,thinkahead,origlogs_thinkahead,frozen_lake,33,original,7,20,8,0.4,True
origlogs,thinkahead,origlogs_thinkahead,frozen_lake,33,original,8,20,11,0.55,True
origlogs,thinkahead,origlogs_thinkahead,frozen_lake,33,updated,1,20,13,0.65,True
origlogs,thinkahead,origlogs_thinkahead,frozen_lake,33,updated,2,20,8,0.4,True
origlogs,thinkahead,origlogs_thinkahead,frozen_lake,33,updated,3,20,11,0.55,True
origlogs,thinkahead,origlogs_thinkahead,frozen_lake,33,updated,4,20,11,0.55,True
origlogs,thinkahead,origlogs_thinkahead,frozen_lake,33,updated,5,20,12,0.6,True
origlogs,thinkahead,origlogs_thinkahead,frozen_lake,33,updated,6,20,5,0.25,True
origlogs,thinkahead,origlogs_thinkahead,frozen_lake,33,updated,7,20,12,0.6,True
origlogs,thinkahead,origlogs_thinkahead,frozen_lake,33,updated,8,20,12,0.6,True
origlogs,thinkahead,origlogs_thinkahead,frozen_lake,34,original,1,20,12,0.6,True
origlogs,thinkahead,origlogs_thinkahead,frozen_lake,34,original,2,20,10,0.5,True
origlogs,thinkahead,origlogs_thinkahead,frozen_lake,34,original,3,20,10,0.5,True
origlogs,thinkahead,origlogs_thinkahead,frozen_lake,34,original,4,20,15,0.75,True
origlogs,thinkahead,origlogs_thinkahead,frozen_lake,34,original,5,20,12,0.6,True
origlogs,thinkahead,origlogs_thinkahead,frozen_lake,34,original,6,20,9,0.45,True
origlogs,thinkahead,origlogs_thinkahead,frozen_lake,34,original,7,20,10,0.5,True
origlogs,thinkahead,origlogs_thinkahead,frozen_lake,34,original,8,20,14,0.7,True
origlogs,thinkahead,origlogs_thinkahead,frozen_lake,34,updated,1,20,11,0.55,True
origlogs,thinkahead,origlogs_thinkahead,frozen_lake,34,updated,2,20,9,0.45,True
origlogs,thinkahead,origlogs_thinkahead,frozen_lake,34,updated,3,20,12,0.6,True
origlogs,thinkahead,origlogs_thinkahead,frozen_lake,34,updated,4,20,10,0.5,True
origlogs,thinkahead,origlogs_thinkahead,frozen_lake,34,updated,5,20,14,0.7,True
origlogs,thinkahead,origlogs_thinkahead,frozen_lake,34,updated,6,20,11,0.55,True
origlogs,thinkahead,origlogs_thinkahead,frozen_lake,34,updated,7,20,12,0.6,True
origlogs,thinkahead,origlogs_thinkahead,frozen_lake,34,updated,8,20,13,0.65,True
origlogs,thinkahead,origlogs_thinkahead,frozen_lake,35,original,1,20,10,0.5,True
origlogs,thinkahead,origlogs_thinkahead,frozen_lake,35,original,2,20,9,0.45,True
origlogs,thinkahead,origlogs_thinkahead,frozen_lake,35,original,3,20,10,0.5,True
origlogs,thinkahead,origlogs_thinkahead,frozen_lake,35,original,4,20,13,0.65,True
origlogs,thinkahead,origlogs_thinkahead,frozen_lake,35,original,5,20,12,0.6,True
origlogs,thinkahead,origlogs_thinkahead,frozen_lake,35,original,6,20,12,0.6,True
origlogs,thinkahead,origlogs_thinkahead,frozen_lake,35,original,7,20,11,0.55,True
origlogs,thinkahead,origlogs_thinkahead,frozen_lake,35,original,8,20,9,0.45,True
origlogs,thinkahead,origlogs_thinkahead,frozen_lake,35,updated,1,20,11,0.55,True
origlogs,thinkahead,origlogs_thinkahead,frozen_lake,35,updated,2,20,5,0.25,True
origlogs,thinkahead,origlogs_thinkahead,frozen_lake,35,updated,3,20,13,0.65,True
origlogs,thinkahead,origlogs_thinkahead,frozen_lake,35,updated,4,20,9,0.45,True
origlogs,thinkahead,origlogs_thinkahead,frozen_lake,35,updated,5,20,10,0.5,True
origlogs,thinkahead,origlogs_thinkahead,frozen_lake,35,updated,6,20,10,0.5,True
origlogs,thinkahead,origlogs_thinkahead,frozen_lake,35,updated,7,20,6,0.3,True
origlogs,thinkahead,origlogs_thinkahead,frozen_lake,35,updated,8,20,10,0.5,True
origlogs,thinkahead,origlogs_thinkahead,frozen_lake,36,original,1,20,12,0.6,True
origlogs,thinkahead,origlogs_thinkahead,frozen_lake,36,original,2,20,11,0.55,True
origlogs,thinkahead,origlogs_thinkahead,frozen_lake,36,original,3,20,13,0.65,True
origlogs,thinkahead,origlogs_thinkahead,frozen_lake,36,original,4,20,8,0.4,True
origlogs,thinkahead,origlogs_thinkahead,frozen_lake,36,original,5,20,12,0.6,True
origlogs,thinkahead,origlogs_thinkahead,frozen_lake,36,original,6,20,13,0.65,True
origlogs,thinkahead,origlogs_thinkahead,frozen_lake,36,original,7,20,11,0.55,True
origlogs,thinkahead,origlogs_thinkahead,frozen_lake,36,original,8,20,11,0.55,True
origlogs,thinkahead,origlogs_thinkahead,frozen_lake,36,updated,1,20,9,0.45,True
origlogs,thinkahead,origlogs_thinkahead,frozen_lake,36,updated,2,20,11,0.55,True
origlogs,thinkahead,origlogs_thinkahead,frozen_lake,36,updated,3,20,12,0.6,True
origlogs,thinkahead,origlogs_thinkahead,frozen_lake,36,updated,4,20,11,0.55,True
origlogs,thinkahead,origlogs_thinkahead,frozen_lake,36,updated,5,20,12,0.6,True
origlogs,thinkahead,origlogs_thinkahead,frozen_lake,36,updated,6,20,10,0.5,True
origlogs,thinkahead,origlogs_thinkahead,frozen_lake,36,updated,7,20,12,0.6,True
origlogs,thinkahead,origlogs_thinkahead,frozen_lake,36,updated,8,20,8,0.4,True
origlogs,thinkahead,origlogs_thinkahead,frozen_lake,37,original,1,20,10,0.5,True
origlogs,thinkahead,origlogs_thinkahead,frozen_lake,37,original,2,20,11,0.55,True
origlogs,thinkahead,origlogs_thinkahead,frozen_lake,37,original,3,20,12,0.6,True
origlogs,thinkahead,origlogs_thinkahead,frozen_lake,37,original,4,20,11,0.55,True
origlogs,thinkahead,origlogs_thinkahead,frozen_lake,37,original,5,20,11,0.55,True
origlogs,thinkahead,origlogs_thinkahead,frozen_lake,37,original,6,20,12,0.6,True
origlogs,thinkahead,origlogs_thinkahead,frozen_lake,37,original,7,20,12,0.6,True
origlogs,thinkahead,origlogs_thinkahead,frozen_lake,37,original,8,20,10,0.5,True
origlogs,thinkahead,origlogs_thinkahead,frozen_lake,37,updated,1,20,8,0.4,True
origlogs,thinkahead,origlogs_thinkahead,frozen_lake,37,updated,2,20,6,0.3,True
origlogs,thinkahead,origlogs_thinkahead,frozen_lake,37,updated,3,20,10,0.5,True
origlogs,thinkahead,origlogs_thinkahead,frozen_lake,37,updated,4,20,13,0.65,True
origlogs,thinkahead,origlogs_thinkahead,frozen_lake,37,updated,5,20,9,0.45,True
origlogs,thinkahead,origlogs_thinkahead,frozen_lake,37,updated,6,20,8,0.4,True
origlogs,thinkahead,origlogs_thinkahead,frozen_lake,37,updated,7,20,8,0.4,True
origlogs,thinkahead,origlogs_thinkahead,frozen_lake,37,updated,8,20,11,0.55,True
origlogs,thinkahead,origlogs_thinkahead,frozen_lake,38,original,1,20,7,0.35,True
origlogs,thinkahead,origlogs_thinkahead,frozen_lake,38,original,2,20,5,0.25,True
origlogs,thinkahead,origlogs_thinkahead,frozen_lake,38,original,3,20,4,0.2,True
origlogs,thinkahead,origlogs_thinkahead,frozen_lake,38,original,4,20,9,0.45,True
origlogs,thinkahead,origlogs_thinkahead,frozen_lake,38,original,5,20,4,0.2,True
origlogs,thinkahead,origlogs_thinkahead,frozen_lake,38,original,6,20,6,0.3,True
origlogs,thinkahead,origlogs_thinkahead,frozen_lake,38,original,7,20,9,0.45,True
origlogs,thinkahead,origlogs_thinkahead,frozen_lake,38,original,8,20,6,0.3,True
origlogs,thinkahead,origlogs_thinkahead,frozen_lake,38,updated,1,20,6,0.3,True
origlogs,thinkahead,origlogs_thinkahead,frozen_lake,38,updated,2,20,7,0.35,True
origlogs,thinkahead,origlogs_thinkahead,frozen_lake,38,updated,3,20,4,0.2,True
origlogs,thinkahead,origlogs_thinkahead,frozen_lake,38,updated,4,20,5,0.25,True
origlogs,thinkahead,origlogs_thinkahead,frozen_lake,38,updated,5,20,4,0.2,True
origlogs,thinkahead,origlogs_thinkahead,frozen_lake,38,updated,6,20,7,0.35,True
origlogs,thinkahead,origlogs_thinkahead,frozen_lake,38,updated,7,20,6,0.3,True
origlogs,thinkahead,origlogs_thinkahead,frozen_lake,38,updated,8,20,6,0.3,True
origlogs,thinkahead,origlogs_thinkahead,frozen_lake,39,original,1,20,8,0.4,True
origlogs,thinkahead,origlogs_thinkahead,frozen_lake,39,original,2,20,6,0.3,True
origlogs,thinkahead,origlogs_thinkahead,frozen_lake,39,original,3,20,7,0.35,True
origlogs,thinkahead,origlogs_thinkahead,frozen_lake,39,original,4,20,6,0.3,True
origlogs,thinkahead,origlogs_thinkahead,frozen_lake,39,original,5,20,7,0.35,True
origlogs,thinkahead,origlogs_thinkahead,frozen_lake,39,original,6,20,8,0.4,True
origlogs,thinkahead,origlogs_thinkahead,frozen_lake,39,original,7,20,7,0.35,True
origlogs,thinkahead,origlogs_thinkahead,frozen_lake,39,original,8,20,6,0.3,True
origlogs,thinkahead,origlogs_thinkahead,frozen_lake,39,updated,1,20,9,0.45,True
origlogs,thinkahead,origlogs_thinkahead,frozen_lake,39,updated,2,20,6,0.3,True
origlogs,thinkahead,origlogs_thinkahead,frozen_lake,39,updated,3,20,6,0.3,True
origlogs,thinkahead,origlogs_thinkahead,frozen_lake,39,updated,4,20,8,0.4,True
origlogs,thinkahead,origlogs_thinkahead,frozen_lake,39,updated,5,20,9,0.45,True
origlogs,thinkahead,origlogs_thinkahead,frozen_lake,39,updated,6,20,5,0.25,True
origlogs,thinkahead,origlogs_thinkahead,frozen_lake,39,updated,7,20,6,0.3,True
origlogs,thinkahead,origlogs_thinkahead,frozen_lake,39,updated,8,20,8,0.4,True
origlogs,thinkahead,origlogs_thinkahead,frozen_lake,40,original,1,20,6,0.3,True
origlogs,thinkahead,origlogs_thinkahead,frozen_lake,40,original,2,20,5,0.25,True
origlogs,thinkahead,origlogs_thinkahead,frozen_lake,40,original,3,20,8,0.4,True
origlogs,thinkahead,origlogs_thinkahead,frozen_lake,40,original,4,20,6,0.3,True
origlogs,thinkahead,origlogs_thinkahead,frozen_lake,40,original,5,20,6,0.3,True
origlogs,thinkahead,origlogs_thinkahead,frozen_lake,40,original,6,20,9,0.45,True
origlogs,thinkahead,origlogs_thinkahead,frozen_lake,40,original,7,20,8,0.4,True
origlogs,thinkahead,origlogs_thinkahead,frozen_lake,40,original,8,20,7,0.35,True
origlogs,thinkahead,origlogs_thinkahead,frozen_lake,40,updated,1,20,4,0.2,True
origlogs,thinkahead,origlogs_thinkahead,frozen_lake,40,updated,2,20,4,0.2,True
origlogs,thinkahead,origlogs_thinkahead,frozen_lake,40,updated,3,20,5,0.25,True
origlogs,thinkahead,origlogs_thinkahead,frozen_lake,40,updated,4,20,8,0.4,True
origlogs,thinkahead,origlogs_thinkahead,frozen_lake,40,updated,5,20,4,0.2,True
origlogs,thinkahead,origlogs_thinkahead,frozen_lake,40,updated,6,20,10,0.5,True
origlogs,thinkahead,origlogs_thinkahead,frozen_lake,40,updated,7,20,5,0.25,True
origlogs,thinkahead,origlogs_thinkahead,frozen_lake,40,updated,8,20,4,0.2,True
origlogs,thinkahead,origlogs_thinkahead,sokoban,1,original,1,20,7,0.35,True
origlogs,thinkahead,origlogs_thinkahead,sokoban,1,original,2,20,6,0.3,True
origlogs,thinkahead,origlogs_thinkahead,sokoban,1,original,3,20,7,0.35,True
origlogs,thinkahead,origlogs_thinkahead,sokoban,1,original,4,20,5,0.25,True
origlogs,thinkahead,origlogs_thinkahead,sokoban,1,original,5,20,6,0.3,True
origlogs,thinkahead,origlogs_thinkahead,sokoban,1,original,6,20,9,0.45,True
origlogs,thinkahead,origlogs_thinkahead,sokoban,1,original,7,20,8,0.4,True
origlogs,thinkahead,origlogs_thinkahead,sokoban,1,original,8,20,7,0.35,True
origlogs,thinkahead,origlogs_thinkahead,sokoban,1,updated,1,20,5,0.25,True
origlogs,thinkahead,origlogs_thinkahead,sokoban,1,updated,2,20,18,0.9,True
origlogs,thinkahead,origlogs_thinkahead,sokoban,1,updated,3,20,15,0.75,True
origlogs,thinkahead,origlogs_thinkahead,sokoban,1,updated,4,20,6,0.3,True
origlogs,thinkahead,origlogs_thinkahead,sokoban,1,updated,5,20,11,0.55,True
origlogs,thinkahead,origlogs_thinkahead,sokoban,1,updated,6,20,7,0.35,True
origlogs,thinkahead,origlogs_thinkahead,sokoban,1,updated,7,20,8,0.4,True
origlogs,thinkahead,origlogs_thinkahead,sokoban,1,updated,8,20,4,0.2,True
origlogs,thinkahead,origlogs_thinkahead,sokoban,2,original,1,20,6,0.3,True
origlogs,thinkahead,origlogs_thinkahead,sokoban,2,original,2,20,8,0.4,True
origlogs,thinkahead,origlogs_thinkahead,sokoban,2,original,3,20,7,0.35,True
origlogs,thinkahead,origlogs_thinkahead,sokoban,2,original,4,20,8,0.4,True
origlogs,thinkahead,origlogs_thinkahead,sokoban,2,original,5,20,9,0.45,True
origlogs,thinkahead,origlogs_thinkahead,sokoban,2,original,6,20,6,0.3,True
origlogs,thinkahead,origlogs_thinkahead,sokoban,2,original,7,20,8,0.4,True
origlogs,thinkahead,origlogs_thinkahead,sokoban,2,original,8,20,7,0.35,True
origlogs,thinkahead,origlogs_thinkahead,sokoban,2,updated,1,20,9,0.45,True
origlogs,thinkahead,origlogs_thinkahead,sokoban,2,updated,2,20,8,0.4,True
origlogs,thinkahead,origlogs_thinkahead,sokoban,2,updated,3,20,8,0.4,True
origlogs,thinkahead,origlogs_thinkahead,sokoban,2,updated,4,20,9,0.45,True
origlogs,thinkahead,origlogs_thinkahead,sokoban,2,updated,5,20,7,0.35,True
origlogs,thinkahead,origlogs_thinkahead,sokoban,2,updated,6,20,9,0.45,True
origlogs,thinkahead,origlogs_thinkahead,sokoban,2,updated,7,20,5,0.25,True
origlogs,thinkahead,origlogs_thinkahead,sokoban,2,updated,8,20,9,0.45,True
origlogs,thinkahead,origlogs_thinkahead,sokoban,3,original,1,20,7,0.35,True
origlogs,thinkahead,origlogs_thinkahead,sokoban,3,original,2,20,6,0.3,True
origlogs,thinkahead,origlogs_thinkahead,sokoban,3,original,3,20,9,0.45,True
origlogs,thinkahead,origlogs_thinkahead,sokoban,3,original,4,20,8,0.4,True
origlogs,thinkahead,origlogs_thinkahead,sokoban,3,original,5,20,7,0.35,True
origlogs,thinkahead,origlogs_thinkahead,sokoban,3,original,6,20,11,0.55,True
origlogs,thinkahead,origlogs_thinkahead,sokoban,3,original,7,20,6,0.3,True
origlogs,thinkahead,origlogs_thinkahead,sokoban,3,original,8,20,9,0.45,True
origlogs,thinkahead,origlogs_thinkahead,sokoban,3,updated,1,20,6,0.3,True
origlogs,thinkahead,origlogs_thinkahead,sokoban,3,updated,2,20,7,0.35,True
origlogs,thinkahead,origlogs_thinkahead,sokoban,3,updated,3,20,8,0.4,True
origlogs,thinkahead,origlogs_thinkahead,sokoban,3,updated,4,20,6,0.3,True
origlogs,thinkahead,origlogs_thinkahead,sokoban,3,updated,5,20,6,0.3,True
origlogs,thinkahead,origlogs_thinkahead,sokoban,3,updated,6,20,5,0.25,True
origlogs,thinkahead,origlogs_thinkahead,sokoban,3,updated,7,20,6,0.3,True
origlogs,thinkahead,origlogs_thinkahead,sokoban,3,updated,8,20,7,0.35,True
origlogs,thinkahead,origlogs_thinkahead,sokoban,4,original,1,20,6,0.3,True
origlogs,thinkahead,origlogs_thinkahead,sokoban,4,original,2,20,6,0.3,True
origlogs,thinkahead,origlogs_thinkahead,sokoban,4,original,3,20,6,0.3,True
origlogs,thinkahead,origlogs_thinkahead,sokoban,4,original,4,20,6,0.3,True
origlogs,thinkahead,origlogs_thinkahead,sokoban,4,original,5,20,5,0.25,True
origlogs,thinkahead,origlogs_thinkahead,sokoban,4,original,6,20,8,0.4,True
origlogs,thinkahead,origlogs_thinkahead,sokoban,4,original,7,20,7,0.35,True
origlogs,thinkahead,origlogs_thinkahead,sokoban,4,original,8,20,8,0.4,True
origlogs,thinkahead,origlogs_thinkahead,sokoban,4,updated,1,20,8,0.4,True
origlogs,thinkahead,origlogs_thinkahead,sokoban,4,updated,2,20,6,0.3,True
origlogs,thinkahead,origlogs_thinkahead,sokoban,4,updated,3,20,7,0.35,True
origlogs,thinkahead,origlogs_thinkahead,sokoban,4,updated,4,20,6,0.3,True
origlogs,thinkahead,origlogs_thinkahead,sokoban,4,updated,5,20,4,0.2,True
origlogs,thinkahead,origlogs_thinkahead,sokoban,4,updated,6,20,7,0.35,True
origlogs,thinkahead,origlogs_thinkahead,sokoban,4,updated,7,20,6,0.3,True
origlogs,thinkahead,origlogs_thinkahead,sokoban,4,updated,8,20,4,0.2,True
origlogs,thinkahead,origlogs_thinkahead,sokoban,5,original,1,20,7,0.35,True
origlogs,thinkahead,origlogs_thinkahead,sokoban,5,original,2,20,10,0.5,True
origlogs,thinkahead,origlogs_thinkahead,sokoban,5,original,3,20,7,0.35,True
origlogs,thinkahead,origlogs_thinkahead,sokoban,5,original,4,20,8,0.4,True
origlogs,thinkahead,origlogs_thinkahead,sokoban,5,original,5,20,7,0.35,True
origlogs,thinkahead,origlogs_thinkahead,sokoban,5,original,6,20,7,0.35,True
origlogs,thinkahead,origlogs_thinkahead,sokoban,5,original,7,20,9,0.45,True
origlogs,thinkahead,origlogs_thinkahead,sokoban,5,original,8,20,8,0.4,True
origlogs,thinkahead,origlogs_thinkahead,sokoban,5,updated,1,20,8,0.4,True
origlogs,thinkahead,origlogs_thinkahead,sokoban,5,updated,2,20,5,0.25,True
origlogs,thinkahead,origlogs_thinkahead,sokoban,5,updated,3,20,8,0.4,True
origlogs,thinkahead,origlogs_thinkahead,sokoban,5,updated,4,20,6,0.3,True
origlogs,thinkahead,origlogs_thinkahead,sokoban,5,updated,5,20,7,0.35,True
origlogs,thinkahead,origlogs_thinkahead,sokoban,5,updated,6,20,6,0.3,True
origlogs,thinkahead,origlogs_thinkahead,sokoban,5,updated,7,20,7,0.35,True
origlogs,thinkahead,origlogs_thinkahead,sokoban,5,updated,8,20,6,0.3,True
origlogs,thinkahead,origlogs_thinkahead,sokoban,6,original,1,20,3,0.15,True
origlogs,thinkahead,origlogs_thinkahead,sokoban,6,original,2,20,4,0.2,True
origlogs,thinkahead,origlogs_thinkahead,sokoban,6,original,3,20,10,0.5,True
origlogs,thinkahead,origlogs_thinkahead,sokoban,6,original,4,20,4,0.2,True
origlogs,thinkahead,origlogs_thinkahead,sokoban,6,original,5,20,8,0.4,True
origlogs,thinkahead,origlogs_thinkahead,sokoban,6,original,6,20,6,0.3,True
origlogs,thinkahead,origlogs_thinkahead,sokoban,6,original,7,20,6,0.3,True
origlogs,thinkahead,origlogs_thinkahead,sokoban,6,original,8,20,10,0.5,True
origlogs,thinkahead,origlogs_thinkahead,sokoban,6,updated,1,20,7,0.35,True
origlogs,thinkahead,origlogs_thinkahead,sokoban,6,updated,2,20,5,0.25,True
origlogs,thinkahead,origlogs_thinkahead,sokoban,6,updated,3,20,8,0.4,True
origlogs,thinkahead,origlogs_thinkahead,sokoban,6,updated,4,20,7,0.35,True
origlogs,thinkahead,origlogs_thinkahead,sokoban,6,updated,5,20,8,0.4,True
origlogs,thinkahead,origlogs_thinkahead,sokoban,6,updated,6,20,8,0.4,True
origlogs,thinkahead,origlogs_thinkahead,sokoban,6,updated,7,20,9,0.45,True
origlogs,thinkahead,origlogs_thinkahead,sokoban,6,updated,8,20,4,0.2,True
origlogs,thinkahead,origlogs_thinkahead,sokoban,7,original,1,20,7,0.35,True
origlogs,thinkahead,origlogs_thinkahead,sokoban,7,original,2,20,9,0.45,True
origlogs,thinkahead,origlogs_thinkahead,sokoban,7,original,3,20,8,0.4,True
origlogs,thinkahead,origlogs_thinkahead,sokoban,7,original,4,20,3,0.15,True
origlogs,thinkahead,origlogs_thinkahead,sokoban,7,original,5,20,9,0.45,True
origlogs,thinkahead,origlogs_thinkahead,sokoban,7,original,6,20,3,0.15,True
origlogs,thinkahead,origlogs_thinkahead,sokoban,7,original,7,20,3,0.15,True
origlogs,thinkahead,origlogs_thinkahead,sokoban,7,original,8,20,7,0.35,True
origlogs,thinkahead,origlogs_thinkahead,sokoban,7,updated,1,20,9,0.45,True
origlogs,thinkahead,origlogs_thinkahead,sokoban,7,updated,2,20,9,0.45,True
origlogs,thinkahead,origlogs_thinkahead,sokoban,7,updated,3,20,7,0.35,True
origlogs,thinkahead,origlogs_thinkahead,sokoban,7,updated,4,20,6,0.3,True
origlogs,thinkahead,origlogs_thinkahead,sokoban,7,updated,5,20,6,0.3,True
origlogs,thinkahead,origlogs_thinkahead,sokoban,7,updated,6,20,4,0.2,True
origlogs,thinkahead,origlogs_thinkahead,sokoban,7,updated,7,20,10,0.5,True
origlogs,thinkahead,origlogs_thinkahead,sokoban,7,updated,8,20,7,0.35,True
origlogs,thinkahead,origlogs_thinkahead,sokoban,8,original,1,20,6,0.3,True
origlogs,thinkahead,origlogs_thinkahead,sokoban,8,original,2,20,6,0.3,True
origlogs,thinkahead,origlogs_thinkahead,sokoban,8,original,3,20,7,0.35,True
origlogs,thinkahead,origlogs_thinkahead,sokoban,8,original,4,20,6,0.3,True
origlogs,thinkahead,origlogs_thinkahead,sokoban,8,original,5,20,8,0.4,True
origlogs,thinkahead,origlogs_thinkahead,sokoban,8,original,6,20,7,0.35,True
origlogs,thinkahead,origlogs_thinkahead,sokoban,8,original,7,20,8,0.4,True
origlogs,thinkahead,origlogs_thinkahead,sokoban,8,original,8,20,8,0.4,True
origlogs,thinkahead,origlogs_thinkahead,sokoban,8,updated,1,20,8,0.4,True
origlogs,thinkahead,origlogs_thinkahead,sokoban,8,updated,2,20,6,0.3,True
origlogs,thinkahead,origlogs_thinkahead,sokoban,8,updated,3,20,4,0.2,True
origlogs,thinkahead,origlogs_thinkahead,sokoban,8,updated,4,20,5,0.25,True
origlogs,thinkahead,origlogs_thinkahead,sokoban,8,updated,5,20,5,0.25,True
origlogs,thinkahead,origlogs_thinkahead,sokoban,8,updated,6,20,6,0.3,True
origlogs,thinkahead,origlogs_thinkahead,sokoban,8,updated,7,20,6,0.3,True
origlogs,thinkahead,origlogs_thinkahead,sokoban,8,updated,8,20,9,0.45,True
origlogs,thinkahead,origlogs_thinkahead,sokoban,9,original,1,20,7,0.35,True
origlogs,thinkahead,origlogs_thinkahead,sokoban,9,original,2,20,7,0.35,True
origlogs,thinkahead,origlogs_thinkahead,sokoban,9,original,3,20,8,0.4,True
origlogs,thinkahead,origlogs_thinkahead,sokoban,9,original,4,20,8,0.4,True
origlogs,thinkahead,origlogs_thinkahead,sokoban,9,original,5,20,6,0.3,True
origlogs,thinkahead,origlogs_thinkahead,sokoban,9,original,6,20,6,0.3,True
origlogs,thinkahead,origlogs_thinkahead,sokoban,9,original,7,20,7,0.35,True
origlogs,thinkahead,origlogs_thinkahead,sokoban,9,original,8,20,9,0.45,True
origlogs,thinkahead,origlogs_thinkahead,sokoban,9,updated,1,20,10,0.5,True
origlogs,thinkahead,origlogs_thinkahead,sokoban,9,updated,2,20,6,0.3,True
origlogs,thinkahead,origlogs_thinkahead,sokoban,9,updated,3,20,9,0.45,True
origlogs,thinkahead,origlogs_thinkahead,sokoban,9,updated,4,20,5,0.25,True
origlogs,thinkahead,origlogs_thinkahead,sokoban,9,updated,5,20,9,0.45,True
origlogs,thinkahead,origlogs_thinkahead,sokoban,9,updated,6,20,4,0.2,True
origlogs,thinkahead,origlogs_thinkahead,sokoban,9,updated,7,20,8,0.4,True
origlogs,thinkahead,origlogs_thinkahead,sokoban,9,updated,8,20,6,0.3,True
origlogs,thinkahead,origlogs_thinkahead,sokoban,10,original,1,20,9,0.45,True
origlogs,thinkahead,origlogs_thinkahead,sokoban,10,original,2,20,4,0.2,True
origlogs,thinkahead,origlogs_thinkahead,sokoban,10,original,3,20,8,0.4,True
origlogs,thinkahead,origlogs_thinkahead,sokoban,10,original,4,20,8,0.4,True
origlogs,thinkahead,origlogs_thinkahead,sokoban,10,original,5,20,10,0.5,True
origlogs,thinkahead,origlogs_thinkahead,sokoban,10,original,6,20,5,0.25,True
origlogs,thinkahead,origlogs_thinkahead,sokoban,10,original,7,20,5,0.25,True
origlogs,thinkahead,origlogs_thinkahead,sokoban,10,original,8,20,6,0.3,True
origlogs,thinkahead,origlogs_thinkahead,sokoban,10,updated,1,20,8,0.4,True
origlogs,thinkahead,origlogs_thinkahead,sokoban,10,updated,2,20,8,0.4,True
origlogs,thinkahead,origlogs_thinkahead,sokoban,10,updated,3,20,10,0.5,True
origlogs,thinkahead,origlogs_thinkahead,sokoban,10,updated,4,20,6,0.3,True
origlogs,thinkahead,origlogs_thinkahead,sokoban,10,updated,5,20,7,0.35,True
origlogs,thinkahead,origlogs_thinkahead,sokoban,10,updated,6,20,5,0.25,True
origlogs,thinkahead,origlogs_thinkahead,sokoban,10,updated,7,20,7,0.35,True
origlogs,thinkahead,origlogs_thinkahead,sokoban,10,updated,8,20,8,0.4,True
origlogs,thinkahead,origlogs_thinkahead,sokoban,11,original,1,20,7,0.35,True
origlogs,thinkahead,origlogs_thinkahead,sokoban,11,original,2,20,11,0.55,True
origlogs,thinkahead,origlogs_thinkahead,sokoban,11,original,3,20,10,0.5,True
origlogs,thinkahead,origlogs_thinkahead,sokoban,11,original,4,20,7,0.35,True
origlogs,thinkahead,origlogs_thinkahead,sokoban,11,original,5,20,8,0.4,True
origlogs,thinkahead,origlogs_thinkahead,sokoban,11,original,6,20,7,0.35,True
origlogs,thinkahead,origlogs_thinkahead,sokoban,11,original,7,20,7,0.35,True
origlogs,thinkahead,origlogs_thinkahead,sokoban,11,original,8,20,8,0.4,True
origlogs,thinkahead,origlogs_thinkahead,sokoban,11,updated,1,20,7,0.35,True
origlogs,thinkahead,origlogs_thinkahead,sokoban,11,updated,2,20,5,0.25,True
origlogs,thinkahead,origlogs_thinkahead,sokoban,11,updated,3,20,10,0.5,True
origlogs,thinkahead,origlogs_thinkahead,sokoban,11,updated,4,20,8,0.4,True
origlogs,thinkahead,origlogs_thinkahead,sokoban,11,updated,5,20,3,0.15,True
origlogs,thinkahead,origlogs_thinkahead,sokoban,11,updated,6,20,5,0.25,True
origlogs,thinkahead,origlogs_thinkahead,sokoban,11,updated,7,20,6,0.3,True
origlogs,thinkahead,origlogs_thinkahead,sokoban,11,updated,8,20,4,0.2,True
origlogs,thinkahead,origlogs_thinkahead,sokoban,12,original,1,20,9,0.45,True
origlogs,thinkahead,origlogs_thinkahead,sokoban,12,original,2,20,5,0.25,True
origlogs,thinkahead,origlogs_thinkahead,sokoban,12,original,3,20,6,0.3,True
origlogs,thinkahead,origlogs_thinkahead,sokoban,12,original,4,20,6,0.3,True
origlogs,thinkahead,origlogs_thinkahead,sokoban,12,original,5,20,10,0.5,True
origlogs,thinkahead,origlogs_thinkahead,sokoban,12,original,6,20,8,0.4,True
origlogs,thinkahead,origlogs_thinkahead,sokoban,12,original,7,20,6,0.3,True
origlogs,thinkahead,origlogs_thinkahead,sokoban,12,original,8,20,9,0.45,True
origlogs,thinkahead,origlogs_thinkahead,sokoban,12,updated,1,20,8,0.4,True
origlogs,thinkahead,origlogs_thinkahead,sokoban,12,updated,2,20,9,0.45,True
origlogs,thinkahead,origlogs_thinkahead,sokoban,12,updated,3,20,6,0.3,True
origlogs,thinkahead,origlogs_thinkahead,sokoban,12,updated,4,20,8,0.4,True
origlogs,thinkahead,origlogs_thinkahead,sokoban,12,updated,5,20,9,0.45,True
origlogs,thinkahead,origlogs_thinkahead,sokoban,12,updated,6,20,9,0.45,True
origlogs,thinkahead,origlogs_thinkahead,sokoban,12,updated,7,20,6,0.3,True
origlogs,thinkahead,origlogs_thinkahead,sokoban,12,updated,8,20,6,0.3,True
origlogs,thinkahead,origlogs_thinkahead,sokoban,13,original,1,20,8,0.4,True
origlogs,thinkahead,origlogs_thinkahead,sokoban,13,original,2,20,7,0.35,True
origlogs,thinkahead,origlogs_thinkahead,sokoban,13,original,3,20,6,0.3,True
origlogs,thinkahead,origlogs_thinkahead,sokoban,13,original,4,20,9,0.45,True
origlogs,thinkahead,origlogs_thinkahead,sokoban,13,original,5,20,9,0.45,True
origlogs,thinkahead,origlogs_thinkahead,sokoban,13,original,6,20,10,0.5,True
origlogs,thinkahead,origlogs_thinkahead,sokoban,13,original,7,20,7,0.35,True
origlogs,thinkahead,origlogs_thinkahead,sokoban,13,original,8,20,5,0.25,True
origlogs,thinkahead,origlogs_thinkahead,sokoban,13,updated,1,20,8,0.4,True
origlogs,thinkahead,origlogs_thinkahead,sokoban,13,updated,2,20,6,0.3,True
origlogs,thinkahead,origlogs_thinkahead,sokoban,13,updated,3,20,4,0.2,True
origlogs,thinkahead,origlogs_thinkahead,sokoban,13,updated,4,20,6,0.3,True
origlogs,thinkahead,origlogs_thinkahead,sokoban,13,updated,5,20,7,0.35,True
origlogs,thinkahead,origlogs_thinkahead,sokoban,13,updated,6,20,6,0.3,True
origlogs,thinkahead,origlogs_thinkahead,sokoban,13,updated,7,20,8,0.4,True
origlogs,thinkahead,origlogs_thinkahead,sokoban,13,updated,8,20,7,0.35,True
origlogs,thinkahead,origlogs_thinkahead,sokoban,14,original,1,20,5,0.25,True
origlogs,thinkahead,origlogs_thinkahead,sokoban,14,original,2,20,6,0.3,True
origlogs,thinkahead,origlogs_thinkahead,sokoban,14,original,3,20,10,0.5,True
origlogs,thinkahead,origlogs_thinkahead,sokoban,14,original,4,20,9,0.45,True
origlogs,thinkahead,origlogs_thinkahead,sokoban,14,original,5,20,6,0.3,True
origlogs,thinkahead,origlogs_thinkahead,sokoban,14,original,6,20,4,0.2,True
origlogs,thinkahead,origlogs_thinkahead,sokoban,14,original,7,20,6,0.3,True
origlogs,thinkahead,origlogs_thinkahead,sokoban,14,original,8,20,9,0.45,True
origlogs,thinkahead,origlogs_thinkahead,sokoban,14,updated,1,20,9,0.45,True
origlogs,thinkahead,origlogs_thinkahead,sokoban,14,updated,2,20,6,0.3,True
origlogs,thinkahead,origlogs_thinkahead,sokoban,14,updated,3,20,7,0.35,True
origlogs,thinkahead,origlogs_thinkahead,sokoban,14,updated,4,20,7,0.35,True
origlogs,thinkahead,origlogs_thinkahead,sokoban,14,updated,5,20,6,0.3,True
origlogs,thinkahead,origlogs_thinkahead,sokoban,14,updated,6,20,5,0.25,True
origlogs,thinkahead,origlogs_thinkahead,sokoban,14,updated,7,20,9,0.45,True
origlogs,thinkahead,origlogs_thinkahead,sokoban,14,updated,8,20,7,0.35,True
origlogs,thinkahead,origlogs_thinkahead,sokoban,15,original,1,20,7,0.35,True
origlogs,thinkahead,origlogs_thinkahead,sokoban,15,original,2,20,7,0.35,True
origlogs,thinkahead,origlogs_thinkahead,sokoban,15,original,3,20,4,0.2,True
origlogs,thinkahead,origlogs_thinkahead,sokoban,15,original,4,20,11,0.55,True
origlogs,thinkahead,origlogs_thinkahead,sokoban,15,original,5,20,6,0.3,True
origlogs,thinkahead,origlogs_thinkahead,sokoban,15,original,6,20,7,0.35,True
origlogs,thinkahead,origlogs_thinkahead,sokoban,15,original,7,20,8,0.4,True
origlogs,thinkahead,origlogs_thinkahead,sokoban,15,original,8,20,7,0.35,True
origlogs,thinkahead,origlogs_thinkahead,sokoban,15,updated,1,20,11,0.55,True
origlogs,thinkahead,origlogs_thinkahead,sokoban,15,updated,2,20,7,0.35,True
origlogs,thinkahead,origlogs_thinkahead,sokoban,15,updated,3,20,8,0.4,True
origlogs,thinkahead,origlogs_thinkahead,sokoban,15,updated,4,20,6,0.3,True
origlogs,thinkahead,origlogs_thinkahead,sokoban,15,updated,5,20,6,0.3,True
origlogs,thinkahead,origlogs_thinkahead,sokoban,15,updated,6,20,8,0.4,True
origlogs,thinkahead,origlogs_thinkahead,sokoban,15,updated,7,20,8,0.4,True
origlogs,thinkahead,origlogs_thinkahead,sokoban,15,updated,8,20,8,0.4,True
origlogs,thinkahead,origlogs_thinkahead,sokoban,16,original,1,20,7,0.35,True
origlogs,thinkahead,origlogs_thinkahead,sokoban,16,original,2,20,7,0.35,True
origlogs,thinkahead,origlogs_thinkahead,sokoban,16,original,3,20,8,0.4,True
origlogs,thinkahead,origlogs_thinkahead,sokoban,16,original,4,20,7,0.35,True
origlogs,thinkahead,origlogs_thinkahead,sokoban,16,original,5,20,8,0.4,True
origlogs,thinkahead,origlogs_thinkahead,sokoban,16,original,6,20,6,0.3,True
origlogs,thinkahead,origlogs_thinkahead,sokoban,16,original,7,20,8,0.4,True
origlogs,thinkahead,origlogs_thinkahead,sokoban,16,original,8,20,8,0.4,True
origlogs,thinkahead,origlogs_thinkahead,sokoban,16,updated,1,20,8,0.4,True
origlogs,thinkahead,origlogs_thinkahead,sokoban,16,updated,2,20,8,0.4,True
origlogs,thinkahead,origlogs_thinkahead,sokoban,16,updated,3,20,6,0.3,True
origlogs,thinkahead,origlogs_thinkahead,sokoban,16,updated,4,20,7,0.35,True
origlogs,thinkahead,origlogs_thinkahead,sokoban,16,updated,5,20,6,0.3,True
origlogs,thinkahead,origlogs_thinkahead,sokoban,16,updated,6,20,6,0.3,True
origlogs,thinkahead,origlogs_thinkahead,sokoban,16,updated,7,20,8,0.4,True
origlogs,thinkahead,origlogs_thinkahead,sokoban,16,updated,8,20,7,0.35,True
origlogs,thinkahead,origlogs_thinkahead,sokoban,17,original,1,20,9,0.45,True
origlogs,thinkahead,origlogs_thinkahead,sokoban,17,original,2,20,7,0.35,True
origlogs,thinkahead,origlogs_thinkahead,sokoban,17,original,3,20,5,0.25,True
origlogs,thinkahead,origlogs_thinkahead,sokoban,17,original,4,20,7,0.35,True
origlogs,thinkahead,origlogs_thinkahead,sokoban,17,original,5,20,8,0.4,True
origlogs,thinkahead,origlogs_thinkahead,sokoban,17,original,6,20,5,0.25,True
origlogs,thinkahead,origlogs_thinkahead,sokoban,17,original,7,20,6,0.3,True
origlogs,thinkahead,origlogs_thinkahead,sokoban,17,original,8,20,5,0.25,True
origlogs,thinkahead,origlogs_thinkahead,sokoban,17,updated,1,20,9,0.45,True
origlogs,thinkahead,origlogs_thinkahead,sokoban,17,updated,2,20,5,0.25,True
origlogs,thinkahead,origlogs_thinkahead,sokoban,17,updated,3,20,8,0.4,True
origlogs,thinkahead,origlogs_thinkahead,sokoban,17,updated,4,20,6,0.3,True
origlogs,thinkahead,origlogs_thinkahead,sokoban,17,updated,5,20,8,0.4,True
origlogs,thinkahead,origlogs_thinkahead,sokoban,17,updated,6,20,5,0.25,True
origlogs,thinkahead,origlogs_thinkahead,sokoban,17,updated,7,20,6,0.3,True
origlogs,thinkahead,origlogs_thinkahead,sokoban,17,updated,8,20,9,0.45,True
origlogs,thinkahead,origlogs_thinkahead,sokoban,18,original,1,20,8,0.4,True
origlogs,thinkahead,origlogs_thinkahead,sokoban,18,original,2,20,8,0.4,True
origlogs,thinkahead,origlogs_thinkahead,sokoban,18,original,3,20,5,0.25,True
origlogs,thinkahead,origlogs_thinkahead,sokoban,18,original,4,20,10,0.5,True
origlogs,thinkahead,origlogs_thinkahead,sokoban,18,original,5,20,5,0.25,True
origlogs,thinkahead,origlogs_thinkahead,sokoban,18,original,6,20,9,0.45,True
origlogs,thinkahead,origlogs_thinkahead,sokoban,18,original,7,20,7,0.35,True
origlogs,thinkahead,origlogs_thinkahead,sokoban,18,original,8,20,7,0.35,True
origlogs,thinkahead,origlogs_thinkahead,sokoban,18,updated,1,20,5,0.25,True
origlogs,thinkahead,origlogs_thinkahead,sokoban,18,updated,2,20,8,0.4,True
origlogs,thinkahead,origlogs_thinkahead,sokoban,18,updated,3,20,10,0.5,True
origlogs,thinkahead,origlogs_thinkahead,sokoban,18,updated,4,20,9,0.45,True
origlogs,thinkahead,origlogs_thinkahead,sokoban,18,updated,5,20,8,0.4,True
origlogs,thinkahead,origlogs_thinkahead,sokoban,18,updated,6,20,8,0.4,True
origlogs,thinkahead,origlogs_thinkahead,sokoban,18,updated,7,20,7,0.35,True
origlogs,thinkahead,origlogs_thinkahead,sokoban,18,updated,8,20,4,0.2,True
origlogs,thinkahead,origlogs_thinkahead,sokoban,19,original,1,20,5,0.25,True
origlogs,thinkahead,origlogs_thinkahead,sokoban,19,original,2,20,4,0.2,True
origlogs,thinkahead,origlogs_thinkahead,sokoban,19,original,3,20,8,0.4,True
origlogs,thinkahead,origlogs_thinkahead,sokoban,19,original,4,20,7,0.35,True
origlogs,thinkahead,origlogs_thinkahead,sokoban,19,original,5,20,7,0.35,True
origlogs,thinkahead,origlogs_thinkahead,sokoban,19,original,6,20,5,0.25,True
origlogs,thinkahead,origlogs_thinkahead,sokoban,19,original,7,20,6,0.3,True
origlogs,thinkahead,origlogs_thinkahead,sokoban,19,original,8,20,7,0.35,True
origlogs,thinkahead,origlogs_thinkahead,sokoban,19,updated,1,20,7,0.35,True
origlogs,thinkahead,origlogs_thinkahead,sokoban,19,updated,2,20,6,0.3,True
origlogs,thinkahead,origlogs_thinkahead,sokoban,19,updated,3,20,9,0.45,True
origlogs,thinkahead,origlogs_thinkahead,sokoban,19,updated,4,20,8,0.4,True
origlogs,thinkahead,origlogs_thinkahead,sokoban,19,updated,5,20,9,0.45,True
origlogs,thinkahead,origlogs_thinkahead,sokoban,19,updated,6,20,6,0.3,True
origlogs,thinkahead,origlogs_thinkahead,sokoban,19,updated,7,20,5,0.25,True
origlogs,thinkahead,origlogs_thinkahead,sokoban,19,updated,8,20,6,0.3,True
origlogs,thinkahead,origlogs_thinkahead,sokoban,20,original,1,20,6,0.3,True
origlogs,thinkahead,origlogs_thinkahead,sokoban,20,original,2,20,6,0.3,True
origlogs,thinkahead,origlogs_thinkahead,sokoban,20,original,3,20,8,0.4,True
origlogs,thinkahead,origlogs_thinkahead,sokoban,20,original,4,20,5,0.25,True
origlogs,thinkahead,origlogs_thinkahead,sokoban,20,original,5,20,5,0.25,True
origlogs,thinkahead,origlogs_thinkahead,sokoban,20,original,6,20,8,0.4,True
origlogs,thinkahead,origlogs_thinkahead,sokoban,20,original,7,20,9,0.45,True
origlogs,thinkahead,origlogs_thinkahead,sokoban,20,original,8,20,8,0.4,True
origlogs,thinkahead,origlogs_thinkahead,sokoban,20,updated,1,20,6,0.3,True
origlogs,thinkahead,origlogs_thinkahead,sokoban,20,updated,2,20,7,0.35,True
origlogs,thinkahead,origlogs_thinkahead,sokoban,20,updated,3,20,7,0.35,True
origlogs,thinkahead,origlogs_thinkahead,sokoban,20,updated,4,20,8,0.4,True
origlogs,thinkahead,origlogs_thinkahead,sokoban,20,updated,5,20,8,0.4,True
origlogs,thinkahead,origlogs_thinkahead,sokoban,20,updated,6,20,7,0.35,True
origlogs,thinkahead,origlogs_thinkahead,sokoban,20,updated,7,20,7,0.35,True
origlogs,thinkahead,origlogs_thinkahead,sokoban,20,updated,8,20,6,0.3,True
origlogs,thinkahead,origlogs_thinkahead,sokoban,21,original,1,20,7,0.35,True
origlogs,thinkahead,origlogs_thinkahead,sokoban,21,original,2,20,8,0.4,True
origlogs,thinkahead,origlogs_thinkahead,sokoban,21,original,3,20,7,0.35,True
origlogs,thinkahead,origlogs_thinkahead,sokoban,21,original,4,20,5,0.25,True
origlogs,thinkahead,origlogs_thinkahead,sokoban,21,original,5,20,11,0.55,True
origlogs,thinkahead,origlogs_thinkahead,sokoban,21,original,6,20,7,0.35,True
origlogs,thinkahead,origlogs_thinkahead,sokoban,21,original,7,20,5,0.25,True
origlogs,thinkahead,origlogs_thinkahead,sokoban,21,original,8,20,6,0.3,True
origlogs,thinkahead,origlogs_thinkahead,sokoban,21,updated,1,20,4,0.2,True
origlogs,thinkahead,origlogs_thinkahead,sokoban,21,updated,2,20,7,0.35,True
origlogs,thinkahead,origlogs_thinkahead,sokoban,21,updated,3,20,7,0.35,True
origlogs,thinkahead,origlogs_thinkahead,sokoban,21,updated,4,20,6,0.3,True
origlogs,thinkahead,origlogs_thinkahead,sokoban,21,updated,5,20,7,0.35,True
origlogs,thinkahead,origlogs_thinkahead,sokoban,21,updated,6,20,6,0.3,True
origlogs,thinkahead,origlogs_thinkahead,sokoban,21,updated,7,20,7,0.35,True
origlogs,thinkahead,origlogs_thinkahead,sokoban,21,updated,8,20,8,0.4,True
origlogs,thinkahead,origlogs_thinkahead,sokoban,22,original,1,20,8,0.4,True
origlogs,thinkahead,origlogs_thinkahead,sokoban,22,original,2,20,5,0.25,True
origlogs,thinkahead,origlogs_thinkahead,sokoban,22,original,3,20,6,0.3,True
origlogs,thinkahead,origlogs_thinkahead,sokoban,22,original,4,20,8,0.4,True
origlogs,thinkahead,origlogs_thinkahead,sokoban,22,original,5,20,5,0.25,True
origlogs,thinkahead,origlogs_thinkahead,sokoban,22,original,6,20,6,0.3,True
origlogs,thinkahead,origlogs_thinkahead,sokoban,22,original,7,20,7,0.35,True
origlogs,thinkahead,origlogs_thinkahead,sokoban,22,original,8,20,4,0.2,True
origlogs,thinkahead,origlogs_thinkahead,sokoban,22,updated,1,20,7,0.35,True
origlogs,thinkahead,origlogs_thinkahead,sokoban,22,updated,2,20,7,0.35,True
origlogs,thinkahead,origlogs_thinkahead,sokoban,22,updated,3,20,6,0.3,True
origlogs,thinkahead,origlogs_thinkahead,sokoban,22,updated,4,20,5,0.25,True
origlogs,thinkahead,origlogs_thinkahead,sokoban,22,updated,5,20,7,0.35,True
origlogs,thinkahead,origlogs_thinkahead,sokoban,22,updated,6,20,6,0.3,True
origlogs,thinkahead,origlogs_thinkahead,sokoban,22,updated,7,20,9,0.45,True
origlogs,thinkahead,origlogs_thinkahead,sokoban,22,updated,8,20,9,0.45,True
origlogs,thinkahead,origlogs_thinkahead,sokoban,23,original,1,20,5,0.25,True
origlogs,thinkahead,origlogs_thinkahead,sokoban,23,original,2,20,6,0.3,True
origlogs,thinkahead,origlogs_thinkahead,sokoban,23,original,3,20,6,0.3,True
origlogs,thinkahead,origlogs_thinkahead,sokoban,23,original,4,20,7,0.35,True
origlogs,thinkahead,origlogs_thinkahead,sokoban,23,original,5,20,8,0.4,True
origlogs,thinkahead,origlogs_thinkahead,sokoban,23,original,6,20,6,0.3,True
origlogs,thinkahead,origlogs_thinkahead,sokoban,23,original,7,20,8,0.4,True
origlogs,thinkahead,origlogs_thinkahead,sokoban,23,original,8,20,9,0.45,True
origlogs,thinkahead,origlogs_thinkahead,sokoban,23,updated,1,20,5,0.25,True
origlogs,thinkahead,origlogs_thinkahead,sokoban,23,updated,2,20,6,0.3,True
origlogs,thinkahead,origlogs_thinkahead,sokoban,23,updated,3,20,5,0.25,True
origlogs,thinkahead,origlogs_thinkahead,sokoban,23,updated,4,20,10,0.5,True
origlogs,thinkahead,origlogs_thinkahead,sokoban,23,updated,5,20,6,0.3,True
origlogs,thinkahead,origlogs_thinkahead,sokoban,23,updated,6,20,6,0.3,True
origlogs,thinkahead,origlogs_thinkahead,sokoban,23,updated,7,20,9,0.45,True
origlogs,thinkahead,origlogs_thinkahead,sokoban,23,updated,8,20,6,0.3,True
origlogs,thinkahead,origlogs_thinkahead,sokoban,24,original,1,20,6,0.3,True
origlogs,thinkahead,origlogs_thinkahead,sokoban,24,original,2,20,8,0.4,True
origlogs,thinkahead,origlogs_thinkahead,sokoban,24,original,3,20,8,0.4,True
origlogs,thinkahead,origlogs_thinkahead,sokoban,24,original,4,20,6,0.3,True
origlogs,thinkahead,origlogs_thinkahead,sokoban,24,original,5,20,8,0.4,True
origlogs,thinkahead,origlogs_thinkahead,sokoban,24,original,6,20,6,0.3,True
origlogs,thinkahead,origlogs_thinkahead,sokoban,24,original,7,20,9,0.45,True
origlogs,thinkahead,origlogs_thinkahead,sokoban,24,original,8,20,6,0.3,True
origlogs,thinkahead,origlogs_thinkahead,sokoban,24,updated,1,20,7,0.35,True
origlogs,thinkahead,origlogs_thinkahead,sokoban,24,updated,2,20,7,0.35,True
origlogs,thinkahead,origlogs_thinkahead,sokoban,24,updated,3,20,9,0.45,True
origlogs,thinkahead,origlogs_thinkahead,sokoban,24,updated,4,20,7,0.35,True
origlogs,thinkahead,origlogs_thinkahead,sokoban,24,updated,5,20,7,0.35,True
origlogs,thinkahead,origlogs_thinkahead,sokoban,24,updated,6,20,8,0.4,True
origlogs,thinkahead,origlogs_thinkahead,sokoban,24,updated,7,20,8,0.4,True
origlogs,thinkahead,origlogs_thinkahead,sokoban,24,updated,8,20,5,0.25,True
origlogs,thinkahead,origlogs_thinkahead,sokoban,25,original,1,20,6,0.3,True
origlogs,thinkahead,origlogs_thinkahead,sokoban,25,original,2,20,2,0.1,True
origlogs,thinkahead,origlogs_thinkahead,sokoban,25,original,3,20,5,0.25,True
origlogs,thinkahead,origlogs_thinkahead,sokoban,25,original,4,20,6,0.3,True
origlogs,thinkahead,origlogs_thinkahead,sokoban,25,original,5,20,9,0.45,True
origlogs,thinkahead,origlogs_thinkahead,sokoban,25,original,6,20,6,0.3,True
origlogs,thinkahead,origlogs_thinkahead,sokoban,25,original,7,20,6,0.3,True
origlogs,thinkahead,origlogs_thinkahead,sokoban,25,original,8,20,5,0.25,True
origlogs,thinkahead,origlogs_thinkahead,sokoban,25,updated,1,20,9,0.45,True
origlogs,thinkahead,origlogs_thinkahead,sokoban,25,updated,2,20,8,0.4,True
origlogs,thinkahead,origlogs_thinkahead,sokoban,25,updated,3,20,6,0.3,True
origlogs,thinkahead,origlogs_thinkahead,sokoban,25,updated,4,20,9,0.45,True
origlogs,thinkahead,origlogs_thinkahead,sokoban,25,updated,5,20,7,0.35,True
origlogs,thinkahead,origlogs_thinkahead,sokoban,25,updated,6,20,6,0.3,True
origlogs,thinkahead,origlogs_thinkahead,sokoban,25,updated,7,20,6,0.3,True
origlogs,thinkahead,origlogs_thinkahead,sokoban,25,updated,8,20,7,0.35,True
origlogs,thinkahead,origlogs_thinkahead,sokoban,26,original,1,20,6,0.3,True
origlogs,thinkahead,origlogs_thinkahead,sokoban,26,original,2,20,8,0.4,True
origlogs,thinkahead,origlogs_thinkahead,sokoban,26,original,3,20,7,0.35,True
origlogs,thinkahead,origlogs_thinkahead,sokoban,26,original,4,20,7,0.35,True
origlogs,thinkahead,origlogs_thinkahead,sokoban,26,original,5,20,5,0.25,True
origlogs,thinkahead,origlogs_thinkahead,sokoban,26,original,6,20,5,0.25,True
origlogs,thinkahead,origlogs_thinkahead,sokoban,26,original,7,20,7,0.35,True
origlogs,thinkahead,origlogs_thinkahead,sokoban,26,original,8,20,4,0.2,True
origlogs,thinkahead,origlogs_thinkahead,sokoban,26,updated,1,20,5,0.25,True
origlogs,thinkahead,origlogs_thinkahead,sokoban,26,updated,2,20,6,0.3,True
origlogs,thinkahead,origlogs_thinkahead,sokoban,26,updated,3,20,2,0.1,True
origlogs,thinkahead,origlogs_thinkahead,sokoban,26,updated,4,20,5,0.25,True
origlogs,thinkahead,origlogs_thinkahead,sokoban,26,updated,5,20,7,0.35,True
origlogs,thinkahead,origlogs_thinkahead,sokoban,26,updated,6,20,10,0.5,True
origlogs,thinkahead,origlogs_thinkahead,sokoban,26,updated,7,20,6,0.3,True
origlogs,thinkahead,origlogs_thinkahead,sokoban,26,updated,8,20,5,0.25,True
origlogs,thinkahead,origlogs_thinkahead,sokoban,27,original,1,20,5,0.25,True
origlogs,thinkahead,origlogs_thinkahead,sokoban,27,original,2,20,8,0.4,True
origlogs,thinkahead,origlogs_thinkahead,sokoban,27,original,3,20,4,0.2,True
origlogs,thinkahead,origlogs_thinkahead,sokoban,27,original,4,20,6,0.3,True
origlogs,thinkahead,origlogs_thinkahead,sokoban,27,original,5,20,6,0.3,True
origlogs,thinkahead,origlogs_thinkahead,sokoban,27,original,6,20,7,0.35,True
origlogs,thinkahead,origlogs_thinkahead,sokoban,27,original,7,20,4,0.2,True
origlogs,thinkahead,origlogs_thinkahead,sokoban,27,original,8,20,6,0.3,True
origlogs,thinkahead,origlogs_thinkahead,sokoban,27,updated,1,20,4,0.2,True
origlogs,thinkahead,origlogs_thinkahead,sokoban,27,updated,2,20,6,0.3,True
origlogs,thinkahead,origlogs_thinkahead,sokoban,27,updated,3,20,7,0.35,True
origlogs,thinkahead,origlogs_thinkahead,sokoban,27,updated,4,20,10,0.5,True
origlogs,thinkahead,origlogs_thinkahead,sokoban,27,updated,5,20,8,0.4,True
origlogs,thinkahead,origlogs_thinkahead,sokoban,27,updated,6,20,6,0.3,True
origlogs,thinkahead,origlogs_thinkahead,sokoban,27,updated,7,20,6,0.3,True
origlogs,thinkahead,origlogs_thinkahead,sokoban,27,updated,8,20,10,0.5,True
origlogs,thinkahead,origlogs_thinkahead,sokoban,28,original,1,20,5,0.25,True
origlogs,thinkahead,origlogs_thinkahead,sokoban,28,original,2,20,7,0.35,True
origlogs,thinkahead,origlogs_thinkahead,sokoban,28,original,3,20,7,0.35,True
origlogs,thinkahead,origlogs_thinkahead,sokoban,28,original,4,20,6,0.3,True
origlogs,thinkahead,origlogs_thinkahead,sokoban,28,original,5,20,9,0.45,True
origlogs,thinkahead,origlogs_thinkahead,sokoban,28,original,6,20,6,0.3,True
origlogs,thinkahead,origlogs_thinkahead,sokoban,28,original,7,20,5,0.25,True
origlogs,thinkahead,origlogs_thinkahead,sokoban,28,original,8,20,6,0.3,True
origlogs,thinkahead,origlogs_thinkahead,sokoban,28,updated,1,20,7,0.35,True
origlogs,thinkahead,origlogs_thinkahead,sokoban,28,updated,2,20,8,0.4,True
origlogs,thinkahead,origlogs_thinkahead,sokoban,28,updated,3,20,7,0.35,True
origlogs,thinkahead,origlogs_thinkahead,sokoban,28,updated,4,20,8,0.4,True
origlogs,thinkahead,origlogs_thinkahead,sokoban,28,updated,5,20,6,0.3,True
origlogs,thinkahead,origlogs_thinkahead,sokoban,28,updated,6,20,6,0.3,True
origlogs,thinkahead,origlogs_thinkahead,sokoban,28,updated,7,20,7,0.35,True
origlogs,thinkahead,origlogs_thinkahead,sokoban,28,updated,8,20,7,0.35,True
origlogs,thinkahead,origlogs_thinkahead,sokoban,29,original,1,20,8,0.4,True
origlogs,thinkahead,origlogs_thinkahead,sokoban,29,original,2,20,5,0.25,True
origlogs,thinkahead,origlogs_thinkahead,sokoban,29,original,3,20,6,0.3,True
origlogs,thinkahead,origlogs_thinkahead,sokoban,29,original,4,20,11,0.55,True
origlogs,thinkahead,origlogs_thinkahead,sokoban,29,original,5,20,8,0.4,True
origlogs,thinkahead,origlogs_thinkahead,sokoban,29,original,6,20,7,0.35,True
origlogs,thinkahead,origlogs_thinkahead,sokoban,29,original,7,20,2,0.1,True
origlogs,thinkahead,origlogs_thinkahead,sokoban,29,original,8,20,4,0.2,True
origlogs,thinkahead,origlogs_thinkahead,sokoban,29,updated,1,20,7,0.35,True
origlogs,thinkahead,origlogs_thinkahead,sokoban,29,updated,2,20,8,0.4,True
origlogs,thinkahead,origlogs_thinkahead,sokoban,29,updated,3,20,8,0.4,True
origlogs,thinkahead,origlogs_thinkahead,sokoban,29,updated,4,20,5,0.25,True
origlogs,thinkahead,origlogs_thinkahead,sokoban,29,updated,5,20,7,0.35,True
origlogs,thinkahead,origlogs_thinkahead,sokoban,29,updated,6,20,5,0.25,True
origlogs,thinkahead,origlogs_thinkahead,sokoban,29,updated,7,20,6,0.3,True
origlogs,thinkahead,origlogs_thinkahead,sokoban,29,updated,8,20,5,0.25,True
origlogs,thinkahead,origlogs_thinkahead,sokoban,30,original,1,20,6,0.3,True
origlogs,thinkahead,origlogs_thinkahead,sokoban,30,original,2,20,6,0.3,True
origlogs,thinkahead,origlogs_thinkahead,sokoban,30,original,3,20,8,0.4,True
origlogs,thinkahead,origlogs_thinkahead,sokoban,30,original,4,20,8,0.4,True
origlogs,thinkahead,origlogs_thinkahead,sokoban,30,original,5,20,7,0.35,True
origlogs,thinkahead,origlogs_thinkahead,sokoban,30,original,6,20,5,0.25,True
origlogs,thinkahead,origlogs_thinkahead,sokoban,30,original,7,20,4,0.2,True
origlogs,thinkahead,origlogs_thinkahead,sokoban,30,original,8,20,3,0.15,True
origlogs,thinkahead,origlogs_thinkahead,sokoban,30,updated,1,20,3,0.15,True
origlogs,thinkahead,origlogs_thinkahead,sokoban,30,updated,2,20,7,0.35,True
origlogs,thinkahead,origlogs_thinkahead,sokoban,30,updated,3,20,7,0.35,True
origlogs,thinkahead,origlogs_thinkahead,sokoban,30,updated,4,20,9,0.45,True
origlogs,thinkahead,origlogs_thinkahead,sokoban,30,updated,5,20,7,0.35,True
origlogs,thinkahead,origlogs_thinkahead,sokoban,30,updated,6,20,6,0.3,True
origlogs,thinkahead,origlogs_thinkahead,sokoban,30,updated,7,20,9,0.45,True
origlogs,thinkahead,origlogs_thinkahead,sokoban,30,updated,8,20,5,0.25,True
origlogs,thinkahead,origlogs_thinkahead,sokoban,31,original,1,20,11,0.55,True
origlogs,thinkahead,origlogs_thinkahead,sokoban,31,original,2,20,8,0.4,True
origlogs,thinkahead,origlogs_thinkahead,sokoban,31,original,3,20,11,0.55,True
origlogs,thinkahead,origlogs_thinkahead,sokoban,31,original,4,20,10,0.5,True
origlogs,thinkahead,origlogs_thinkahead,sokoban,31,original,5,20,11,0.55,True
origlogs,thinkahead,origlogs_thinkahead,sokoban,31,original,6,20,7,0.35,True
origlogs,thinkahead,origlogs_thinkahead,sokoban,31,original,7,20,7,0.35,True
origlogs,thinkahead,origlogs_thinkahead,sokoban,31,original,8,20,12,0.6,True
origlogs,thinkahead,origlogs_thinkahead,sokoban,31,updated,1,20,5,0.25,True
origlogs,thinkahead,origlogs_thinkahead,sokoban,31,updated,2,20,9,0.45,True
origlogs,thinkahead,origlogs_thinkahead,sokoban,31,updated,3,20,8,0.4,True
origlogs,thinkahead,origlogs_thinkahead,sokoban,31,updated,4,20,5,0.25,True
origlogs,thinkahead,origlogs_thinkahead,sokoban,31,updated,5,20,3,0.15,True
origlogs,thinkahead,origlogs_thinkahead,sokoban,31,updated,6,20,7,0.35,True
origlogs,thinkahead,origlogs_thinkahead,sokoban,31,updated,7,20,7,0.35,True
origlogs,thinkahead,origlogs_thinkahead,sokoban,31,updated,8,20,9,0.45,True
origlogs,thinkahead,origlogs_thinkahead,sokoban,32,original,1,20,5,0.25,True
origlogs,thinkahead,origlogs_thinkahead,sokoban,32,original,2,20,7,0.35,True
origlogs,thinkahead,origlogs_thinkahead,sokoban,32,original,3,20,6,0.3,True
origlogs,thinkahead,origlogs_thinkahead,sokoban,32,original,4,20,6,0.3,True
origlogs,thinkahead,origlogs_thinkahead,sokoban,32,original,5,20,5,0.25,True
origlogs,thinkahead,origlogs_thinkahead,sokoban,32,original,6,20,6,0.3,True
origlogs,thinkahead,origlogs_thinkahead,sokoban,32,original,7,20,8,0.4,True
origlogs,thinkahead,origlogs_thinkahead,sokoban,32,original,8,20,6,0.3,True
origlogs,thinkahead,origlogs_thinkahead,sokoban,32,updated,1,20,8,0.4,True
origlogs,thinkahead,origlogs_thinkahead,sokoban,32,updated,2,20,8,0.4,True
origlogs,thinkahead,origlogs_thinkahead,sokoban,32,updated,3,20,9,0.45,True
origlogs,thinkahead,origlogs_thinkahead,sokoban,32,updated,4,20,6,0.3,True
origlogs,thinkahead,origlogs_thinkahead,sokoban,32,updated,5,20,10,0.5,True
origlogs,thinkahead,origlogs_thinkahead,sokoban,32,updated,6,20,10,0.5,True
origlogs,thinkahead,origlogs_thinkahead,sokoban,32,updated,7,20,7,0.35,True
origlogs,thinkahead,origlogs_thinkahead,sokoban,32,updated,8,20,7,0.35,True
origlogs,thinkahead,origlogs_thinkahead,sokoban,33,original,1,20,10,0.5,True
origlogs,thinkahead,origlogs_thinkahead,sokoban,33,original,2,20,9,0.45,True
origlogs,thinkahead,origlogs_thinkahead,sokoban,33,original,3,15,5,0.3333333333333333,False
origlogs,thinkahead,origlogs_thinkahead,sokoban,33,updated,1,20,8,0.4,True
origlogs,thinkahead,origlogs_thinkahead,sokoban,33,updated,2,20,9,0.45,True
origlogs,thinkahead,origlogs_thinkahead,sokoban,33,updated,3,15,5,0.3333333333333333,False
origlogs,thinkahead,origlogs_thinkahead,sokoban,34,original,1,20,10,0.5,True
origlogs,thinkahead,origlogs_thinkahead,sokoban,34,original,2,20,10,0.5,True
origlogs,thinkahead,origlogs_thinkahead,sokoban,34,original,3,20,6,0.3,True
origlogs,thinkahead,origlogs_thinkahead,sokoban,34,original,4,15,5,0.3333333333333333,False
origlogs,thinkahead,origlogs_thinkahead,sokoban,34,updated,1,20,7,0.35,True
origlogs,thinkahead,origlogs_thinkahead,sokoban,34,updated,2,20,7,0.35,True
origlogs,thinkahead,origlogs_thinkahead,sokoban,34,updated,3,20,9,0.45,True
origlogs,thinkahead,origlogs_thinkahead,sokoban,34,updated,4,15,5,0.3333333333333333,False
origlogs,thinkahead,origlogs_thinkahead,sokoban,35,original,1,20,8,0.4,True
origlogs,thinkahead,origlogs_thinkahead,sokoban,35,original,2,20,8,0.4,True
origlogs,thinkahead,origlogs_thinkahead,sokoban,35,original,3,20,9,0.45,True
origlogs,thinkahead,origlogs_thinkahead,sokoban,35,original,4,12,4,0.3333333333333333,False
origlogs,thinkahead,origlogs_thinkahead,sokoban,35,updated,1,20,9,0.45,True
origlogs,thinkahead,origlogs_thinkahead,sokoban,35,updated,2,20,7,0.35,True
origlogs,thinkahead,origlogs_thinkahead,sokoban,35,updated,3,20,7,0.35,True
origlogs,thinkahead,origlogs_thinkahead,sokoban,35,updated,4,11,5,0.45454545454545453,False
origlogs,thinkahead,origlogs_thinkahead,sokoban,36,original,1,20,11,0.55,True
origlogs,thinkahead,origlogs_thinkahead,sokoban,36,original,2,15,7,0.4666666666666667,False
origlogs,thinkahead,origlogs_thinkahead,sokoban,36,updated,1,20,9,0.45,True
origlogs,thinkahead,origlogs_thinkahead,sokoban,36,updated,2,14,3,0.21428571428571427,False
ownlogs,mechanism,ownlogs_mechanism,frozen_lake,1,original,1,20,2,0.1,True
ownlogs,mechanism,ownlogs_mechanism,frozen_lake,1,original,2,20,1,0.05,True
ownlogs,mechanism,ownlogs_mechanism,frozen_lake,1,original,3,20,1,0.05,True
ownlogs,mechanism,ownlogs_mechanism,frozen_lake,1,original,4,20,0,0.0,True
ownlogs,mechanism,ownlogs_mechanism,frozen_lake,1,original,5,20,1,0.05,True
ownlogs,mechanism,ownlogs_mechanism,frozen_lake,1,original,6,20,1,0.05,True
ownlogs,mechanism,ownlogs_mechanism,frozen_lake,1,original,7,20,0,0.0,True
ownlogs,mechanism,ownlogs_mechanism,frozen_lake,1,original,8,20,0,0.0,True
ownlogs,mechanism,ownlogs_mechanism,frozen_lake,1,updated,1,20,6,0.3,True
ownlogs,mechanism,ownlogs_mechanism,frozen_lake,1,updated,2,20,1,0.05,True
ownlogs,mechanism,ownlogs_mechanism,frozen_lake,1,updated,3,20,3,0.15,True
ownlogs,mechanism,ownlogs_mechanism,frozen_lake,1,updated,4,20,11,0.55,True
ownlogs,mechanism,ownlogs_mechanism,frozen_lake,1,updated,5,20,6,0.3,True
ownlogs,mechanism,ownlogs_mechanism,frozen_lake,1,updated,6,20,0,0.0,True
ownlogs,mechanism,ownlogs_mechanism,frozen_lake,1,updated,7,20,3,0.15,True
ownlogs,mechanism,ownlogs_mechanism,frozen_lake,1,updated,8,20,4,0.2,True
ownlogs,mechanism,ownlogs_mechanism,frozen_lake,2,original,1,20,3,0.15,True
ownlogs,mechanism,ownlogs_mechanism,frozen_lake,2,original,2,20,2,0.1,True
ownlogs,mechanism,ownlogs_mechanism,frozen_lake,2,original,3,20,5,0.25,True
ownlogs,mechanism,ownlogs_mechanism,frozen_lake,2,original,4,20,3,0.15,True
ownlogs,mechanism,ownlogs_mechanism,frozen_lake,2,original,5,20,5,0.25,True
ownlogs,mechanism,ownlogs_mechanism,frozen_lake,2,original,6,20,4,0.2,True
ownlogs,mechanism,ownlogs_mechanism,frozen_lake,2,original,7,20,7,0.35,True
ownlogs,mechanism,ownlogs_mechanism,frozen_lake,2,original,8,20,4,0.2,True
ownlogs,mechanism,ownlogs_mechanism,frozen_lake,2,updated,1,20,7,0.35,True
ownlogs,mechanism,ownlogs_mechanism,frozen_lake,2,updated,2,20,5,0.25,True
ownlogs,mechanism,ownlogs_mechanism,frozen_lake,2,updated,3,20,3,0.15,True
ownlogs,mechanism,ownlogs_mechanism,frozen_lake,2,updated,4,20,5,0.25,True
ownlogs,mechanism,ownlogs_mechanism,frozen_lake,2,updated,5,20,7,0.35,True
ownlogs,mechanism,ownlogs_mechanism,frozen_lake,2,updated,6,20,5,0.25,True
ownlogs,mechanism,ownlogs_mechanism,frozen_lake,2,updated,7,20,3,0.15,True
ownlogs,mechanism,ownlogs_mechanism,frozen_lake,2,updated,8,20,5,0.25,True
ownlogs,mechanism,ownlogs_mechanism,frozen_lake,3,original,1,20,5,0.25,True
ownlogs,mechanism,ownlogs_mechanism,frozen_lake,3,original,2,20,2,0.1,True
ownlogs,mechanism,ownlogs_mechanism,frozen_lake,3,original,3,20,5,0.25,True
ownlogs,mechanism,ownlogs_mechanism,frozen_lake,3,original,4,20,4,0.2,True
ownlogs,mechanism,ownlogs_mechanism,frozen_lake,3,original,5,20,4,0.2,True
ownlogs,mechanism,ownlogs_mechanism,frozen_lake,3,original,6,20,4,0.2,True
ownlogs,mechanism,ownlogs_mechanism,frozen_lake,3,original,7,20,6,0.3,True
ownlogs,mechanism,ownlogs_mechanism,frozen_lake,3,original,8,20,5,0.25,True
ownlogs,mechanism,ownlogs_mechanism,frozen_lake,3,updated,1,20,4,0.2,True
ownlogs,mechanism,ownlogs_mechanism,frozen_lake,3,updated,2,20,4,0.2,True
ownlogs,mechanism,ownlogs_mechanism,frozen_lake,3,updated,3,20,3,0.15,True
ownlogs,mechanism,ownlogs_mechanism,frozen_lake,3,updated,4,20,5,0.25,True
ownlogs,mechanism,ownlogs_mechanism,frozen_lake,3,updated,5,20,6,0.3,True
ownlogs,mechanism,ownlogs_mechanism,frozen_lake,3,updated,6,20,4,0.2,True
ownlogs,mechanism,ownlogs_mechanism,frozen_lake,3,updated,7,20,4,0.2,True
ownlogs,mechanism,ownlogs_mechanism,frozen_lake,3,updated,8,20,5,0.25,True
ownlogs,mechanism,ownlogs_mechanism,frozen_lake,4,original,1,20,8,0.4,True
ownlogs,mechanism,ownlogs_mechanism,frozen_lake,4,original,2,20,6,0.3,True
ownlogs,mechanism,ownlogs_mechanism,frozen_lake,4,original,3,20,5,0.25,True
ownlogs,mechanism,ownlogs_mechanism,frozen_lake,4,original,4,20,6,0.3,True
ownlogs,mechanism,ownlogs_mechanism,frozen_lake,4,original,5,20,6,0.3,True
ownlogs,mechanism,ownlogs_mechanism,frozen_lake,4,original,6,20,3,0.15,True
ownlogs,mechanism,ownlogs_mechanism,frozen_lake,4,original,7,20,2,0.1,True
ownlogs,mechanism,ownlogs_mechanism,frozen_lake,4,original,8,20,2,0.1,True
ownlogs,mechanism,ownlogs_mechanism,frozen_lake,4,updated,1,20,7,0.35,True
ownlogs,mechanism,ownlogs_mechanism,frozen_lake,4,updated,2,20,4,0.2,True
ownlogs,mechanism,ownlogs_mechanism,frozen_lake,4,updated,3,20,5,0.25,True
ownlogs,mechanism,ownlogs_mechanism,frozen_lake,4,updated,4,20,4,0.2,True
ownlogs,mechanism,ownlogs_mechanism,frozen_lake,4,updated,5,20,4,0.2,True
ownlogs,mechanism,ownlogs_mechanism,frozen_lake,4,updated,6,20,3,0.15,True
ownlogs,mechanism,ownlogs_mechanism,frozen_lake,4,updated,7,20,4,0.2,True
ownlogs,mechanism,ownlogs_mechanism,frozen_lake,4,updated,8,20,5,0.25,True
ownlogs,mechanism,ownlogs_mechanism,frozen_lake,5,original,1,20,5,0.25,True
ownlogs,mechanism,ownlogs_mechanism,frozen_lake,5,original,2,20,6,0.3,True
ownlogs,mechanism,ownlogs_mechanism,frozen_lake,5,original,3,20,3,0.15,True
ownlogs,mechanism,ownlogs_mechanism,frozen_lake,5,original,4,20,2,0.1,True
ownlogs,mechanism,ownlogs_mechanism,frozen_lake,5,original,5,20,5,0.25,True
ownlogs,mechanism,ownlogs_mechanism,frozen_lake,5,original,6,20,3,0.15,True
ownlogs,mechanism,ownlogs_mechanism,frozen_lake,5,original,7,20,2,0.1,True
ownlogs,mechanism,ownlogs_mechanism,frozen_lake,5,original,8,20,6,0.3,True
ownlogs,mechanism,ownlogs_mechanism,frozen_lake,5,updated,1,20,4,0.2,True
ownlogs,mechanism,ownlogs_mechanism,frozen_lake,5,updated,2,20,3,0.15,True
ownlogs,mechanism,ownlogs_mechanism,frozen_lake,5,updated,3,20,5,0.25,True
ownlogs,mechanism,ownlogs_mechanism,frozen_lake,5,updated,4,20,3,0.15,True
ownlogs,mechanism,ownlogs_mechanism,frozen_lake,5,updated,5,20,2,0.1,True
ownlogs,mechanism,ownlogs_mechanism,frozen_lake,5,updated,6,20,3,0.15,True
ownlogs,mechanism,ownlogs_mechanism,frozen_lake,5,updated,7,20,2,0.1,True
ownlogs,mechanism,ownlogs_mechanism,frozen_lake,5,updated,8,20,3,0.15,True
ownlogs,mechanism,ownlogs_mechanism,frozen_lake,6,original,1,20,11,0.55,True
ownlogs,mechanism,ownlogs_mechanism,frozen_lake,6,original,2,20,10,0.5,True
ownlogs,mechanism,ownlogs_mechanism,frozen_lake,6,original,3,20,11,0.55,True
ownlogs,mechanism,ownlogs_mechanism,frozen_lake,6,original,4,20,12,0.6,True
ownlogs,mechanism,ownlogs_mechanism,frozen_lake,6,original,5,20,11,0.55,True
ownlogs,mechanism,ownlogs_mechanism,frozen_lake,6,original,6,20,13,0.65,True
ownlogs,mechanism,ownlogs_mechanism,frozen_lake,6,original,7,20,11,0.55,True
ownlogs,mechanism,ownlogs_mechanism,frozen_lake,6,original,8,20,11,0.55,True
ownlogs,mechanism,ownlogs_mechanism,frozen_lake,6,updated,1,20,4,0.2,True
ownlogs,mechanism,ownlogs_mechanism,frozen_lake,6,updated,2,20,15,0.75,True
ownlogs,mechanism,ownlogs_mechanism,frozen_lake,6,updated,3,20,14,0.7,True
ownlogs,mechanism,ownlogs_mechanism,frozen_lake,6,updated,4,20,2,0.1,True
ownlogs,mechanism,ownlogs_mechanism,frozen_lake,6,updated,5,20,7,0.35,True
ownlogs,mechanism,ownlogs_mechanism,frozen_lake,6,updated,6,20,6,0.3,True
ownlogs,mechanism,ownlogs_mechanism,frozen_lake,6,updated,7,20,5,0.25,True
ownlogs,mechanism,ownlogs_mechanism,frozen_lake,6,updated,8,20,6,0.3,True
ownlogs,mechanism,ownlogs_mechanism,frozen_lake,7,original,1,20,13,0.65,True
ownlogs,mechanism,ownlogs_mechanism,frozen_lake,7,original,2,20,10,0.5,True
ownlogs,mechanism,ownlogs_mechanism,frozen_lake,7,original,3,20,11,0.55,True
ownlogs,mechanism,ownlogs_mechanism,frozen_lake,7,original,4,20,8,0.4,True
ownlogs,mechanism,ownlogs_mechanism,frozen_lake,7,original,5,20,10,0.5,True
ownlogs,mechanism,ownlogs_mechanism,frozen_lake,7,original,6,20,9,0.45,True
ownlogs,mechanism,ownlogs_mechanism,frozen_lake,7,original,7,20,10,0.5,True
ownlogs,mechanism,ownlogs_mechanism,frozen_lake,7,original,8,20,9,0.45,True
ownlogs,mechanism,ownlogs_mechanism,frozen_lake,7,updated,1,20,10,0.5,True
ownlogs,mechanism,ownlogs_mechanism,frozen_lake,7,updated,2,20,11,0.55,True
ownlogs,mechanism,ownlogs_mechanism,frozen_lake,7,updated,3,20,5,0.25,True
ownlogs,mechanism,ownlogs_mechanism,frozen_lake,7,updated,4,20,12,0.6,True
ownlogs,mechanism,ownlogs_mechanism,frozen_lake,7,updated,5,20,8,0.4,True
ownlogs,mechanism,ownlogs_mechanism,frozen_lake,7,updated,6,20,4,0.2,True
ownlogs,mechanism,ownlogs_mechanism,frozen_lake,7,updated,7,20,3,0.15,True
ownlogs,mechanism,ownlogs_mechanism,frozen_lake,7,updated,8,20,8,0.4,True
ownlogs,mechanism,ownlogs_mechanism,frozen_lake,8,original,1,20,3,0.15,True
ownlogs,mechanism,ownlogs_mechanism,frozen_lake,8,original,2,20,2,0.1,True
ownlogs,mechanism,ownlogs_mechanism,frozen_lake,8,original,3,20,5,0.25,True
ownlogs,mechanism,ownlogs_mechanism,frozen_lake,8,original,4,20,2,0.1,True
ownlogs,mechanism,ownlogs_mechanism,frozen_lake,8,original,5,20,3,0.15,True
ownlogs,mechanism,ownlogs_mechanism,frozen_lake,8,original,6,20,4,0.2,True
ownlogs,mechanism,ownlogs_mechanism,frozen_lake,8,original,7,20,3,0.15,True
ownlogs,mechanism,ownlogs_mechanism,frozen_lake,8,original,8,20,3,0.15,True
ownlogs,mechanism,ownlogs_mechanism,frozen_lake,8,updated,1,20,6,0.3,True
ownlogs,mechanism,ownlogs_mechanism,frozen_lake,8,updated,2,20,5,0.25,True
ownlogs,mechanism,ownlogs_mechanism,frozen_lake,8,updated,3,20,6,0.3,True
ownlogs,mechanism,ownlogs_mechanism,frozen_lake,8,updated,4,20,4,0.2,True
ownlogs,mechanism,ownlogs_mechanism,frozen_lake,8,updated,5,20,6,0.3,True
ownlogs,mechanism,ownlogs_mechanism,frozen_lake,8,updated,6,20,7,0.35,True
ownlogs,mechanism,ownlogs_mechanism,frozen_lake,8,updated,7,20,3,0.15,True
ownlogs,mechanism,ownlogs_mechanism,frozen_lake,8,updated,8,20,1,0.05,True
ownlogs,mechanism,ownlogs_mechanism,frozen_lake,9,original,1,20,3,0.15,True
ownlogs,mechanism,ownlogs_mechanism,frozen_lake,9,original,2,20,3,0.15,True
ownlogs,mechanism,ownlogs_mechanism,frozen_lake,9,original,3,20,4,0.2,True
ownlogs,mechanism,ownlogs_mechanism,frozen_lake,9,original,4,20,4,0.2,True
ownlogs,mechanism,ownlogs_mechanism,frozen_lake,9,original,5,20,3,0.15,True
ownlogs,mechanism,ownlogs_mechanism,frozen_lake,9,original,6,20,2,0.1,True
ownlogs,mechanism,ownlogs_mechanism,frozen_lake,9,original,7,20,4,0.2,True
ownlogs,mechanism,ownlogs_mechanism,frozen_lake,9,original,8,20,3,0.15,True
ownlogs,mechanism,ownlogs_mechanism,frozen_lake,9,updated,1,20,5,0.25,True
ownlogs,mechanism,ownlogs_mechanism,frozen_lake,9,updated,2,20,8,0.4,True
ownlogs,mechanism,ownlogs_mechanism,frozen_lake,9,updated,3,20,3,0.15,True
ownlogs,mechanism,ownlogs_mechanism,frozen_lake,9,updated,4,20,4,0.2,True
ownlogs,mechanism,ownlogs_mechanism,frozen_lake,9,updated,5,20,5,0.25,True
ownlogs,mechanism,ownlogs_mechanism,frozen_lake,9,updated,6,20,3,0.15,True
ownlogs,mechanism,ownlogs_mechanism,frozen_lake,9,updated,7,20,7,0.35,True
ownlogs,mechanism,ownlogs_mechanism,frozen_lake,9,updated,8,20,6,0.3,True
ownlogs,mechanism,ownlogs_mechanism,frozen_lake,10,original,1,20,3,0.15,True
ownlogs,mechanism,ownlogs_mechanism,frozen_lake,10,original,2,20,2,0.1,True
ownlogs,mechanism,ownlogs_mechanism,frozen_lake,10,original,3,20,4,0.2,True
ownlogs,mechanism,ownlogs_mechanism,frozen_lake,10,original,4,20,6,0.3,True
ownlogs,mechanism,ownlogs_mechanism,frozen_lake,10,original,5,20,5,0.25,True
ownlogs,mechanism,ownlogs_mechanism,frozen_lake,10,original,6,20,5,0.25,True
ownlogs,mechanism,ownlogs_mechanism,frozen_lake,10,original,7,20,4,0.2,True
ownlogs,mechanism,ownlogs_mechanism,frozen_lake,10,original,8,20,5,0.25,True
ownlogs,mechanism,ownlogs_mechanism,frozen_lake,10,updated,1,20,5,0.25,True
ownlogs,mechanism,ownlogs_mechanism,frozen_lake,10,updated,2,20,4,0.2,True
ownlogs,mechanism,ownlogs_mechanism,frozen_lake,10,updated,3,20,5,0.25,True
ownlogs,mechanism,ownlogs_mechanism,frozen_lake,10,updated,4,20,5,0.25,True
ownlogs,mechanism,ownlogs_mechanism,frozen_lake,10,updated,5,20,3,0.15,True
ownlogs,mechanism,ownlogs_mechanism,frozen_lake,10,updated,6,20,4,0.2,True
ownlogs,mechanism,ownlogs_mechanism,frozen_lake,10,updated,7,20,6,0.3,True
ownlogs,mechanism,ownlogs_mechanism,frozen_lake,10,updated,8,20,4,0.2,True
ownlogs,mechanism,ownlogs_mechanism,frozen_lake,11,original,1,20,3,0.15,True
ownlogs,mechanism,ownlogs_mechanism,frozen_lake,11,original,2,20,3,0.15,True
ownlogs,mechanism,ownlogs_mechanism,frozen_lake,11,original,3,20,3,0.15,True
ownlogs,mechanism,ownlogs_mechanism,frozen_lake,11,original,4,20,4,0.2,True
ownlogs,mechanism,ownlogs_mechanism,frozen_lake,11,original,5,20,4,0.2,True
ownlogs,mechanism,ownlogs_mechanism,frozen_lake,11,original,6,20,6,0.3,True
ownlogs,mechanism,ownlogs_mechanism,frozen_lake,11,original,7,20,5,0.25,True
ownlogs,mechanism,ownlogs_mechanism,frozen_lake,11,original,8,20,3,0.15,True
ownlogs,mechanism,ownlogs_mechanism,frozen_lake,11,updated,1,20,3,0.15,True
ownlogs,mechanism,ownlogs_mechanism,frozen_lake,11,updated,2,20,3,0.15,True
ownlogs,mechanism,ownlogs_mechanism,frozen_lake,11,updated,3,20,6,0.3,True
ownlogs,mechanism,ownlogs_mechanism,frozen_lake,11,updated,4,20,3,0.15,True
ownlogs,mechanism,ownlogs_mechanism,frozen_lake,11,updated,5,20,5,0.25,True
ownlogs,mechanism,ownlogs_mechanism,frozen_lake,11,updated,6,20,4,0.2,True
ownlogs,mechanism,ownlogs_mechanism,frozen_lake,11,updated,7,20,3,0.15,True
ownlogs,mechanism,ownlogs_mechanism,frozen_lake,11,updated,8,20,3,0.15,True
ownlogs,mechanism,ownlogs_mechanism,frozen_lake,12,original,1,20,4,0.2,True
ownlogs,mechanism,ownlogs_mechanism,frozen_lake,12,original,2,20,4,0.2,True
ownlogs,mechanism,ownlogs_mechanism,frozen_lake,12,original,3,20,3,0.15,True
ownlogs,mechanism,ownlogs_mechanism,frozen_lake,12,original,4,20,6,0.3,True
ownlogs,mechanism,ownlogs_mechanism,frozen_lake,12,original,5,20,3,0.15,True
ownlogs,mechanism,ownlogs_mechanism,frozen_lake,12,original,6,20,1,0.05,True
ownlogs,mechanism,ownlogs_mechanism,frozen_lake,12,original,7,20,3,0.15,True
ownlogs,mechanism,ownlogs_mechanism,frozen_lake,12,original,8,20,5,0.25,True
ownlogs,mechanism,ownlogs_mechanism,frozen_lake,12,updated,1,20,5,0.25,True
ownlogs,mechanism,ownlogs_mechanism,frozen_lake,12,updated,2,20,6,0.3,True
ownlogs,mechanism,ownlogs_mechanism,frozen_lake,12,updated,3,20,5,0.25,True
ownlogs,mechanism,ownlogs_mechanism,frozen_lake,12,updated,4,20,4,0.2,True
ownlogs,mechanism,ownlogs_mechanism,frozen_lake,12,updated,5,20,6,0.3,True
ownlogs,mechanism,ownlogs_mechanism,frozen_lake,12,updated,6,20,4,0.2,True
ownlogs,mechanism,ownlogs_mechanism,frozen_lake,12,updated,7,20,8,0.4,True
ownlogs,mechanism,ownlogs_mechanism,frozen_lake,12,updated,8,20,4,0.2,True
ownlogs,mechanism,ownlogs_mechanism,frozen_lake,13,original,1,20,6,0.3,True
ownlogs,mechanism,ownlogs_mechanism,frozen_lake,13,original,2,20,6,0.3,True
ownlogs,mechanism,ownlogs_mechanism,frozen_lake,13,original,3,20,4,0.2,True
ownlogs,mechanism,ownlogs_mechanism,frozen_lake,13,original,4,20,4,0.2,True
ownlogs,mechanism,ownlogs_mechanism,frozen_lake,13,original,5,20,5,0.25,True
ownlogs,mechanism,ownlogs_mechanism,frozen_lake,13,original,6,20,5,0.25,True
ownlogs,mechanism,ownlogs_mechanism,frozen_lake,13,original,7,20,7,0.35,True
ownlogs,mechanism,ownlogs_mechanism,frozen_lake,13,original,8,20,7,0.35,True
ownlogs,mechanism,ownlogs_mechanism,frozen_lake,13,updated,1,20,5,0.25,True
ownlogs,mechanism,ownlogs_mechanism,frozen_lake,13,updated,2,20,6,0.3,True
ownlogs,mechanism,ownlogs_mechanism,frozen_lake,13,updated,3,20,5,0.25,True
ownlogs,mechanism,ownlogs_mechanism,frozen_lake,13,updated,4,20,5,0.25,True
ownlogs,mechanism,ownlogs_mechanism,frozen_lake,13,updated,5,20,7,0.35,True
ownlogs,mechanism,ownlogs_mechanism,frozen_lake,13,updated,6,20,8,0.4,True
ownlogs,mechanism,ownlogs_mechanism,frozen_lake,13,updated,7,20,6,0.3,True
ownlogs,mechanism,ownlogs_mechanism,frozen_lake,13,updated,8,20,5,0.25,True
ownlogs,mechanism,ownlogs_mechanism,frozen_lake,14,original,1,20,5,0.25,True
ownlogs,mechanism,ownlogs_mechanism,frozen_lake,14,original,2,20,5,0.25,True
ownlogs,mechanism,ownlogs_mechanism,frozen_lake,14,original,3,20,4,0.2,True
ownlogs,mechanism,ownlogs_mechanism,frozen_lake,14,original,4,20,4,0.2,True
ownlogs,mechanism,ownlogs_mechanism,frozen_lake,14,original,5,20,4,0.2,True
ownlogs,mechanism,ownlogs_mechanism,frozen_lake,14,original,6,20,4,0.2,True
ownlogs,mechanism,ownlogs_mechanism,frozen_lake,14,original,7,20,5,0.25,True
ownlogs,mechanism,ownlogs_mechanism,frozen_lake,14,original,8,20,6,0.3,True
ownlogs,mechanism,ownlogs_mechanism,frozen_lake,14,updated,1,20,5,0.25,True
ownlogs,mechanism,ownlogs_mechanism,frozen_lake,14,updated,2,20,0,0.0,True
ownlogs,mechanism,ownlogs_mechanism,frozen_lake,14,updated,3,20,8,0.4,True
ownlogs,mechanism,ownlogs_mechanism,frozen_lake,14,updated,4,20,4,0.2,True
ownlogs,mechanism,ownlogs_mechanism,frozen_lake,14,updated,5,20,9,0.45,True
ownlogs,mechanism,ownlogs_mechanism,frozen_lake,14,updated,6,20,3,0.15,True
ownlogs,mechanism,ownlogs_mechanism,frozen_lake,14,updated,7,20,0,0.0,True
ownlogs,mechanism,ownlogs_mechanism,frozen_lake,14,updated,8,20,6,0.3,True
ownlogs,mechanism,ownlogs_mechanism,frozen_lake,15,original,1,20,4,0.2,True
ownlogs,mechanism,ownlogs_mechanism,frozen_lake,15,original,2,20,3,0.15,True
ownlogs,mechanism,ownlogs_mechanism,frozen_lake,15,original,3,20,4,0.2,True
ownlogs,mechanism,ownlogs_mechanism,frozen_lake,15,original,4,20,4,0.2,True
ownlogs,mechanism,ownlogs_mechanism,frozen_lake,15,original,5,20,4,0.2,True
ownlogs,mechanism,ownlogs_mechanism,frozen_lake,15,original,6,20,5,0.25,True
ownlogs,mechanism,ownlogs_mechanism,frozen_lake,15,original,7,20,6,0.3,True
ownlogs,mechanism,ownlogs_mechanism,frozen_lake,15,original,8,20,5,0.25,True
ownlogs,mechanism,ownlogs_mechanism,frozen_lake,15,updated,1,20,3,0.15,True
ownlogs,mechanism,ownlogs_mechanism,frozen_lake,15,updated,2,20,6,0.3,True
ownlogs,mechanism,ownlogs_mechanism,frozen_lake,15,updated,3,20,5,0.25,True
ownlogs,mechanism,ownlogs_mechanism,frozen_lake,15,updated,4,20,5,0.25,True
ownlogs,mechanism,ownlogs_mechanism,frozen_lake,15,updated,5,20,6,0.3,True
ownlogs,mechanism,ownlogs_mechanism,frozen_lake,15,updated,6,20,6,0.3,True
ownlogs,mechanism,ownlogs_mechanism,frozen_lake,15,updated,7,20,10,0.5,True
ownlogs,mechanism,ownlogs_mechanism,frozen_lake,15,updated,8,20,6,0.3,True
ownlogs,mechanism,ownlogs_mechanism,frozen_lake,16,original,1,20,4,0.2,True
ownlogs,mechanism,ownlogs_mechanism,frozen_lake,16,original,2,20,7,0.35,True
ownlogs,mechanism,ownlogs_mechanism,frozen_lake,16,original,3,20,3,0.15,True
ownlogs,mechanism,ownlogs_mechanism,frozen_lake,16,original,4,20,6,0.3,True
ownlogs,mechanism,ownlogs_mechanism,frozen_lake,16,original,5,20,5,0.25,True
ownlogs,mechanism,ownlogs_mechanism,frozen_lake,16,original,6,20,7,0.35,True
ownlogs,mechanism,ownlogs_mechanism,frozen_lake,16,original,7,20,4,0.2,True
ownlogs,mechanism,ownlogs_mechanism,frozen_lake,16,original,8,20,4,0.2,True
ownlogs,mechanism,ownlogs_mechanism,frozen_lake,16,updated,1,20,6,0.3,True
ownlogs,mechanism,ownlogs_mechanism,frozen_lake,16,updated,2,20,5,0.25,True
ownlogs,mechanism,ownlogs_mechanism,frozen_lake,16,updated,3,20,4,0.2,True
ownlogs,mechanism,ownlogs_mechanism,frozen_lake,16,updated,4,20,5,0.25,True
ownlogs,mechanism,ownlogs_mechanism,frozen_lake,16,updated,5,20,7,0.35,True
ownlogs,mechanism,ownlogs_mechanism,frozen_lake,16,updated,6,20,4,0.2,True
ownlogs,mechanism,ownlogs_mechanism,frozen_lake,16,updated,7,20,5,0.25,True
ownlogs,mechanism,ownlogs_mechanism,frozen_lake,16,updated,8,20,6,0.3,True
ownlogs,mechanism,ownlogs_mechanism,frozen_lake,17,original,1,20,5,0.25,True
ownlogs,mechanism,ownlogs_mechanism,frozen_lake,17,original,2,20,6,0.3,True
ownlogs,mechanism,ownlogs_mechanism,frozen_lake,17,original,3,20,5,0.25,True
ownlogs,mechanism,ownlogs_mechanism,frozen_lake,17,original,4,20,4,0.2,True
ownlogs,mechanism,ownlogs_mechanism,frozen_lake,17,original,5,20,5,0.25,True
ownlogs,mechanism,ownlogs_mechanism,frozen_lake,17,original,6,20,3,0.15,True
ownlogs,mechanism,ownlogs_mechanism,frozen_lake,17,original,7,20,5,0.25,True
ownlogs,mechanism,ownlogs_mechanism,frozen_lake,17,original,8,20,7,0.35,True
ownlogs,mechanism,ownlogs_mechanism,frozen_lake,17,updated,1,20,4,0.2,True
ownlogs,mechanism,ownlogs_mechanism,frozen_lake,17,updated,2,20,5,0.25,True
ownlogs,mechanism,ownlogs_mechanism,frozen_lake,17,updated,3,20,5,0.25,True
ownlogs,mechanism,ownlogs_mechanism,frozen_lake,17,updated,4,20,6,0.3,True
ownlogs,mechanism,ownlogs_mechanism,frozen_lake,17,updated,5,20,4,0.2,True
ownlogs,mechanism,ownlogs_mechanism,frozen_lake,17,updated,6,20,4,0.2,True
ownlogs,mechanism,ownlogs_mechanism,frozen_lake,17,updated,7,20,5,0.25,True
ownlogs,mechanism,ownlogs_mechanism,frozen_lake,17,updated,8,20,6,0.3,True
ownlogs,mechanism,ownlogs_mechanism,frozen_lake,18,original,1,20,6,0.3,True
ownlogs,mechanism,ownlogs_mechanism,frozen_lake,18,original,2,20,6,0.3,True
ownlogs,mechanism,ownlogs_mechanism,frozen_lake,18,original,3,20,4,0.2,True
ownlogs,mechanism,ownlogs_mechanism,frozen_lake,18,original,4,20,4,0.2,True
ownlogs,mechanism,ownlogs_mechanism,frozen_lake,18,original,5,20,4,0.2,True
ownlogs,mechanism,ownlogs_mechanism,frozen_lake,18,original,6,20,4,0.2,True
ownlogs,mechanism,ownlogs_mechanism,frozen_lake,18,original,7,20,5,0.25,True
ownlogs,mechanism,ownlogs_mechanism,frozen_lake,18,original,8,20,4,0.2,True
ownlogs,mechanism,ownlogs_mechanism,frozen_lake,18,updated,1,20,2,0.1,True
ownlogs,mechanism,ownlogs_mechanism,frozen_lake,18,updated,2,20,4,0.2,True
ownlogs,mechanism,ownlogs_mechanism,frozen_lake,18,updated,3,20,3,0.15,True
ownlogs,mechanism,ownlogs_mechanism,frozen_lake,18,updated,4,20,6,0.3,True
ownlogs,mechanism,ownlogs_mechanism,frozen_lake,18,updated,5,20,5,0.25,True
ownlogs,mechanism,ownlogs_mechanism,frozen_lake,18,updated,6,20,5,0.25,True
ownlogs,mechanism,ownlogs_mechanism,frozen_lake,18,updated,7,20,4,0.2,True
ownlogs,mechanism,ownlogs_mechanism,frozen_lake,18,updated,8,20,6,0.3,True
ownlogs,mechanism,ownlogs_mechanism,frozen_lake,19,original,1,20,4,0.2,True
ownlogs,mechanism,ownlogs_mechanism,frozen_lake,19,original,2,20,4,0.2,True
ownlogs,mechanism,ownlogs_mechanism,frozen_lake,19,original,3,20,4,0.2,True
ownlogs,mechanism,ownlogs_mechanism,frozen_lake,19,original,4,20,5,0.25,True
ownlogs,mechanism,ownlogs_mechanism,frozen_lake,19,original,5,20,5,0.25,True
ownlogs,mechanism,ownlogs_mechanism,frozen_lake,19,original,6,20,7,0.35,True
ownlogs,mechanism,ownlogs_mechanism,frozen_lake,19,original,7,20,4,0.2,True
ownlogs,mechanism,ownlogs_mechanism,frozen_lake,19,original,8,20,6,0.3,True
ownlogs,mechanism,ownlogs_mechanism,frozen_lake,19,updated,1,20,6,0.3,True
ownlogs,mechanism,ownlogs_mechanism,frozen_lake,19,updated,2,20,5,0.25,True
ownlogs,mechanism,ownlogs_mechanism,frozen_lake,19,updated,3,20,6,0.3,True
ownlogs,mechanism,ownlogs_mechanism,frozen_lake,19,updated,4,20,12,0.6,True
ownlogs,mechanism,ownlogs_mechanism,frozen_lake,19,updated,5,20,4,0.2,True
ownlogs,mechanism,ownlogs_mechanism,frozen_lake,19,updated,6,20,5,0.25,True
ownlogs,mechanism,ownlogs_mechanism,frozen_lake,19,updated,7,20,4,0.2,True
ownlogs,mechanism,ownlogs_mechanism,frozen_lake,19,updated,8,20,3,0.15,True
ownlogs,mechanism,ownlogs_mechanism,frozen_lake,20,original,1,20,5,0.25,True
ownlogs,mechanism,ownlogs_mechanism,frozen_lake,20,original,2,20,6,0.3,True
ownlogs,mechanism,ownlogs_mechanism,frozen_lake,20,original,3,20,4,0.2,True
ownlogs,mechanism,ownlogs_mechanism,frozen_lake,20,original,4,20,6,0.3,True
ownlogs,mechanism,ownlogs_mechanism,frozen_lake,20,original,5,20,5,0.25,True
ownlogs,mechanism,ownlogs_mechanism,frozen_lake,20,original,6,20,6,0.3,True
ownlogs,mechanism,ownlogs_mechanism,frozen_lake,20,original,7,20,5,0.25,True
ownlogs,mechanism,ownlogs_mechanism,frozen_lake,20,original,8,20,5,0.25,True
ownlogs,mechanism,ownlogs_mechanism,frozen_lake,20,updated,1,20,6,0.3,True
ownlogs,mechanism,ownlogs_mechanism,frozen_lake,20,updated,2,20,5,0.25,True
ownlogs,mechanism,ownlogs_mechanism,frozen_lake,20,updated,3,20,6,0.3,True
ownlogs,mechanism,ownlogs_mechanism,frozen_lake,20,updated,4,20,4,0.2,True
ownlogs,mechanism,ownlogs_mechanism,frozen_lake,20,updated,5,20,4,0.2,True
ownlogs,mechanism,ownlogs_mechanism,frozen_lake,20,updated,6,20,5,0.25,True
ownlogs,mechanism,ownlogs_mechanism,frozen_lake,20,updated,7,20,5,0.25,True
ownlogs,mechanism,ownlogs_mechanism,frozen_lake,20,updated,8,20,5,0.25,True
ownlogs,mechanism,ownlogs_mechanism,frozen_lake,21,original,1,20,8,0.4,True
ownlogs,mechanism,ownlogs_mechanism,frozen_lake,21,original,2,20,4,0.2,True
ownlogs,mechanism,ownlogs_mechanism,frozen_lake,21,original,3,20,5,0.25,True
ownlogs,mechanism,ownlogs_mechanism,frozen_lake,21,original,4,20,6,0.3,True
ownlogs,mechanism,ownlogs_mechanism,frozen_lake,21,original,5,20,5,0.25,True
ownlogs,mechanism,ownlogs_mechanism,frozen_lake,21,original,6,20,2,0.1,True
ownlogs,mechanism,ownlogs_mechanism,frozen_lake,21,original,7,20,4,0.2,True
ownlogs,mechanism,ownlogs_mechanism,frozen_lake,21,original,8,20,8,0.4,True
ownlogs,mechanism,ownlogs_mechanism,frozen_lake,21,updated,1,20,4,0.2,True
ownlogs,mechanism,ownlogs_mechanism,frozen_lake,21,updated,2,20,4,0.2,True
ownlogs,mechanism,ownlogs_mechanism,frozen_lake,21,updated,3,20,4,0.2,True
ownlogs,mechanism,ownlogs_mechanism,frozen_lake,21,updated,4,20,7,0.35,True
ownlogs,mechanism,ownlogs_mechanism,frozen_lake,21,updated,5,20,4,0.2,True
ownlogs,mechanism,ownlogs_mechanism,frozen_lake,21,updated,6,20,9,0.45,True
ownlogs,mechanism,ownlogs_mechanism,frozen_lake,21,updated,7,20,4,0.2,True
ownlogs,mechanism,ownlogs_mechanism,frozen_lake,21,updated,8,20,5,0.25,True
ownlogs,mechanism,ownlogs_mechanism,frozen_lake,22,original,1,20,5,0.25,True
ownlogs,mechanism,ownlogs_mechanism,frozen_lake,22,original,2,20,4,0.2,True
ownlogs,mechanism,ownlogs_mechanism,frozen_lake,22,original,3,20,4,0.2,True
ownlogs,mechanism,ownlogs_mechanism,frozen_lake,22,original,4,20,4,0.2,True
ownlogs,mechanism,ownlogs_mechanism,frozen_lake,22,original,5,20,4,0.2,True
ownlogs,mechanism,ownlogs_mechanism,frozen_lake,22,original,6,20,4,0.2,True
ownlogs,mechanism,ownlogs_mechanism,frozen_lake,22,original,7,20,3,0.15,True
ownlogs,mechanism,ownlogs_mechanism,frozen_lake,22,original,8,20,5,0.25,True
ownlogs,mechanism,ownlogs_mechanism,frozen_lake,22,updated,1,20,5,0.25,True
ownlogs,mechanism,ownlogs_mechanism,frozen_lake,22,updated,2,20,4,0.2,True
ownlogs,mechanism,ownlogs_mechanism,frozen_lake,22,updated,3,20,3,0.15,True
ownlogs,mechanism,ownlogs_mechanism,frozen_lake,22,updated,4,20,5,0.25,True
ownlogs,mechanism,ownlogs_mechanism,frozen_lake,22,updated,5,20,7,0.35,True
ownlogs,mechanism,ownlogs_mechanism,frozen_lake,22,updated,6,20,7,0.35,True
ownlogs,mechanism,ownlogs_mechanism,frozen_lake,22,updated,7,20,5,0.25,True
ownlogs,mechanism,ownlogs_mechanism,frozen_lake,22,updated,8,20,4,0.2,True
ownlogs,mechanism,ownlogs_mechanism,frozen_lake,23,original,1,20,6,0.3,True
ownlogs,mechanism,ownlogs_mechanism,frozen_lake,23,original,2,20,4,0.2,True
ownlogs,mechanism,ownlogs_mechanism,frozen_lake,23,original,3,20,5,0.25,True
ownlogs,mechanism,ownlogs_mechanism,frozen_lake,23,original,4,20,3,0.15,True
ownlogs,mechanism,ownlogs_mechanism,frozen_lake,23,original,5,20,7,0.35,True
ownlogs,mechanism,ownlogs_mechanism,frozen_lake,23,original,6,20,7,0.35,True
ownlogs,mechanism,ownlogs_mechanism,frozen_lake,23,original,7,20,6,0.3,True
ownlogs,mechanism,ownlogs_mechanism,frozen_lake,23,original,8,20,5,0.25,True
ownlogs,mechanism,ownlogs_mechanism,frozen_lake,23,updated,1,20,6,0.3,True
ownlogs,mechanism,ownlogs_mechanism,frozen_lake,23,updated,2,20,4,0.2,True
ownlogs,mechanism,ownlogs_mechanism,frozen_lake,23,updated,3,20,5,0.25,True
ownlogs,mechanism,ownlogs_mechanism,frozen_lake,23,updated,4,20,5,0.25,True
ownlogs,mechanism,ownlogs_mechanism,frozen_lake,23,updated,5,20,4,0.2,True
ownlogs,mechanism,ownlogs_mechanism,frozen_lake,23,updated,6,20,3,0.15,True
ownlogs,mechanism,ownlogs_mechanism,frozen_lake,23,updated,7,20,5,0.25,True
ownlogs,mechanism,ownlogs_mechanism,frozen_lake,23,updated,8,20,6,0.3,True
ownlogs,mechanism,ownlogs_mechanism,frozen_lake,24,original,1,20,5,0.25,True
ownlogs,mechanism,ownlogs_mechanism,frozen_lake,24,original,2,20,5,0.25,True
ownlogs,mechanism,ownlogs_mechanism,frozen_lake,24,original,3,20,4,0.2,True
ownlogs,mechanism,ownlogs_mechanism,frozen_lake,24,original,4,20,4,0.2,True
ownlogs,mechanism,ownlogs_mechanism,frozen_lake,24,original,5,20,6,0.3,True
ownlogs,mechanism,ownlogs_mechanism,frozen_lake,24,original,6,20,4,0.2,True
ownlogs,mechanism,ownlogs_mechanism,frozen_lake,24,original,7,20,6,0.3,True
ownlogs,mechanism,ownlogs_mechanism,frozen_lake,24,original,8,20,6,0.3,True
ownlogs,mechanism,ownlogs_mechanism,frozen_lake,24,updated,1,20,4,0.2,True
ownlogs,mechanism,ownlogs_mechanism,frozen_lake,24,updated,2,20,2,0.1,True
ownlogs,mechanism,ownlogs_mechanism,frozen_lake,24,updated,3,20,5,0.25,True
ownlogs,mechanism,ownlogs_mechanism,frozen_lake,24,updated,4,20,3,0.15,True
ownlogs,mechanism,ownlogs_mechanism,frozen_lake,24,updated,5,20,4,0.2,True
ownlogs,mechanism,ownlogs_mechanism,frozen_lake,24,updated,6,20,5,0.25,True
ownlogs,mechanism,ownlogs_mechanism,frozen_lake,24,updated,7,20,1,0.05,True
ownlogs,mechanism,ownlogs_mechanism,frozen_lake,24,updated,8,20,3,0.15,True
ownlogs,mechanism,ownlogs_mechanism,frozen_lake,25,original,1,20,4,0.2,True
ownlogs,mechanism,ownlogs_mechanism,frozen_lake,25,original,2,20,4,0.2,True
ownlogs,mechanism,ownlogs_mechanism,frozen_lake,25,original,3,20,5,0.25,True
ownlogs,mechanism,ownlogs_mechanism,frozen_lake,25,original,4,20,4,0.2,True
ownlogs,mechanism,ownlogs_mechanism,frozen_lake,25,original,5,20,4,0.2,True
ownlogs,mechanism,ownlogs_mechanism,frozen_lake,25,original,6,20,3,0.15,True
ownlogs,mechanism,ownlogs_mechanism,frozen_lake,25,original,7,20,6,0.3,True
ownlogs,mechanism,ownlogs_mechanism,frozen_lake,25,original,8,20,5,0.25,True
ownlogs,mechanism,ownlogs_mechanism,frozen_lake,25,updated,1,20,3,0.15,True
ownlogs,mechanism,ownlogs_mechanism,frozen_lake,25,updated,2,20,5,0.25,True
ownlogs,mechanism,ownlogs_mechanism,frozen_lake,25,updated,3,20,5,0.25,True
ownlogs,mechanism,ownlogs_mechanism,frozen_lake,25,updated,4,20,5,0.25,True
ownlogs,mechanism,ownlogs_mechanism,frozen_lake,25,updated,5,20,5,0.25,True
ownlogs,mechanism,ownlogs_mechanism,frozen_lake,25,updated,6,20,6,0.3,True
ownlogs,mechanism,ownlogs_mechanism,frozen_lake,25,updated,7,20,5,0.25,True
ownlogs,mechanism,ownlogs_mechanism,frozen_lake,25,updated,8,20,2,0.1,True
ownlogs,mechanism,ownlogs_mechanism,frozen_lake,26,original,1,20,5,0.25,True
ownlogs,mechanism,ownlogs_mechanism,frozen_lake,26,original,2,20,4,0.2,True
ownlogs,mechanism,ownlogs_mechanism,frozen_lake,26,original,3,20,4,0.2,True
ownlogs,mechanism,ownlogs_mechanism,frozen_lake,26,original,4,20,4,0.2,True
ownlogs,mechanism,ownlogs_mechanism,frozen_lake,26,original,5,20,4,0.2,True
ownlogs,mechanism,ownlogs_mechanism,frozen_lake,26,original,6,20,3,0.15,True
ownlogs,mechanism,ownlogs_mechanism,frozen_lake,26,original,7,20,8,0.4,True
ownlogs,mechanism,ownlogs_mechanism,frozen_lake,26,original,8,20,5,0.25,True
ownlogs,mechanism,ownlogs_mechanism,frozen_lake,26,updated,1,20,6,0.3,True
ownlogs,mechanism,ownlogs_mechanism,frozen_lake,26,updated,2,20,3,0.15,True
ownlogs,mechanism,ownlogs_mechanism,frozen_lake,26,updated,3,20,3,0.15,True
ownlogs,mechanism,ownlogs_mechanism,frozen_lake,26,updated,4,20,6,0.3,True
ownlogs,mechanism,ownlogs_mechanism,frozen_lake,26,updated,5,20,5,0.25,True
ownlogs,mechanism,ownlogs_mechanism,frozen_lake,26,updated,6,20,5,0.25,True
ownlogs,mechanism,ownlogs_mechanism,frozen_lake,26,updated,7,20,6,0.3,True
ownlogs,mechanism,ownlogs_mechanism,frozen_lake,26,updated,8,20,1,0.05,True
ownlogs,mechanism,ownlogs_mechanism,frozen_lake,27,original,1,20,4,0.2,True
ownlogs,mechanism,ownlogs_mechanism,frozen_lake,27,original,2,20,3,0.15,True
ownlogs,mechanism,ownlogs_mechanism,frozen_lake,27,original,3,20,4,0.2,True
ownlogs,mechanism,ownlogs_mechanism,frozen_lake,27,original,4,20,5,0.25,True
ownlogs,mechanism,ownlogs_mechanism,frozen_lake,27,original,5,20,3,0.15,True
ownlogs,mechanism,ownlogs_mechanism,frozen_lake,27,original,6,20,6,0.3,True
ownlogs,mechanism,ownlogs_mechanism,frozen_lake,27,original,7,20,3,0.15,True
ownlogs,mechanism,ownlogs_mechanism,frozen_lake,27,original,8,20,4,0.2,True
ownlogs,mechanism,ownlogs_mechanism,frozen_lake,27,updated,1,20,4,0.2,True
ownlogs,mechanism,ownlogs_mechanism,frozen_lake,27,updated,2,20,5,0.25,True
ownlogs,mechanism,ownlogs_mechanism,frozen_lake,27,updated,3,20,5,0.25,True
ownlogs,mechanism,ownlogs_mechanism,frozen_lake,27,updated,4,20,5,0.25,True
ownlogs,mechanism,ownlogs_mechanism,frozen_lake,27,updated,5,20,3,0.15,True
ownlogs,mechanism,ownlogs_mechanism,frozen_lake,27,updated,6,20,3,0.15,True
ownlogs,mechanism,ownlogs_mechanism,frozen_lake,27,updated,7,20,5,0.25,True
ownlogs,mechanism,ownlogs_mechanism,frozen_lake,27,updated,8,20,4,0.2,True
ownlogs,mechanism,ownlogs_mechanism,frozen_lake,28,original,1,20,3,0.15,True
ownlogs,mechanism,ownlogs_mechanism,frozen_lake,28,original,2,20,3,0.15,True
ownlogs,mechanism,ownlogs_mechanism,frozen_lake,28,original,3,20,5,0.25,True
ownlogs,mechanism,ownlogs_mechanism,frozen_lake,28,original,4,20,4,0.2,True
ownlogs,mechanism,ownlogs_mechanism,frozen_lake,28,original,5,20,6,0.3,True
ownlogs,mechanism,ownlogs_mechanism,frozen_lake,28,original,6,20,4,0.2,True
ownlogs,mechanism,ownlogs_mechanism,frozen_lake,28,original,7,20,5,0.25,True
ownlogs,mechanism,ownlogs_mechanism,frozen_lake,28,original,8,20,4,0.2,True
ownlogs,mechanism,ownlogs_mechanism,frozen_lake,28,updated,1,20,4,0.2,True
ownlogs,mechanism,ownlogs_mechanism,frozen_lake,28,updated,2,20,4,0.2,True
ownlogs,mechanism,ownlogs_mechanism,frozen_lake,28,updated,3,20,3,0.15,True
ownlogs,mechanism,ownlogs_mechanism,frozen_lake,28,updated,4,20,4,0.2,True
ownlogs,mechanism,ownlogs_mechanism,frozen_lake,28,updated,5,20,4,0.2,True
ownlogs,mechanism,ownlogs_mechanism,frozen_lake,28,updated,6,20,5,0.25,True
ownlogs,mechanism,ownlogs_mechanism,frozen_lake,28,updated,7,20,3,0.15,True
ownlogs,mechanism,ownlogs_mechanism,frozen_lake,28,updated,8,20,3,0.15,True
ownlogs,mechanism,ownlogs_mechanism,frozen_lake,29,original,1,20,6,0.3,True
ownlogs,mechanism,ownlogs_mechanism,frozen_lake,29,original,2,20,5,0.25,True
ownlogs,mechanism,ownlogs_mechanism,frozen_lake,29,original,3,20,4,0.2,True
ownlogs,mechanism,ownlogs_mechanism,frozen_lake,29,original,4,20,5,0.25,True
ownlogs,mechanism,ownlogs_mechanism,frozen_lake,29,original,5,20,5,0.25,True
ownlogs,mechanism,ownlogs_mechanism,frozen_lake,29,original,6,20,4,0.2,True
ownlogs,mechanism,ownlogs_mechanism,frozen_lake,29,original,7,20,4,0.2,True
ownlogs,mechanism,ownlogs_mechanism,frozen_lake,29,original,8,20,5,0.25,True
ownlogs,mechanism,ownlogs_mechanism,frozen_lake,29,updated,1,20,5,0.25,True
ownlogs,mechanism,ownlogs_mechanism,frozen_lake,29,updated,2,20,6,0.3,True
ownlogs,mechanism,ownlogs_mechanism,frozen_lake,29,updated,3,20,5,0.25,True
ownlogs,mechanism,ownlogs_mechanism,frozen_lake,29,updated,4,20,7,0.35,True
ownlogs,mechanism,ownlogs_mechanism,frozen_lake,29,updated,5,20,6,0.3,True
ownlogs,mechanism,ownlogs_mechanism,frozen_lake,29,updated,6,20,4,0.2,True
ownlogs,mechanism,ownlogs_mechanism,frozen_lake,29,updated,7,20,4,0.2,True
ownlogs,mechanism,ownlogs_mechanism,frozen_lake,29,updated,8,20,5,0.25,True
ownlogs,mechanism,ownlogs_mechanism,frozen_lake,30,original,1,20,7,0.35,True
ownlogs,mechanism,ownlogs_mechanism,frozen_lake,30,original,2,20,6,0.3,True
ownlogs,mechanism,ownlogs_mechanism,frozen_lake,30,original,3,20,5,0.25,True
ownlogs,mechanism,ownlogs_mechanism,frozen_lake,30,original,4,20,7,0.35,True
ownlogs,mechanism,ownlogs_mechanism,frozen_lake,30,original,5,20,4,0.2,True
ownlogs,mechanism,ownlogs_mechanism,frozen_lake,30,original,6,20,3,0.15,True
ownlogs,mechanism,ownlogs_mechanism,frozen_lake,30,original,7,20,7,0.35,True
ownlogs,mechanism,ownlogs_mechanism,frozen_lake,30,original,8,20,3,0.15,True
ownlogs,mechanism,ownlogs_mechanism,frozen_lake,30,updated,1,20,4,0.2,True
ownlogs,mechanism,ownlogs_mechanism,frozen_lake,30,updated,2,20,6,0.3,True
ownlogs,mechanism,ownlogs_mechanism,frozen_lake,30,updated,3,20,5,0.25,True
ownlogs,mechanism,ownlogs_mechanism,frozen_lake,30,updated,4,20,4,0.2,True
ownlogs,mechanism,ownlogs_mechanism,frozen_lake,30,updated,5,20,8,0.4,True
ownlogs,mechanism,ownlogs_mechanism,frozen_lake,30,updated,6,20,6,0.3,True
ownlogs,mechanism,ownlogs_mechanism,frozen_lake,30,updated,7,20,5,0.25,True
ownlogs,mechanism,ownlogs_mechanism,frozen_lake,30,updated,8,20,5,0.25,True
ownlogs,mechanism,ownlogs_mechanism,frozen_lake,31,original,1,20,6,0.3,True
ownlogs,mechanism,ownlogs_mechanism,frozen_lake,31,original,2,20,5,0.25,True
ownlogs,mechanism,ownlogs_mechanism,frozen_lake,31,original,3,20,5,0.25,True
ownlogs,mechanism,ownlogs_mechanism,frozen_lake,31,original,4,20,4,0.2,True
ownlogs,mechanism,ownlogs_mechanism,frozen_lake,31,original,5,20,4,0.2,True
ownlogs,mechanism,ownlogs_mechanism,frozen_lake,31,original,6,20,5,0.25,True
ownlogs,mechanism,ownlogs_mechanism,frozen_lake,31,original,7,20,5,0.25,True
ownlogs,mechanism,ownlogs_mechanism,frozen_lake,31,original,8,20,6,0.3,True
ownlogs,mechanism,ownlogs_mechanism,frozen_lake,31,updated,1,20,5,0.25,True
ownlogs,mechanism,ownlogs_mechanism,frozen_lake,31,updated,2,20,4,0.2,True
ownlogs,mechanism,ownlogs_mechanism,frozen_lake,31,updated,3,20,4,0.2,True
ownlogs,mechanism,ownlogs_mechanism,frozen_lake,31,updated,4,20,5,0.25,True
ownlogs,mechanism,ownlogs_mechanism,frozen_lake,31,updated,5,20,4,0.2,True
ownlogs,mechanism,ownlogs_mechanism,frozen_lake,31,updated,6,20,3,0.15,True
ownlogs,mechanism,ownlogs_mechanism,frozen_lake,31,updated,7,20,7,0.35,True
ownlogs,mechanism,ownlogs_mechanism,frozen_lake,31,updated,8,20,3,0.15,True
ownlogs,mechanism,ownlogs_mechanism,frozen_lake,32,original,1,20,4,0.2,True
ownlogs,mechanism,ownlogs_mechanism,frozen_lake,32,original,2,20,5,0.25,True
ownlogs,mechanism,ownlogs_mechanism,frozen_lake,32,original,3,20,5,0.25,True
ownlogs,mechanism,ownlogs_mechanism,frozen_lake,32,original,4,20,6,0.3,True
ownlogs,mechanism,ownlogs_mechanism,frozen_lake,32,original,5,20,7,0.35,True
ownlogs,mechanism,ownlogs_mechanism,frozen_lake,32,original,6,20,4,0.2,True
ownlogs,mechanism,ownlogs_mechanism,frozen_lake,32,original,7,20,5,0.25,True
ownlogs,mechanism,ownlogs_mechanism,frozen_lake,32,original,8,20,3,0.15,True
ownlogs,mechanism,ownlogs_mechanism,frozen_lake,32,updated,1,20,2,0.1,True
ownlogs,mechanism,ownlogs_mechanism,frozen_lake,32,updated,2,20,5,0.25,True
ownlogs,mechanism,ownlogs_mechanism,frozen_lake,32,updated,3,20,4,0.2,True
ownlogs,mechanism,ownlogs_mechanism,frozen_lake,32,updated,4,20,6,0.3,True
ownlogs,mechanism,ownlogs_mechanism,frozen_lake,32,updated,5,20,5,0.25,True
ownlogs,mechanism,ownlogs_mechanism,frozen_lake,32,updated,6,20,5,0.25,True
ownlogs,mechanism,ownlogs_mechanism,frozen_lake,32,updated,7,20,4,0.2,True
ownlogs,mechanism,ownlogs_mechanism,frozen_lake,32,updated,8,20,6,0.3,True
ownlogs,mechanism,ownlogs_mechanism,frozen_lake,33,original,1,20,7,0.35,True
ownlogs,mechanism,ownlogs_mechanism,frozen_lake,33,original,2,20,3,0.15,True
ownlogs,mechanism,ownlogs_mechanism,frozen_lake,33,original,3,20,7,0.35,True
ownlogs,mechanism,ownlogs_mechanism,frozen_lake,33,original,4,20,3,0.15,True
ownlogs,mechanism,ownlogs_mechanism,frozen_lake,33,original,5,20,5,0.25,True
ownlogs,mechanism,ownlogs_mechanism,frozen_lake,33,original,6,20,7,0.35,True
ownlogs,mechanism,ownlogs_mechanism,frozen_lake,33,original,7,20,6,0.3,True
ownlogs,mechanism,ownlogs_mechanism,frozen_lake,33,original,8,20,4,0.2,True
ownlogs,mechanism,ownlogs_mechanism,frozen_lake,33,updated,1,20,5,0.25,True
ownlogs,mechanism,ownlogs_mechanism,frozen_lake,33,updated,2,20,4,0.2,True
ownlogs,mechanism,ownlogs_mechanism,frozen_lake,33,updated,3,20,4,0.2,True
ownlogs,mechanism,ownlogs_mechanism,frozen_lake,33,updated,4,20,5,0.25,True
ownlogs,mechanism,ownlogs_mechanism,frozen_lake,33,updated,5,20,6,0.3,True
ownlogs,mechanism,ownlogs_mechanism,frozen_lake,33,updated,6,20,5,0.25,True
ownlogs,mechanism,ownlogs_mechanism,frozen_lake,33,updated,7,20,5,0.25,True
ownlogs,mechanism,ownlogs_mechanism,frozen_lake,33,updated,8,20,5,0.25,True
ownlogs,mechanism,ownlogs_mechanism,frozen_lake,34,original,1,20,5,0.25,True
ownlogs,mechanism,ownlogs_mechanism,frozen_lake,34,original,2,20,5,0.25,True
ownlogs,mechanism,ownlogs_mechanism,frozen_lake,34,original,3,20,6,0.3,True
ownlogs,mechanism,ownlogs_mechanism,frozen_lake,34,original,4,20,7,0.35,True
ownlogs,mechanism,ownlogs_mechanism,frozen_lake,34,original,5,20,4,0.2,True
ownlogs,mechanism,ownlogs_mechanism,frozen_lake,34,original,6,20,6,0.3,True
ownlogs,mechanism,ownlogs_mechanism,frozen_lake,34,original,7,20,6,0.3,True
ownlogs,mechanism,ownlogs_mechanism,frozen_lake,34,original,8,20,7,0.35,True
ownlogs,mechanism,ownlogs_mechanism,frozen_lake,34,updated,1,20,6,0.3,True
ownlogs,mechanism,ownlogs_mechanism,frozen_lake,34,updated,2,20,6,0.3,True
ownlogs,mechanism,ownlogs_mechanism,frozen_lake,34,updated,3,20,4,0.2,True
ownlogs,mechanism,ownlogs_mechanism,frozen_lake,34,updated,4,20,5,0.25,True
ownlogs,mechanism,ownlogs_mechanism,frozen_lake,34,updated,5,20,7,0.35,True
ownlogs,mechanism,ownlogs_mechanism,frozen_lake,34,updated,6,20,5,0.25,True
ownlogs,mechanism,ownlogs_mechanism,frozen_lake,34,updated,7,20,4,0.2,True
ownlogs,mechanism,ownlogs_mechanism,frozen_lake,34,updated,8,20,5,0.25,True
ownlogs,mechanism,ownlogs_mechanism,frozen_lake,35,original,1,20,6,0.3,True
ownlogs,mechanism,ownlogs_mechanism,frozen_lake,35,original,2,20,6,0.3,True
ownlogs,mechanism,ownlogs_mechanism,frozen_lake,35,original,3,20,5,0.25,True
ownlogs,mechanism,ownlogs_mechanism,frozen_lake,35,original,4,20,5,0.25,True
ownlogs,mechanism,ownlogs_mechanism,frozen_lake,35,original,5,20,5,0.25,True
ownlogs,mechanism,ownlogs_mechanism,frozen_lake,35,original,6,20,5,0.25,True
ownlogs,mechanism,ownlogs_mechanism,frozen_lake,35,original,7,20,7,0.35,True
ownlogs,mechanism,ownlogs_mechanism,frozen_lake,35,original,8,20,5,0.25,True
ownlogs,mechanism,ownlogs_mechanism,frozen_lake,35,updated,1,20,4,0.2,True
ownlogs,mechanism,ownlogs_mechanism,frozen_lake,35,updated,2,20,3,0.15,True
ownlogs,mechanism,ownlogs_mechanism,frozen_lake,35,updated,3,20,10,0.5,True
ownlogs,mechanism,ownlogs_mechanism,frozen_lake,35,updated,4,20,5,0.25,True
ownlogs,mechanism,ownlogs_mechanism,frozen_lake,35,updated,5,20,5,0.25,True
ownlogs,mechanism,ownlogs_mechanism,frozen_lake,35,updated,6,20,7,0.35,True
ownlogs,mechanism,ownlogs_mechanism,frozen_lake,35,updated,7,20,5,0.25,True
ownlogs,mechanism,ownlogs_mechanism,frozen_lake,35,updated,8,20,6,0.3,True
ownlogs,mechanism,ownlogs_mechanism,frozen_lake,36,original,1,20,3,0.15,True
ownlogs,mechanism,ownlogs_mechanism,frozen_lake,36,original,2,20,6,0.3,True
ownlogs,mechanism,ownlogs_mechanism,frozen_lake,36,original,3,20,5,0.25,True
ownlogs,mechanism,ownlogs_mechanism,frozen_lake,36,original,4,20,5,0.25,True
ownlogs,mechanism,ownlogs_mechanism,frozen_lake,36,original,5,20,6,0.3,True
ownlogs,mechanism,ownlogs_mechanism,frozen_lake,36,original,6,20,5,0.25,True
ownlogs,mechanism,ownlogs_mechanism,frozen_lake,36,original,7,20,6,0.3,True
ownlogs,mechanism,ownlogs_mechanism,frozen_lake,36,original,8,20,5,0.25,True
ownlogs,mechanism,ownlogs_mechanism,frozen_lake,36,updated,1,20,5,0.25,True
ownlogs,mechanism,ownlogs_mechanism,frozen_lake,36,updated,2,20,5,0.25,True
ownlogs,mechanism,ownlogs_mechanism,frozen_lake,36,updated,3,20,6,0.3,True
ownlogs,mechanism,ownlogs_mechanism,frozen_lake,36,updated,4,20,6,0.3,True
ownlogs,mechanism,ownlogs_mechanism,frozen_lake,36,updated,5,20,6,0.3,True
ownlogs,mechanism,ownlogs_mechanism,frozen_lake,36,updated,6,20,5,0.25,True
ownlogs,mechanism,ownlogs_mechanism,frozen_lake,36,updated,7,20,6,0.3,True
ownlogs,mechanism,ownlogs_mechanism,frozen_lake,36,updated,8,20,8,0.4,True
ownlogs,mechanism,ownlogs_mechanism,frozen_lake,37,original,1,20,7,0.35,True
ownlogs,mechanism,ownlogs_mechanism,frozen_lake,37,original,2,20,6,0.3,True
ownlogs,mechanism,ownlogs_mechanism,frozen_lake,37,original,3,20,8,0.4,True
ownlogs,mechanism,ownlogs_mechanism,frozen_lake,37,original,4,20,4,0.2,True
ownlogs,mechanism,ownlogs_mechanism,frozen_lake,37,original,5,20,4,0.2,True
ownlogs,mechanism,ownlogs_mechanism,frozen_lake,37,original,6,20,5,0.25,True
ownlogs,mechanism,ownlogs_mechanism,frozen_lake,37,original,7,20,6,0.3,True
ownlogs,mechanism,ownlogs_mechanism,frozen_lake,37,original,8,20,4,0.2,True
ownlogs,mechanism,ownlogs_mechanism,frozen_lake,37,updated,1,20,7,0.35,True
ownlogs,mechanism,ownlogs_mechanism,frozen_lake,37,updated,2,20,5,0.25,True
ownlogs,mechanism,ownlogs_mechanism,frozen_lake,37,updated,3,20,12,0.6,True
ownlogs,mechanism,ownlogs_mechanism,frozen_lake,37,updated,4,20,5,0.25,True
ownlogs,mechanism,ownlogs_mechanism,frozen_lake,37,updated,5,20,4,0.2,True
ownlogs,mechanism,ownlogs_mechanism,frozen_lake,37,updated,6,20,7,0.35,True
ownlogs,mechanism,ownlogs_mechanism,frozen_lake,37,updated,7,20,6,0.3,True
ownlogs,mechanism,ownlogs_mechanism,frozen_lake,37,updated,8,20,7,0.35,True
ownlogs,mechanism,ownlogs_mechanism,frozen_lake,38,original,1,20,5,0.25,True
ownlogs,mechanism,ownlogs_mechanism,frozen_lake,38,original,2,20,4,0.2,True
ownlogs,mechanism,ownlogs_mechanism,frozen_lake,38,original,3,20,5,0.25,True
ownlogs,mechanism,ownlogs_mechanism,frozen_lake,38,original,4,20,6,0.3,True
ownlogs,mechanism,ownlogs_mechanism,frozen_lake,38,original,5,20,6,0.3,True
ownlogs,mechanism,ownlogs_mechanism,frozen_lake,38,original,6,20,7,0.35,True
ownlogs,mechanism,ownlogs_mechanism,frozen_lake,38,original,7,20,6,0.3,True
ownlogs,mechanism,ownlogs_mechanism,frozen_lake,38,original,8,20,5,0.25,True
ownlogs,mechanism,ownlogs_mechanism,frozen_lake,38,updated,1,20,4,0.2,True
ownlogs,mechanism,ownlogs_mechanism,frozen_lake,38,updated,2,20,4,0.2,True
ownlogs,mechanism,ownlogs_mechanism,frozen_lake,38,updated,3,20,4,0.2,True
ownlogs,mechanism,ownlogs_mechanism,frozen_lake,38,updated,4,20,6,0.3,True
ownlogs,mechanism,ownlogs_mechanism,frozen_lake,38,updated,5,20,5,0.25,True
ownlogs,mechanism,ownlogs_mechanism,frozen_lake,38,updated,6,20,6,0.3,True
ownlogs,mechanism,ownlogs_mechanism,frozen_lake,38,updated,7,20,6,0.3,True
ownlogs,mechanism,ownlogs_mechanism,frozen_lake,38,updated,8,20,6,0.3,True
ownlogs,mechanism,ownlogs_mechanism,frozen_lake,39,original,1,20,5,0.25,True
ownlogs,mechanism,ownlogs_mechanism,frozen_lake,39,original,2,20,6,0.3,True
ownlogs,mechanism,ownlogs_mechanism,frozen_lake,39,original,3,20,7,0.35,True
ownlogs,mechanism,ownlogs_mechanism,frozen_lake,39,original,4,20,7,0.35,True
ownlogs,mechanism,ownlogs_mechanism,frozen_lake,39,original,5,20,6,0.3,True
ownlogs,mechanism,ownlogs_mechanism,frozen_lake,39,original,6,20,6,0.3,True
ownlogs,mechanism,ownlogs_mechanism,frozen_lake,39,original,7,20,7,0.35,True
ownlogs,mechanism,ownlogs_mechanism,frozen_lake,39,original,8,20,5,0.25,True
ownlogs,mechanism,ownlogs_mechanism,frozen_lake,39,updated,1,20,4,0.2,True
ownlogs,mechanism,ownlogs_mechanism,frozen_lake,39,updated,2,20,5,0.25,True
ownlogs,mechanism,ownlogs_mechanism,frozen_lake,39,updated,3,20,5,0.25,True
ownlogs,mechanism,ownlogs_mechanism,frozen_lake,39,updated,4,20,4,0.2,True
ownlogs,mechanism,ownlogs_mechanism,frozen_lake,39,updated,5,20,5,0.25,True
ownlogs,mechanism,ownlogs_mechanism,frozen_lake,39,updated,6,20,6,0.3,True
ownlogs,mechanism,ownlogs_mechanism,frozen_lake,39,updated,7,20,6,0.3,True
ownlogs,mechanism,ownlogs_mechanism,frozen_lake,39,updated,8,20,4,0.2,True
ownlogs,mechanism,ownlogs_mechanism,frozen_lake,40,original,1,20,5,0.25,True
ownlogs,mechanism,ownlogs_mechanism,frozen_lake,40,original,2,20,5,0.25,True
ownlogs,mechanism,ownlogs_mechanism,frozen_lake,40,original,3,20,4,0.2,True
ownlogs,mechanism,ownlogs_mechanism,frozen_lake,40,original,4,20,6,0.3,True
ownlogs,mechanism,ownlogs_mechanism,frozen_lake,40,original,5,20,4,0.2,True
ownlogs,mechanism,ownlogs_mechanism,frozen_lake,40,original,6,20,6,0.3,True
ownlogs,mechanism,ownlogs_mechanism,frozen_lake,40,original,7,20,5,0.25,True
ownlogs,mechanism,ownlogs_mechanism,frozen_lake,40,original,8,20,3,0.15,True
ownlogs,mechanism,ownlogs_mechanism,frozen_lake,40,updated,1,20,6,0.3,True
ownlogs,mechanism,ownlogs_mechanism,frozen_lake,40,updated,2,20,4,0.2,True
ownlogs,mechanism,ownlogs_mechanism,frozen_lake,40,updated,3,20,5,0.25,True
ownlogs,mechanism,ownlogs_mechanism,frozen_lake,40,updated,4,20,4,0.2,True
ownlogs,mechanism,ownlogs_mechanism,frozen_lake,40,updated,5,20,2,0.1,True
ownlogs,mechanism,ownlogs_mechanism,frozen_lake,40,updated,6,20,4,0.2,True
ownlogs,mechanism,ownlogs_mechanism,frozen_lake,40,updated,7,20,5,0.25,True
ownlogs,mechanism,ownlogs_mechanism,frozen_lake,40,updated,8,20,4,0.2,True
ownlogs,mechanism,ownlogs_mechanism,sokoban,1,original,1,20,7,0.35,True
ownlogs,mechanism,ownlogs_mechanism,sokoban,1,original,2,20,6,0.3,True
ownlogs,mechanism,ownlogs_mechanism,sokoban,1,original,3,20,7,0.35,True
ownlogs,mechanism,ownlogs_mechanism,sokoban,1,original,4,20,5,0.25,True
ownlogs,mechanism,ownlogs_mechanism,sokoban,1,original,5,20,8,0.4,True
ownlogs,mechanism,ownlogs_mechanism,sokoban,1,original,6,20,7,0.35,True
ownlogs,mechanism,ownlogs_mechanism,sokoban,1,original,7,20,8,0.4,True
ownlogs,mechanism,ownlogs_mechanism,sokoban,1,original,8,20,7,0.35,True
ownlogs,mechanism,ownlogs_mechanism,sokoban,1,updated,1,20,5,0.25,True
ownlogs,mechanism,ownlogs_mechanism,sokoban,1,updated,2,20,10,0.5,True
ownlogs,mechanism,ownlogs_mechanism,sokoban,1,updated,3,20,9,0.45,True
ownlogs,mechanism,ownlogs_mechanism,sokoban,1,updated,4,20,5,0.25,True
ownlogs,mechanism,ownlogs_mechanism,sokoban,1,updated,5,20,7,0.35,True
ownlogs,mechanism,ownlogs_mechanism,sokoban,1,updated,6,20,5,0.25,True
ownlogs,mechanism,ownlogs_mechanism,sokoban,1,updated,7,20,13,0.65,True
ownlogs,mechanism,ownlogs_mechanism,sokoban,1,updated,8,20,6,0.3,True
ownlogs,mechanism,ownlogs_mechanism,sokoban,2,original,1,20,6,0.3,True
ownlogs,mechanism,ownlogs_mechanism,sokoban,2,original,2,20,5,0.25,True
ownlogs,mechanism,ownlogs_mechanism,sokoban,2,original,3,20,9,0.45,True
ownlogs,mechanism,ownlogs_mechanism,sokoban,2,original,4,20,9,0.45,True
ownlogs,mechanism,ownlogs_mechanism,sokoban,2,original,5,20,4,0.2,True
ownlogs,mechanism,ownlogs_mechanism,sokoban,2,original,6,20,6,0.3,True
ownlogs,mechanism,ownlogs_mechanism,sokoban,2,original,7,20,8,0.4,True
ownlogs,mechanism,ownlogs_mechanism,sokoban,2,original,8,20,9,0.45,True
ownlogs,mechanism,ownlogs_mechanism,sokoban,2,updated,1,20,6,0.3,True
ownlogs,mechanism,ownlogs_mechanism,sokoban,2,updated,2,20,10,0.5,True
ownlogs,mechanism,ownlogs_mechanism,sokoban,2,updated,3,20,5,0.25,True
ownlogs,mechanism,ownlogs_mechanism,sokoban,2,updated,4,20,5,0.25,True
ownlogs,mechanism,ownlogs_mechanism,sokoban,2,updated,5,20,5,0.25,True
ownlogs,mechanism,ownlogs_mechanism,sokoban,2,updated,6,20,9,0.45,True
ownlogs,mechanism,ownlogs_mechanism,sokoban,2,updated,7,20,13,0.65,True
ownlogs,mechanism,ownlogs_mechanism,sokoban,2,updated,8,20,6,0.3,True
ownlogs,mechanism,ownlogs_mechanism,sokoban,3,original,1,20,6,0.3,True
ownlogs,mechanism,ownlogs_mechanism,sokoban,3,original,2,20,7,0.35,True
ownlogs,mechanism,ownlogs_mechanism,sokoban,3,original,3,20,7,0.35,True
ownlogs,mechanism,ownlogs_mechanism,sokoban,3,original,4,20,6,0.3,True
ownlogs,mechanism,ownlogs_mechanism,sokoban,3,original,5,20,9,0.45,True
ownlogs,mechanism,ownlogs_mechanism,sokoban,3,original,6,20,6,0.3,True
ownlogs,mechanism,ownlogs_mechanism,sokoban,3,original,7,20,10,0.5,True
ownlogs,mechanism,ownlogs_mechanism,sokoban,3,original,8,20,7,0.35,True
ownlogs,mechanism,ownlogs_mechanism,sokoban,3,updated,1,20,10,0.5,True
ownlogs,mechanism,ownlogs_mechanism,sokoban,3,updated,2,20,6,0.3,True
ownlogs,mechanism,ownlogs_mechanism,sokoban,3,updated,3,20,7,0.35,True
ownlogs,mechanism,ownlogs_mechanism,sokoban,3,updated,4,20,10,0.5,True
ownlogs,mechanism,ownlogs_mechanism,sokoban,3,updated,5,20,7,0.35,True
ownlogs,mechanism,ownlogs_mechanism,sokoban,3,updated,6,20,6,0.3,True
ownlogs,mechanism,ownlogs_mechanism,sokoban,3,updated,7,20,5,0.25,True
ownlogs,mechanism,ownlogs_mechanism,sokoban,3,updated,8,20,12,0.6,True
ownlogs,mechanism,ownlogs_mechanism,sokoban,4,original,1,20,9,0.45,True
ownlogs,mechanism,ownlogs_mechanism,sokoban,4,original,2,20,5,0.25,True
ownlogs,mechanism,ownlogs_mechanism,sokoban,4,original,3,20,6,0.3,True
ownlogs,mechanism,ownlogs_mechanism,sokoban,4,original,4,20,7,0.35,True
ownlogs,mechanism,ownlogs_mechanism,sokoban,4,original,5,20,9,0.45,True
ownlogs,mechanism,ownlogs_mechanism,sokoban,4,original,6,20,9,0.45,True
ownlogs,mechanism,ownlogs_mechanism,sokoban,4,original,7,20,7,0.35,True
ownlogs,mechanism,ownlogs_mechanism,sokoban,4,original,8,20,6,0.3,True
ownlogs,mechanism,ownlogs_mechanism,sokoban,4,updated,1,20,9,0.45,True
ownlogs,mechanism,ownlogs_mechanism,sokoban,4,updated,2,20,7,0.35,True
ownlogs,mechanism,ownlogs_mechanism,sokoban,4,updated,3,20,7,0.35,True
ownlogs,mechanism,ownlogs_mechanism,sokoban,4,updated,4,20,6,0.3,True
ownlogs,mechanism,ownlogs_mechanism,sokoban,4,updated,5,20,9,0.45,True
ownlogs,mechanism,ownlogs_mechanism,sokoban,4,updated,6,20,6,0.3,True
ownlogs,mechanism,ownlogs_mechanism,sokoban,4,updated,7,20,9,0.45,True
ownlogs,mechanism,ownlogs_mechanism,sokoban,4,updated,8,20,6,0.3,True
ownlogs,mechanism,ownlogs_mechanism,sokoban,5,original,1,20,9,0.45,True
ownlogs,mechanism,ownlogs_mechanism,sokoban,5,original,2,20,9,0.45,True
ownlogs,mechanism,ownlogs_mechanism,sokoban,5,original,3,20,8,0.4,True
ownlogs,mechanism,ownlogs_mechanism,sokoban,5,original,4,20,5,0.25,True
ownlogs,mechanism,ownlogs_mechanism,sokoban,5,original,5,20,5,0.25,True
ownlogs,mechanism,ownlogs_mechanism,sokoban,5,original,6,20,8,0.4,True
ownlogs,mechanism,ownlogs_mechanism,sokoban,5,original,7,20,7,0.35,True
ownlogs,mechanism,ownlogs_mechanism,sokoban,5,original,8,20,7,0.35,True
ownlogs,mechanism,ownlogs_mechanism,sokoban,5,updated,1,20,7,0.35,True
ownlogs,mechanism,ownlogs_mechanism,sokoban,5,updated,2,20,7,0.35,True
ownlogs,mechanism,ownlogs_mechanism,sokoban,5,updated,3,20,15,0.75,True
ownlogs,mechanism,ownlogs_mechanism,sokoban,5,updated,4,20,7,0.35,True
ownlogs,mechanism,ownlogs_mechanism,sokoban,5,updated,5,20,9,0.45,True
ownlogs,mechanism,ownlogs_mechanism,sokoban,5,updated,6,20,5,0.25,True
ownlogs,mechanism,ownlogs_mechanism,sokoban,5,updated,7,20,13,0.65,True
ownlogs,mechanism,ownlogs_mechanism,sokoban,5,updated,8,20,9,0.45,True
ownlogs,mechanism,ownlogs_mechanism,sokoban,6,original,1,20,7,0.35,True
ownlogs,mechanism,ownlogs_mechanism,sokoban,6,original,2,20,6,0.3,True
ownlogs,mechanism,ownlogs_mechanism,sokoban,6,original,3,20,6,0.3,True
ownlogs,mechanism,ownlogs_mechanism,sokoban,6,original,4,20,10,0.5,True
ownlogs,mechanism,ownlogs_mechanism,sokoban,6,original,5,20,8,0.4,True
ownlogs,mechanism,ownlogs_mechanism,sokoban,6,original,6,20,7,0.35,True
ownlogs,mechanism,ownlogs_mechanism,sokoban,6,original,7,20,7,0.35,True
ownlogs,mechanism,ownlogs_mechanism,sokoban,6,original,8,20,8,0.4,True
ownlogs,mechanism,ownlogs_mechanism,sokoban,6,updated,1,20,4,0.2,True
ownlogs,mechanism,ownlogs_mechanism,sokoban,6,updated,2,20,4,0.2,True
ownlogs,mechanism,ownlogs_mechanism,sokoban,6,updated,3,20,9,0.45,True
ownlogs,mechanism,ownlogs_mechanism,sokoban,6,updated,4,20,9,0.45,True
ownlogs,mechanism,ownlogs_mechanism,sokoban,6,updated,5,20,6,0.3,True
ownlogs,mechanism,ownlogs_mechanism,sokoban,6,updated,6,20,7,0.35,True
ownlogs,mechanism,ownlogs_mechanism,sokoban,6,updated,7,20,5,0.25,True
ownlogs,mechanism,ownlogs_mechanism,sokoban,6,updated,8,20,5,0.25,True
ownlogs,mechanism,ownlogs_mechanism,sokoban,7,original,1,20,4,0.2,True
ownlogs,mechanism,ownlogs_mechanism,sokoban,7,original,2,20,7,0.35,True
ownlogs,mechanism,ownlogs_mechanism,sokoban,7,original,3,20,5,0.25,True
ownlogs,mechanism,ownlogs_mechanism,sokoban,7,original,4,20,5,0.25,True
ownlogs,mechanism,ownlogs_mechanism,sokoban,7,original,5,20,8,0.4,True
ownlogs,mechanism,ownlogs_mechanism,sokoban,7,original,6,20,4,0.2,True
ownlogs,mechanism,ownlogs_mechanism,sokoban,7,original,7,20,8,0.4,True
ownlogs,mechanism,ownlogs_mechanism,sokoban,7,original,8,20,7,0.35,True
ownlogs,mechanism,ownlogs_mechanism,sokoban,7,updated,1,20,6,0.3,True
ownlogs,mechanism,ownlogs_mechanism,sokoban,7,updated,2,20,6,0.3,True
ownlogs,mechanism,ownlogs_mechanism,sokoban,7,updated,3,20,9,0.45,True
ownlogs,mechanism,ownlogs_mechanism,sokoban,7,updated,4,20,5,0.25,True
ownlogs,mechanism,ownlogs_mechanism,sokoban,7,updated,5,20,11,0.55,True
ownlogs,mechanism,ownlogs_mechanism,sokoban,7,updated,6,20,6,0.3,True
ownlogs,mechanism,ownlogs_mechanism,sokoban,7,updated,7,20,8,0.4,True
ownlogs,mechanism,ownlogs_mechanism,sokoban,7,updated,8,20,6,0.3,True
ownlogs,mechanism,ownlogs_mechanism,sokoban,8,original,1,20,6,0.3,True
ownlogs,mechanism,ownlogs_mechanism,sokoban,8,original,2,20,5,0.25,True
ownlogs,mechanism,ownlogs_mechanism,sokoban,8,original,3,20,9,0.45,True
ownlogs,mechanism,ownlogs_mechanism,sokoban,8,original,4,20,10,0.5,True
ownlogs,mechanism,ownlogs_mechanism,sokoban,8,original,5,20,6,0.3,True
ownlogs,mechanism,ownlogs_mechanism,sokoban,8,original,6,20,6,0.3,True
ownlogs,mechanism,ownlogs_mechanism,sokoban,8,original,7,20,7,0.35,True
ownlogs,mechanism,ownlogs_mechanism,sokoban,8,original,8,20,8,0.4,True
ownlogs,mechanism,ownlogs_mechanism,sokoban,8,updated,1,20,9,0.45,True
ownlogs,mechanism,ownlogs_mechanism,sokoban,8,updated,2,20,8,0.4,True
ownlogs,mechanism,ownlogs_mechanism,sokoban,8,updated,3,20,9,0.45,True
ownlogs,mechanism,ownlogs_mechanism,sokoban,8,updated,4,20,8,0.4,True
ownlogs,mechanism,ownlogs_mechanism,sokoban,8,updated,5,20,8,0.4,True
ownlogs,mechanism,ownlogs_mechanism,sokoban,8,updated,6,20,6,0.3,True
ownlogs,mechanism,ownlogs_mechanism,sokoban,8,updated,7,20,11,0.55,True
ownlogs,mechanism,ownlogs_mechanism,sokoban,8,updated,8,20,8,0.4,True
ownlogs,mechanism,ownlogs_mechanism,sokoban,9,original,1,20,7,0.35,True
ownlogs,mechanism,ownlogs_mechanism,sokoban,9,original,2,20,6,0.3,True
ownlogs,mechanism,ownlogs_mechanism,sokoban,9,original,3,20,8,0.4,True
ownlogs,mechanism,ownlogs_mechanism,sokoban,9,original,4,20,5,0.25,True
ownlogs,mechanism,ownlogs_mechanism,sokoban,9,original,5,20,8,0.4,True
ownlogs,mechanism,ownlogs_mechanism,sokoban,9,original,6,20,5,0.25,True
ownlogs,mechanism,ownlogs_mechanism,sokoban,9,original,7,20,7,0.35,True
ownlogs,mechanism,ownlogs_mechanism,sokoban,9,original,8,20,6,0.3,True
ownlogs,mechanism,ownlogs_mechanism,sokoban,9,updated,1,20,7,0.35,True
ownlogs,mechanism,ownlogs_mechanism,sokoban,9,updated,2,20,6,0.3,True
ownlogs,mechanism,ownlogs_mechanism,sokoban,9,updated,3,20,7,0.35,True
ownlogs,mechanism,ownlogs_mechanism,sokoban,9,updated,4,20,5,0.25,True
ownlogs,mechanism,ownlogs_mechanism,sokoban,9,updated,5,20,5,0.25,True
ownlogs,mechanism,ownlogs_mechanism,sokoban,9,updated,6,20,4,0.2,True
ownlogs,mechanism,ownlogs_mechanism,sokoban,9,updated,7,20,7,0.35,True
ownlogs,mechanism,ownlogs_mechanism,sokoban,9,updated,8,20,5,0.25,True
ownlogs,mechanism,ownlogs_mechanism,sokoban,10,original,1,20,5,0.25,True
ownlogs,mechanism,ownlogs_mechanism,sokoban,10,original,2,20,7,0.35,True
ownlogs,mechanism,ownlogs_mechanism,sokoban,10,original,3,20,7,0.35,True
ownlogs,mechanism,ownlogs_mechanism,sokoban,10,original,4,20,6,0.3,True
ownlogs,mechanism,ownlogs_mechanism,sokoban,10,original,5,20,7,0.35,True
ownlogs,mechanism,ownlogs_mechanism,sokoban,10,original,6,20,7,0.35,True
ownlogs,mechanism,ownlogs_mechanism,sokoban,10,original,7,20,6,0.3,True
ownlogs,mechanism,ownlogs_mechanism,sokoban,10,original,8,20,7,0.35,True
ownlogs,mechanism,ownlogs_mechanism,sokoban,10,updated,1,20,6,0.3,True
ownlogs,mechanism,ownlogs_mechanism,sokoban,10,updated,2,20,6,0.3,True
ownlogs,mechanism,ownlogs_mechanism,sokoban,10,updated,3,20,5,0.25,True
ownlogs,mechanism,ownlogs_mechanism,sokoban,10,updated,4,20,6,0.3,True
ownlogs,mechanism,ownlogs_mechanism,sokoban,10,updated,5,20,6,0.3,True
ownlogs,mechanism,ownlogs_mechanism,sokoban,10,updated,6,20,4,0.2,True
ownlogs,mechanism,ownlogs_mechanism,sokoban,10,updated,7,20,7,0.35,True
ownlogs,mechanism,ownlogs_mechanism,sokoban,10,updated,8,20,5,0.25,True
ownlogs,mechanism,ownlogs_mechanism,sokoban,11,original,1,20,9,0.45,True
ownlogs,mechanism,ownlogs_mechanism,sokoban,11,original,2,20,7,0.35,True
ownlogs,mechanism,ownlogs_mechanism,sokoban,11,original,3,20,5,0.25,True
ownlogs,mechanism,ownlogs_mechanism,sokoban,11,original,4,20,6,0.3,True
ownlogs,mechanism,ownlogs_mechanism,sokoban,11,original,5,20,6,0.3,True
ownlogs,mechanism,ownlogs_mechanism,sokoban,11,original,6,20,5,0.25,True
ownlogs,mechanism,ownlogs_mechanism,sokoban,11,original,7,20,7,0.35,True
ownlogs,mechanism,ownlogs_mechanism,sokoban,11,original,8,20,5,0.25,True
ownlogs,mechanism,ownlogs_mechanism,sokoban,11,updated,1,20,7,0.35,True
ownlogs,mechanism,ownlogs_mechanism,sokoban,11,updated,2,20,5,0.25,True
ownlogs,mechanism,ownlogs_mechanism,sokoban,11,updated,3,20,5,0.25,True
ownlogs,mechanism,ownlogs_mechanism,sokoban,11,updated,4,20,8,0.4,True
ownlogs,mechanism,ownlogs_mechanism,sokoban,11,updated,5,20,6,0.3,True
ownlogs,mechanism,ownlogs_mechanism,sokoban,11,updated,6,20,7,0.35,True
ownlogs,mechanism,ownlogs_mechanism,sokoban,11,updated,7,20,7,0.35,True
ownlogs,mechanism,ownlogs_mechanism,sokoban,11,updated,8,20,5,0.25,True
ownlogs,mechanism,ownlogs_mechanism,sokoban,12,original,1,20,8,0.4,True
ownlogs,mechanism,ownlogs_mechanism,sokoban,12,original,2,20,7,0.35,True
ownlogs,mechanism,ownlogs_mechanism,sokoban,12,original,3,20,8,0.4,True
ownlogs,mechanism,ownlogs_mechanism,sokoban,12,original,4,20,5,0.25,True
ownlogs,mechanism,ownlogs_mechanism,sokoban,12,original,5,20,6,0.3,True
ownlogs,mechanism,ownlogs_mechanism,sokoban,12,original,6,20,4,0.2,True
ownlogs,mechanism,ownlogs_mechanism,sokoban,12,original,7,20,6,0.3,True
ownlogs,mechanism,ownlogs_mechanism,sokoban,12,original,8,20,7,0.35,True
ownlogs,mechanism,ownlogs_mechanism,sokoban,12,updated,1,20,10,0.5,True
ownlogs,mechanism,ownlogs_mechanism,sokoban,12,updated,2,20,7,0.35,True
ownlogs,mechanism,ownlogs_mechanism,sokoban,12,updated,3,20,6,0.3,True
ownlogs,mechanism,ownlogs_mechanism,sokoban,12,updated,4,20,8,0.4,True
ownlogs,mechanism,ownlogs_mechanism,sokoban,12,updated,5,20,9,0.45,True
ownlogs,mechanism,ownlogs_mechanism,sokoban,12,updated,6,20,6,0.3,True
ownlogs,mechanism,ownlogs_mechanism,sokoban,12,updated,7,20,8,0.4,True
ownlogs,mechanism,ownlogs_mechanism,sokoban,12,updated,8,20,8,0.4,True
ownlogs,mechanism,ownlogs_mechanism,sokoban,13,original,1,20,8,0.4,True
ownlogs,mechanism,ownlogs_mechanism,sokoban,13,original,2,20,8,0.4,True
ownlogs,mechanism,ownlogs_mechanism,sokoban,13,original,3,20,6,0.3,True
ownlogs,mechanism,ownlogs_mechanism,sokoban,13,original,4,20,6,0.3,True
ownlogs,mechanism,ownlogs_mechanism,sokoban,13,original,5,20,7,0.35,True
ownlogs,mechanism,ownlogs_mechanism,sokoban,13,original,6,20,8,0.4,True
ownlogs,mechanism,ownlogs_mechanism,sokoban,13,original,7,20,5,0.25,True
ownlogs,mechanism,ownlogs_mechanism,sokoban,13,original,8,20,6,0.3,True
ownlogs,mechanism,ownlogs_mechanism,sokoban,13,updated,1,20,5,0.25,True
ownlogs,mechanism,ownlogs_mechanism,sokoban,13,updated,2,20,4,0.2,True
ownlogs,mechanism,ownlogs_mechanism,sokoban,13,updated,3,20,5,0.25,True
ownlogs,mechanism,ownlogs_mechanism,sokoban,13,updated,4,20,5,0.25,True
ownlogs,mechanism,ownlogs_mechanism,sokoban,13,updated,5,20,7,0.35,True
ownlogs,mechanism,ownlogs_mechanism,sokoban,13,updated,6,20,6,0.3,True
ownlogs,mechanism,ownlogs_mechanism,sokoban,13,updated,7,20,7,0.35,True
ownlogs,mechanism,ownlogs_mechanism,sokoban,13,updated,8,20,7,0.35,True
ownlogs,mechanism,ownlogs_mechanism,sokoban,14,original,1,20,5,0.25,True
ownlogs,mechanism,ownlogs_mechanism,sokoban,14,original,2,20,7,0.35,True
ownlogs,mechanism,ownlogs_mechanism,sokoban,14,original,3,20,6,0.3,True
ownlogs,mechanism,ownlogs_mechanism,sokoban,14,original,4,20,8,0.4,True
ownlogs,mechanism,ownlogs_mechanism,sokoban,14,original,5,20,6,0.3,True
ownlogs,mechanism,ownlogs_mechanism,sokoban,14,original,6,20,6,0.3,True
ownlogs,mechanism,ownlogs_mechanism,sokoban,14,original,7,20,5,0.25,True
ownlogs,mechanism,ownlogs_mechanism,sokoban,14,original,8,20,7,0.35,True
ownlogs,mechanism,ownlogs_mechanism,sokoban,14,updated,1,20,7,0.35,True
ownlogs,mechanism,ownlogs_mechanism,sokoban,14,updated,2,20,6,0.3,True
ownlogs,mechanism,ownlogs_mechanism,sokoban,14,updated,3,20,5,0.25,True
ownlogs,mechanism,ownlogs_mechanism,sokoban,14,updated,4,20,5,0.25,True
ownlogs,mechanism,ownlogs_mechanism,sokoban,14,updated,5,20,6,0.3,True
ownlogs,mechanism,ownlogs_mechanism,sokoban,14,updated,6,20,6,0.3,True
ownlogs,mechanism,ownlogs_mechanism,sokoban,14,updated,7,20,4,0.2,True
ownlogs,mechanism,ownlogs_mechanism,sokoban,14,updated,8,20,6,0.3,True
ownlogs,mechanism,ownlogs_mechanism,sokoban,15,original,1,20,6,0.3,True
ownlogs,mechanism,ownlogs_mechanism,sokoban,15,original,2,20,4,0.2,True
ownlogs,mechanism,ownlogs_mechanism,sokoban,15,original,3,20,5,0.25,True
ownlogs,mechanism,ownlogs_mechanism,sokoban,15,original,4,20,9,0.45,True
ownlogs,mechanism,ownlogs_mechanism,sokoban,15,original,5,20,8,0.4,True
ownlogs,mechanism,ownlogs_mechanism,sokoban,15,original,6,20,7,0.35,True
ownlogs,mechanism,ownlogs_mechanism,sokoban,15,original,7,20,7,0.35,True
ownlogs,mechanism,ownlogs_mechanism,sokoban,15,original,8,20,5,0.25,True
ownlogs,mechanism,ownlogs_mechanism,sokoban,15,updated,1,20,6,0.3,True
ownlogs,mechanism,ownlogs_mechanism,sokoban,15,updated,2,20,6,0.3,True
ownlogs,mechanism,ownlogs_mechanism,sokoban,15,updated,3,20,6,0.3,True
ownlogs,mechanism,ownlogs_mechanism,sokoban,15,updated,4,20,8,0.4,True
ownlogs,mechanism,ownlogs_mechanism,sokoban,15,updated,5,20,8,0.4,True
ownlogs,mechanism,ownlogs_mechanism,sokoban,15,updated,6,20,5,0.25,True
ownlogs,mechanism,ownlogs_mechanism,sokoban,15,updated,7,20,7,0.35,True
ownlogs,mechanism,ownlogs_mechanism,sokoban,15,updated,8,20,6,0.3,True
ownlogs,mechanism,ownlogs_mechanism,sokoban,16,original,1,20,5,0.25,True
ownlogs,mechanism,ownlogs_mechanism,sokoban,16,original,2,20,6,0.3,True
ownlogs,mechanism,ownlogs_mechanism,sokoban,16,original,3,20,7,0.35,True
ownlogs,mechanism,ownlogs_mechanism,sokoban,16,original,4,20,8,0.4,True
ownlogs,mechanism,ownlogs_mechanism,sokoban,16,original,5,20,5,0.25,True
ownlogs,mechanism,ownlogs_mechanism,sokoban,16,original,6,20,4,0.2,True
ownlogs,mechanism,ownlogs_mechanism,sokoban,16,original,7,20,7,0.35,True
ownlogs,mechanism,ownlogs_mechanism,sokoban,16,original,8,20,8,0.4,True
ownlogs,mechanism,ownlogs_mechanism,sokoban,16,updated,1,20,7,0.35,True
ownlogs,mechanism,ownlogs_mechanism,sokoban,16,updated,2,20,5,0.25,True
ownlogs,mechanism,ownlogs_mechanism,sokoban,16,updated,3,20,7,0.35,True
ownlogs,mechanism,ownlogs_mechanism,sokoban,16,updated,4,20,6,0.3,True
ownlogs,mechanism,ownlogs_mechanism,sokoban,16,updated,5,20,6,0.3,True
ownlogs,mechanism,ownlogs_mechanism,sokoban,16,updated,6,20,6,0.3,True
ownlogs,mechanism,ownlogs_mechanism,sokoban,16,updated,7,20,7,0.35,True
ownlogs,mechanism,ownlogs_mechanism,sokoban,16,updated,8,20,4,0.2,True
ownlogs,mechanism,ownlogs_mechanism,sokoban,17,original,1,20,6,0.3,True
ownlogs,mechanism,ownlogs_mechanism,sokoban,17,original,2,20,5,0.25,True
ownlogs,mechanism,ownlogs_mechanism,sokoban,17,original,3,20,7,0.35,True
ownlogs,mechanism,ownlogs_mechanism,sokoban,17,original,4,20,7,0.35,True
ownlogs,mechanism,ownlogs_mechanism,sokoban,17,original,5,20,9,0.45,True
ownlogs,mechanism,ownlogs_mechanism,sokoban,17,original,6,20,6,0.3,True
ownlogs,mechanism,ownlogs_mechanism,sokoban,17,original,7,20,8,0.4,True
ownlogs,mechanism,ownlogs_mechanism,sokoban,17,original,8,20,5,0.25,True
ownlogs,mechanism,ownlogs_mechanism,sokoban,17,updated,1,20,5,0.25,True
ownlogs,mechanism,ownlogs_mechanism,sokoban,17,updated,2,20,5,0.25,True
ownlogs,mechanism,ownlogs_mechanism,sokoban,17,updated,3,20,7,0.35,True
ownlogs,mechanism,ownlogs_mechanism,sokoban,17,updated,4,20,5,0.25,True
ownlogs,mechanism,ownlogs_mechanism,sokoban,17,updated,5,20,7,0.35,True
ownlogs,mechanism,ownlogs_mechanism,sokoban,17,updated,6,20,5,0.25,True
ownlogs,mechanism,ownlogs_mechanism,sokoban,17,updated,7,20,7,0.35,True
ownlogs,mechanism,ownlogs_mechanism,sokoban,17,updated,8,20,6,0.3,True
ownlogs,mechanism,ownlogs_mechanism,sokoban,18,original,1,20,10,0.5,True
ownlogs,mechanism,ownlogs_mechanism,sokoban,18,original,2,20,9,0.45,True
ownlogs,mechanism,ownlogs_mechanism,sokoban,18,original,3,20,11,0.55,True
ownlogs,mechanism,ownlogs_mechanism,sokoban,18,original,4,20,8,0.4,True
ownlogs,mechanism,ownlogs_mechanism,sokoban,18,original,5,20,10,0.5,True
ownlogs,mechanism,ownlogs_mechanism,sokoban,18,original,6,20,12,0.6,True
ownlogs,mechanism,ownlogs_mechanism,sokoban,18,original,7,20,11,0.55,True
ownlogs,mechanism,ownlogs_mechanism,sokoban,18,original,8,20,8,0.4,True
ownlogs,mechanism,ownlogs_mechanism,sokoban,18,updated,1,20,8,0.4,True
ownlogs,mechanism,ownlogs_mechanism,sokoban,18,updated,2,20,7,0.35,True
ownlogs,mechanism,ownlogs_mechanism,sokoban,18,updated,3,20,6,0.3,True
ownlogs,mechanism,ownlogs_mechanism,sokoban,18,updated,4,20,9,0.45,True
ownlogs,mechanism,ownlogs_mechanism,sokoban,18,updated,5,20,8,0.4,True
ownlogs,mechanism,ownlogs_mechanism,sokoban,18,updated,6,20,6,0.3,True
ownlogs,mechanism,ownlogs_mechanism,sokoban,18,updated,7,20,4,0.2,True
ownlogs,mechanism,ownlogs_mechanism,sokoban,18,updated,8,20,10,0.5,True
ownlogs,mechanism,ownlogs_mechanism,sokoban,19,original,1,20,6,0.3,True
ownlogs,mechanism,ownlogs_mechanism,sokoban,19,original,2,20,6,0.3,True
ownlogs,mechanism,ownlogs_mechanism,sokoban,19,original,3,13,4,0.3076923076923077,False
ownlogs,mechanism,ownlogs_mechanism,sokoban,19,updated,1,20,9,0.45,True
ownlogs,mechanism,ownlogs_mechanism,sokoban,19,updated,2,20,5,0.25,True
ownlogs,mechanism,ownlogs_mechanism,sokoban,19,updated,3,12,5,0.4166666666666667,False
ownlogs,mechanism,ownlogs_mechanism,sokoban,20,original,1,20,6,0.3,True
ownlogs,mechanism,ownlogs_mechanism,sokoban,20,original,2,20,5,0.25,True
ownlogs,mechanism,ownlogs_mechanism,sokoban,20,original,3,20,4,0.2,True
ownlogs,mechanism,ownlogs_mechanism,sokoban,20,original,4,20,4,0.2,True
ownlogs,mechanism,ownlogs_mechanism,sokoban,20,original,5,20,6,0.3,True
ownlogs,mechanism,ownlogs_mechanism,sokoban,20,original,6,20,7,0.35,True
ownlogs,mechanism,ownlogs_mechanism,sokoban,20,original,7,20,5,0.25,True
ownlogs,mechanism,ownlogs_mechanism,sokoban,20,original,8,20,6,0.3,True
ownlogs,mechanism,ownlogs_mechanism,sokoban,20,updated,1,20,8,0.4,True
ownlogs,mechanism,ownlogs_mechanism,sokoban,20,updated,2,20,6,0.3,True
ownlogs,mechanism,ownlogs_mechanism,sokoban,20,updated,3,20,6,0.3,True
ownlogs,mechanism,ownlogs_mechanism,sokoban,20,updated,4,20,8,0.4,True
ownlogs,mechanism,ownlogs_mechanism,sokoban,20,updated,5,20,8,0.4,True
ownlogs,mechanism,ownlogs_mechanism,sokoban,20,updated,6,20,5,0.25,True
ownlogs,mechanism,ownlogs_mechanism,sokoban,20,updated,7,20,8,0.4,True
ownlogs,mechanism,ownlogs_mechanism,sokoban,20,updated,8,20,5,0.25,True
ownlogs,mechanism,ownlogs_mechanism,sokoban,21,original,1,20,8,0.4,True
ownlogs,mechanism,ownlogs_mechanism,sokoban,21,original,2,20,8,0.4,True
ownlogs,mechanism,ownlogs_mechanism,sokoban,21,original,3,20,8,0.4,True
ownlogs,mechanism,ownlogs_mechanism,sokoban,21,original,4,20,5,0.25,True
ownlogs,mechanism,ownlogs_mechanism,sokoban,21,original,5,20,8,0.4,True
ownlogs,mechanism,ownlogs_mechanism,sokoban,21,original,6,20,4,0.2,True
ownlogs,mechanism,ownlogs_mechanism,sokoban,21,original,7,20,6,0.3,True
ownlogs,mechanism,ownlogs_mechanism,sokoban,21,original,8,20,9,0.45,True
ownlogs,mechanism,ownlogs_mechanism,sokoban,21,updated,1,20,8,0.4,True
ownlogs,mechanism,ownlogs_mechanism,sokoban,21,updated,2,20,7,0.35,True
ownlogs,mechanism,ownlogs_mechanism,sokoban,21,updated,3,20,7,0.35,True
ownlogs,mechanism,ownlogs_mechanism,sokoban,21,updated,4,20,6,0.3,True
ownlogs,mechanism,ownlogs_mechanism,sokoban,21,updated,5,20,8,0.4,True
ownlogs,mechanism,ownlogs_mechanism,sokoban,21,updated,6,20,6,0.3,True
ownlogs,mechanism,ownlogs_mechanism,sokoban,21,updated,7,20,5,0.25,True
ownlogs,mechanism,ownlogs_mechanism,sokoban,21,updated,8,20,5,0.25,True
ownlogs,mechanism,ownlogs_mechanism,sokoban,22,original,1,20,7,0.35,True
ownlogs,mechanism,ownlogs_mechanism,sokoban,22,original,2,20,8,0.4,True
ownlogs,mechanism,ownlogs_mechanism,sokoban,22,original,3,20,6,0.3,True
ownlogs,mechanism,ownlogs_mechanism,sokoban,22,original,4,20,7,0.35,True
ownlogs,mechanism,ownlogs_mechanism,sokoban,22,original,5,20,7,0.35,True
ownlogs,mechanism,ownlogs_mechanism,sokoban,22,original,6,20,6,0.3,True
ownlogs,mechanism,ownlogs_mechanism,sokoban,22,original,7,20,5,0.25,True
ownlogs,mechanism,ownlogs_mechanism,sokoban,22,original,8,20,5,0.25,True
ownlogs,mechanism,ownlogs_mechanism,sokoban,22,updated,1,20,6,0.3,True
ownlogs,mechanism,ownlogs_mechanism,sokoban,22,updated,2,20,6,0.3,True
ownlogs,mechanism,ownlogs_mechanism,sokoban,22,updated,3,20,5,0.25,True
ownlogs,mechanism,ownlogs_mechanism,sokoban,22,updated,4,20,4,0.2,True
ownlogs,mechanism,ownlogs_mechanism,sokoban,22,updated,5,20,8,0.4,True
ownlogs,mechanism,ownlogs_mechanism,sokoban,22,updated,6,20,7,0.35,True
ownlogs,mechanism,ownlogs_mechanism,sokoban,22,updated,7,20,7,0.35,True
ownlogs,mechanism,ownlogs_mechanism,sokoban,22,updated,8,20,8,0.4,True
ownlogs,mechanism,ownlogs_mechanism,sokoban,24,original,1,20,5,0.25,True
ownlogs,mechanism,ownlogs_mechanism,sokoban,24,original,2,12,4,0.3333333333333333,False
ownlogs,mechanism,ownlogs_mechanism,sokoban,24,updated,1,20,6,0.3,True
ownlogs,mechanism,ownlogs_mechanism,sokoban,24,updated,2,11,4,0.36363636363636365,False
ownlogs,mechanism,ownlogs_mechanism,sokoban,25,original,1,20,8,0.4,True
ownlogs,mechanism,ownlogs_mechanism,sokoban,25,original,2,20,9,0.45,True
ownlogs,mechanism,ownlogs_mechanism,sokoban,25,original,3,20,10,0.5,True
ownlogs,mechanism,ownlogs_mechanism,sokoban,25,original,4,20,12,0.6,True
ownlogs,mechanism,ownlogs_mechanism,sokoban,25,original,5,20,10,0.5,True
ownlogs,mechanism,ownlogs_mechanism,sokoban,25,original,6,20,8,0.4,True
ownlogs,mechanism,ownlogs_mechanism,sokoban,25,original,7,20,10,0.5,True
ownlogs,mechanism,ownlogs_mechanism,sokoban,25,original,8,20,10,0.5,True
ownlogs,mechanism,ownlogs_mechanism,sokoban,25,updated,1,20,9,0.45,True
ownlogs,mechanism,ownlogs_mechanism,sokoban,25,updated,2,20,10,0.5,True
ownlogs,mechanism,ownlogs_mechanism,sokoban,25,updated,3,20,10,0.5,True
ownlogs,mechanism,ownlogs_mechanism,sokoban,25,updated,4,20,11,0.55,True
ownlogs,mechanism,ownlogs_mechanism,sokoban,25,updated,5,20,10,0.5,True
ownlogs,mechanism,ownlogs_mechanism,sokoban,25,updated,6,20,11,0.55,True
ownlogs,mechanism,ownlogs_mechanism,sokoban,25,updated,7,20,12,0.6,True
ownlogs,mechanism,ownlogs_mechanism,sokoban,25,updated,8,20,12,0.6,True
ownlogs,mechanism,ownlogs_mechanism,sokoban,26,original,1,20,12,0.6,True
ownlogs,mechanism,ownlogs_mechanism,sokoban,26,original,2,20,10,0.5,True
ownlogs,mechanism,ownlogs_mechanism,sokoban,26,original,3,20,9,0.45,True
ownlogs,mechanism,ownlogs_mechanism,sokoban,26,original,4,20,10,0.5,True
ownlogs,mechanism,ownlogs_mechanism,sokoban,26,original,5,20,11,0.55,True
ownlogs,mechanism,ownlogs_mechanism,sokoban,26,original,6,20,10,0.5,True
ownlogs,mechanism,ownlogs_mechanism,sokoban,26,original,7,20,12,0.6,True
ownlogs,mechanism,ownlogs_mechanism,sokoban,26,original,8,20,10,0.5,True
ownlogs,mechanism,ownlogs_mechanism,sokoban,26,updated,1,20,10,0.5,True
ownlogs,mechanism,ownlogs_mechanism,sokoban,26,updated,2,20,12,0.6,True
ownlogs,mechanism,ownlogs_mechanism,sokoban,26,updated,3,20,13,0.65,True
ownlogs,mechanism,ownlogs_mechanism,sokoban,26,updated,4,20,7,0.35,True
ownlogs,mechanism,ownlogs_mechanism,sokoban,26,updated,5,20,11,0.55,True
ownlogs,mechanism,ownlogs_mechanism,sokoban,26,updated,6,20,14,0.7,True
ownlogs,mechanism,ownlogs_mechanism,sokoban,26,updated,7,20,12,0.6,True
ownlogs,mechanism,ownlogs_mechanism,sokoban,26,updated,8,20,7,0.35,True
ownlogs,mechanism,ownlogs_mechanism,sokoban,29,original,1,20,8,0.4,True
ownlogs,mechanism,ownlogs_mechanism,sokoban,29,original,2,20,10,0.5,True
ownlogs,mechanism,ownlogs_mechanism,sokoban,29,original,3,20,12,0.6,True
ownlogs,mechanism,ownlogs_mechanism,sokoban,29,original,4,20,11,0.55,True
ownlogs,mechanism,ownlogs_mechanism,sokoban,29,original,5,20,10,0.5,True
ownlogs,mechanism,ownlogs_mechanism,sokoban,29,original,6,20,13,0.65,True
ownlogs,mechanism,ownlogs_mechanism,sokoban,29,original,7,20,9,0.45,True
ownlogs,mechanism,ownlogs_mechanism,sokoban,29,original,8,20,14,0.7,True
ownlogs,mechanism,ownlogs_mechanism,sokoban,29,updated,1,20,13,0.65,True
ownlogs,mechanism,ownlogs_mechanism,sokoban,29,updated,2,20,12,0.6,True
ownlogs,mechanism,ownlogs_mechanism,sokoban,29,updated,3,20,12,0.6,True
ownlogs,mechanism,ownlogs_mechanism,sokoban,29,updated,4,20,10,0.5,True
ownlogs,mechanism,ownlogs_mechanism,sokoban,29,updated,5,20,11,0.55,True
ownlogs,mechanism,ownlogs_mechanism,sokoban,29,updated,6,20,9,0.45,True
ownlogs,mechanism,ownlogs_mechanism,sokoban,29,updated,7,20,8,0.4,True
ownlogs,mechanism,ownlogs_mechanism,sokoban,29,updated,8,20,9,0.45,True
ownlogs,mechanism,ownlogs_mechanism,sokoban,30,original,1,20,8,0.4,True
ownlogs,mechanism,ownlogs_mechanism,sokoban,30,original,2,20,11,0.55,True
ownlogs,mechanism,ownlogs_mechanism,sokoban,30,original,3,20,11,0.55,True
ownlogs,mechanism,ownlogs_mechanism,sokoban,30,original,4,20,10,0.5,True
ownlogs,mechanism,ownlogs_mechanism,sokoban,30,original,5,20,13,0.65,True
ownlogs,mechanism,ownlogs_mechanism,sokoban,30,original,6,20,11,0.55,True
ownlogs,mechanism,ownlogs_mechanism,sokoban,30,original,7,20,11,0.55,True
ownlogs,mechanism,ownlogs_mechanism,sokoban,30,original,8,20,9,0.45,True
ownlogs,mechanism,ownlogs_mechanism,sokoban,30,updated,1,20,10,0.5,True
ownlogs,mechanism,ownlogs_mechanism,sokoban,30,updated,2,20,12,0.6,True
ownlogs,mechanism,ownlogs_mechanism,sokoban,30,updated,3,20,9,0.45,True
ownlogs,mechanism,ownlogs_mechanism,sokoban,30,updated,4,20,12,0.6,True
ownlogs,mechanism,ownlogs_mechanism,sokoban,30,updated,5,20,9,0.45,True
ownlogs,mechanism,ownlogs_mechanism,sokoban,30,updated,6,20,10,0.5,True
ownlogs,mechanism,ownlogs_mechanism,sokoban,30,updated,7,20,12,0.6,True
ownlogs,mechanism,ownlogs_mechanism,sokoban,30,updated,8,20,10,0.5,True
ownlogs,mechanism,ownlogs_mechanism,sokoban,33,original,1,20,11,0.55,True
ownlogs,mechanism,ownlogs_mechanism,sokoban,33,original,2,20,9,0.45,True
ownlogs,mechanism,ownlogs_mechanism,sokoban,33,original,3,20,9,0.45,True
ownlogs,mechanism,ownlogs_mechanism,sokoban,33,original,4,20,8,0.4,True
ownlogs,mechanism,ownlogs_mechanism,sokoban,33,original,5,20,9,0.45,True
ownlogs,mechanism,ownlogs_mechanism,sokoban,33,original,6,20,11,0.55,True
ownlogs,mechanism,ownlogs_mechanism,sokoban,33,original,7,20,10,0.5,True
ownlogs,mechanism,ownlogs_mechanism,sokoban,33,original,8,20,10,0.5,True
ownlogs,mechanism,ownlogs_mechanism,sokoban,33,updated,1,20,13,0.65,True
ownlogs,mechanism,ownlogs_mechanism,sokoban,33,updated,2,20,9,0.45,True
ownlogs,mechanism,ownlogs_mechanism,sokoban,33,updated,3,20,10,0.5,True
ownlogs,mechanism,ownlogs_mechanism,sokoban,33,updated,4,20,11,0.55,True
ownlogs,mechanism,ownlogs_mechanism,sokoban,33,updated,5,20,9,0.45,True
ownlogs,mechanism,ownlogs_mechanism,sokoban,33,updated,6,20,11,0.55,True
ownlogs,mechanism,ownlogs_mechanism,sokoban,33,updated,7,20,9,0.45,True
ownlogs,mechanism,ownlogs_mechanism,sokoban,33,updated,8,20,8,0.4,True
ownlogs,mechanism,ownlogs_mechanism,sokoban,34,original,1,20,8,0.4,True
ownlogs,mechanism,ownlogs_mechanism,sokoban,34,original,2,20,8,0.4,True
ownlogs,mechanism,ownlogs_mechanism,sokoban,34,original,3,20,8,0.4,True
ownlogs,mechanism,ownlogs_mechanism,sokoban,34,original,4,20,7,0.35,True
ownlogs,mechanism,ownlogs_mechanism,sokoban,34,original,5,20,7,0.35,True
ownlogs,mechanism,ownlogs_mechanism,sokoban,34,original,6,20,8,0.4,True
ownlogs,mechanism,ownlogs_mechanism,sokoban,34,original,7,20,5,0.25,True
ownlogs,mechanism,ownlogs_mechanism,sokoban,34,original,8,20,6,0.3,True
ownlogs,mechanism,ownlogs_mechanism,sokoban,34,updated,1,20,8,0.4,True
ownlogs,mechanism,ownlogs_mechanism,sokoban,34,updated,2,20,8,0.4,True
ownlogs,mechanism,ownlogs_mechanism,sokoban,34,updated,3,20,8,0.4,True
ownlogs,mechanism,ownlogs_mechanism,sokoban,34,updated,4,20,8,0.4,True
ownlogs,mechanism,ownlogs_mechanism,sokoban,34,updated,5,20,6,0.3,True
ownlogs,mechanism,ownlogs_mechanism,sokoban,34,updated,6,20,9,0.45,True
ownlogs,mechanism,ownlogs_mechanism,sokoban,34,updated,7,20,5,0.25,True
ownlogs,mechanism,ownlogs_mechanism,sokoban,34,updated,8,20,7,0.35,True
ownlogs,mechanism,ownlogs_mechanism,sokoban,37,original,1,20,8,0.4,True
ownlogs,mechanism,ownlogs_mechanism,sokoban,37,original,2,20,6,0.3,True
ownlogs,mechanism,ownlogs_mechanism,sokoban,37,original,3,20,7,0.35,True
ownlogs,mechanism,ownlogs_mechanism,sokoban,37,original,4,20,11,0.55,True
ownlogs,mechanism,ownlogs_mechanism,sokoban,37,original,5,20,9,0.45,True
ownlogs,mechanism,ownlogs_mechanism,sokoban,37,original,6,20,8,0.4,True
ownlogs,mechanism,ownlogs_mechanism,sokoban,37,original,7,20,10,0.5,True
ownlogs,mechanism,ownlogs_mechanism,sokoban,37,original,8,20,7,0.35,True
ownlogs,mechanism,ownlogs_mechanism,sokoban,37,updated,1,20,9,0.45,True
ownlogs,mechanism,ownlogs_mechanism,sokoban,37,updated,2,20,7,0.35,True
ownlogs,mechanism,ownlogs_mechanism,sokoban,37,updated,3,20,9,0.45,True
ownlogs,mechanism,ownlogs_mechanism,sokoban,37,updated,4,20,4,0.2,True
ownlogs,mechanism,ownlogs_mechanism,sokoban,37,updated,5,20,10,0.5,True
ownlogs,mechanism,ownlogs_mechanism,sokoban,37,updated,6,20,9,0.45,True
ownlogs,mechanism,ownlogs_mechanism,sokoban,37,updated,7,20,8,0.4,True
ownlogs,mechanism,ownlogs_mechanism,sokoban,37,updated,8,20,8,0.4,True
ownlogs,mechanism,ownlogs_mechanism,sokoban,38,original,1,20,11,0.55,True
ownlogs,mechanism,ownlogs_mechanism,sokoban,38,original,2,20,6,0.3,True
ownlogs,mechanism,ownlogs_mechanism,sokoban,38,original,3,20,7,0.35,True
ownlogs,mechanism,ownlogs_mechanism,sokoban,38,original,4,20,7,0.35,True
ownlogs,mechanism,ownlogs_mechanism,sokoban,38,original,5,20,9,0.45,True
ownlogs,mechanism,ownlogs_mechanism,sokoban,38,original,6,20,6,0.3,True
ownlogs,mechanism,ownlogs_mechanism,sokoban,38,original,7,20,6,0.3,True
ownlogs,mechanism,ownlogs_mechanism,sokoban,38,original,8,20,9,0.45,True
ownlogs,mechanism,ownlogs_mechanism,sokoban,38,updated,1,20,6,0.3,True
ownlogs,mechanism,ownlogs_mechanism,sokoban,38,updated,2,20,11,0.55,True
ownlogs,mechanism,ownlogs_mechanism,sokoban,38,updated,3,20,7,0.35,True
ownlogs,mechanism,ownlogs_mechanism,sokoban,38,updated,4,20,7,0.35,True
ownlogs,mechanism,ownlogs_mechanism,sokoban,38,updated,5,20,7,0.35,True
ownlogs,mechanism,ownlogs_mechanism,sokoban,38,updated,6,20,9,0.45,True
ownlogs,mechanism,ownlogs_mechanism,sokoban,38,updated,7,20,9,0.45,True
ownlogs,mechanism,ownlogs_mechanism,sokoban,38,updated,8,20,8,0.4,True
ownlogs,thinkahead,ownlogs_thinkahead,frozen_lake,1,original,1,20,2,0.1,True
ownlogs,thinkahead,ownlogs_thinkahead,frozen_lake,1,original,2,20,1,0.05,True
ownlogs,thinkahead,ownlogs_thinkahead,frozen_lake,1,original,3,20,0,0.0,True
ownlogs,thinkahead,ownlogs_thinkahead,frozen_lake,1,original,4,20,1,0.05,True
ownlogs,thinkahead,ownlogs_thinkahead,frozen_lake,1,original,5,20,1,0.05,True
ownlogs,thinkahead,ownlogs_thinkahead,frozen_lake,1,original,6,20,1,0.05,True
ownlogs,thinkahead,ownlogs_thinkahead,frozen_lake,1,original,7,20,1,0.05,True
ownlogs,thinkahead,ownlogs_thinkahead,frozen_lake,1,original,8,20,1,0.05,True
ownlogs,thinkahead,ownlogs_thinkahead,frozen_lake,1,updated,1,20,1,0.05,True
ownlogs,thinkahead,ownlogs_thinkahead,frozen_lake,1,updated,2,20,0,0.0,True
ownlogs,thinkahead,ownlogs_thinkahead,frozen_lake,1,updated,3,20,3,0.15,True
ownlogs,thinkahead,ownlogs_thinkahead,frozen_lake,1,updated,4,20,2,0.1,True
ownlogs,thinkahead,ownlogs_thinkahead,frozen_lake,1,updated,5,20,4,0.2,True
ownlogs,thinkahead,ownlogs_thinkahead,frozen_lake,1,updated,6,20,0,0.0,True
ownlogs,thinkahead,ownlogs_thinkahead,frozen_lake,1,updated,7,20,2,0.1,True
ownlogs,thinkahead,ownlogs_thinkahead,frozen_lake,1,updated,8,20,1,0.05,True
ownlogs,thinkahead,ownlogs_thinkahead,frozen_lake,2,original,1,20,4,0.2,True
ownlogs,thinkahead,ownlogs_thinkahead,frozen_lake,2,original,2,20,5,0.25,True
ownlogs,thinkahead,ownlogs_thinkahead,frozen_lake,2,original,3,20,4,0.2,True
ownlogs,thinkahead,ownlogs_thinkahead,frozen_lake,2,original,4,20,1,0.05,True
ownlogs,thinkahead,ownlogs_thinkahead,frozen_lake,2,original,5,20,2,0.1,True
ownlogs,thinkahead,ownlogs_thinkahead,frozen_lake,2,original,6,20,3,0.15,True
ownlogs,thinkahead,ownlogs_thinkahead,frozen_lake,2,original,7,20,4,0.2,True
ownlogs,thinkahead,ownlogs_thinkahead,frozen_lake,2,original,8,20,4,0.2,True
ownlogs,thinkahead,ownlogs_thinkahead,frozen_lake,2,updated,1,20,4,0.2,True
ownlogs,thinkahead,ownlogs_thinkahead,frozen_lake,2,updated,2,20,2,0.1,True
ownlogs,thinkahead,ownlogs_thinkahead,frozen_lake,2,updated,3,20,4,0.2,True
ownlogs,thinkahead,ownlogs_thinkahead,frozen_lake,2,updated,4,20,1,0.05,True
ownlogs,thinkahead,ownlogs_thinkahead,frozen_lake,2,updated,5,20,2,0.1,True
ownlogs,thinkahead,ownlogs_thinkahead,frozen_lake,2,updated,6,20,2,0.1,True
ownlogs,thinkahead,ownlogs_thinkahead,frozen_lake,2,updated,7,20,4,0.2,True
ownlogs,thinkahead,ownlogs_thinkahead,frozen_lake,2,updated,8,20,4,0.2,True
ownlogs,thinkahead,ownlogs_thinkahead,frozen_lake,3,original,1,20,1,0.05,True
ownlogs,thinkahead,ownlogs_thinkahead,frozen_lake,3,original,2,20,0,0.0,True
ownlogs,thinkahead,ownlogs_thinkahead,frozen_lake,3,original,3,20,2,0.1,True
ownlogs,thinkahead,ownlogs_thinkahead,frozen_lake,3,original,4,20,2,0.1,True
ownlogs,thinkahead,ownlogs_thinkahead,frozen_lake,3,original,5,20,2,0.1,True
ownlogs,thinkahead,ownlogs_thinkahead,frozen_lake,3,original,6,20,1,0.05,True
ownlogs,thinkahead,ownlogs_thinkahead,frozen_lake,3,original,7,20,2,0.1,True
ownlogs,thinkahead,ownlogs_thinkahead,frozen_lake,3,original,8,20,2,0.1,True
ownlogs,thinkahead,ownlogs_thinkahead,frozen_lake,3,updated,1,20,2,0.1,True
ownlogs,thinkahead,ownlogs_thinkahead,frozen_lake,3,updated,2,20,2,0.1,True
ownlogs,thinkahead,ownlogs_thinkahead,frozen_lake,3,updated,3,20,0,0.0,True
ownlogs,thinkahead,ownlogs_thinkahead,frozen_lake,3,updated,4,20,2,0.1,True
ownlogs,thinkahead,ownlogs_thinkahead,frozen_lake,3,updated,5,20,1,0.05,True
ownlogs,thinkahead,ownlogs_thinkahead,frozen_lake,3,updated,6,20,0,0.0,True
ownlogs,thinkahead,ownlogs_thinkahead,frozen_lake,3,updated,7,20,5,0.25,True
ownlogs,thinkahead,ownlogs_thinkahead,frozen_lake,3,updated,8,20,2,0.1,True
ownlogs,thinkahead,ownlogs_thinkahead,frozen_lake,4,original,1,20,4,0.2,True
ownlogs,thinkahead,ownlogs_thinkahead,frozen_lake,4,original,2,20,3,0.15,True
ownlogs,thinkahead,ownlogs_thinkahead,frozen_lake,4,original,3,20,1,0.05,True
ownlogs,thinkahead,ownlogs_thinkahead,frozen_lake,4,original,4,20,1,0.05,True
ownlogs,thinkahead,ownlogs_thinkahead,frozen_lake,4,original,5,20,4,0.2,True
ownlogs,thinkahead,ownlogs_thinkahead,frozen_lake,4,original,6,20,1,0.05,True
ownlogs,thinkahead,ownlogs_thinkahead,frozen_lake,4,original,7,20,3,0.15,True
ownlogs,thinkahead,ownlogs_thinkahead,frozen_lake,4,original,8,20,4,0.2,True
ownlogs,thinkahead,ownlogs_thinkahead,frozen_lake,4,updated,1,20,1,0.05,True
ownlogs,thinkahead,ownlogs_thinkahead,frozen_lake,4,updated,2,20,2,0.1,True
ownlogs,thinkahead,ownlogs_thinkahead,frozen_lake,4,updated,3,20,3,0.15,True
ownlogs,thinkahead,ownlogs_thinkahead,frozen_lake,4,updated,4,20,3,0.15,True
ownlogs,thinkahead,ownlogs_thinkahead,frozen_lake,4,updated,5,20,2,0.1,True
ownlogs,thinkahead,ownlogs_thinkahead,frozen_lake,4,updated,6,20,1,0.05,True
ownlogs,thinkahead,ownlogs_thinkahead,frozen_lake,4,updated,7,20,1,0.05,True
ownlogs,thinkahead,ownlogs_thinkahead,frozen_lake,4,updated,8,20,0,0.0,True
ownlogs,thinkahead,ownlogs_thinkahead,frozen_lake,5,original,1,20,2,0.1,True
ownlogs,thinkahead,ownlogs_thinkahead,frozen_lake,5,original,2,20,2,0.1,True
ownlogs,thinkahead,ownlogs_thinkahead,frozen_lake,5,original,3,20,1,0.05,True
ownlogs,thinkahead,ownlogs_thinkahead,frozen_lake,5,original,4,20,1,0.05,True
ownlogs,thinkahead,ownlogs_thinkahead,frozen_lake,5,original,5,20,0,0.0,True
ownlogs,thinkahead,ownlogs_thinkahead,frozen_lake,5,original,6,20,1,0.05,True
ownlogs,thinkahead,ownlogs_thinkahead,frozen_lake,5,original,7,20,5,0.25,True
ownlogs,thinkahead,ownlogs_thinkahead,frozen_lake,5,original,8,20,0,0.0,True
ownlogs,thinkahead,ownlogs_thinkahead,frozen_lake,5,updated,1,20,2,0.1,True
ownlogs,thinkahead,ownlogs_thinkahead,frozen_lake,5,updated,2,20,2,0.1,True
ownlogs,thinkahead,ownlogs_thinkahead,frozen_lake,5,updated,3,20,4,0.2,True
ownlogs,thinkahead,ownlogs_thinkahead,frozen_lake,5,updated,4,20,4,0.2,True
ownlogs,thinkahead,ownlogs_thinkahead,frozen_lake,5,updated,5,20,4,0.2,True
ownlogs,thinkahead,ownlogs_thinkahead,frozen_lake,5,updated,6,20,3,0.15,True
ownlogs,thinkahead,ownlogs_thinkahead,frozen_lake,5,updated,7,20,0,0.0,True
ownlogs,thinkahead,ownlogs_thinkahead,frozen_lake,5,updated,8,20,2,0.1,True
ownlogs,thinkahead,ownlogs_thinkahead,frozen_lake,6,original,1,20,0,0.0,True
ownlogs,thinkahead,ownlogs_thinkahead,frozen_lake,6,original,2,20,2,0.1,True
ownlogs,thinkahead,ownlogs_thinkahead,frozen_lake,6,original,3,20,1,0.05,True
ownlogs,thinkahead,ownlogs_thinkahead,frozen_lake,6,original,4,20,2,0.1,True
ownlogs,thinkahead,ownlogs_thinkahead,frozen_lake,6,original,5,20,2,0.1,True
ownlogs,thinkahead,ownlogs_thinkahead,frozen_lake,6,original,6,20,2,0.1,True
ownlogs,thinkahead,ownlogs_thinkahead,frozen_lake,6,original,7,20,2,0.1,True
ownlogs,thinkahead,ownlogs_thinkahead,frozen_lake,6,original,8,20,1,0.05,True
ownlogs,thinkahead,ownlogs_thinkahead,frozen_lake,6,updated,1,20,3,0.15,True
ownlogs,thinkahead,ownlogs_thinkahead,frozen_lake,6,updated,2,20,3,0.15,True
ownlogs,thinkahead,ownlogs_thinkahead,frozen_lake,6,updated,3,20,6,0.3,True
ownlogs,thinkahead,ownlogs_thinkahead,frozen_lake,6,updated,4,20,1,0.05,True
ownlogs,thinkahead,ownlogs_thinkahead,frozen_lake,6,updated,5,20,1,0.05,True
ownlogs,thinkahead,ownlogs_thinkahead,frozen_lake,6,updated,6,20,3,0.15,True
ownlogs,thinkahead,ownlogs_thinkahead,frozen_lake,6,updated,7,20,0,0.0,True
ownlogs,thinkahead,ownlogs_thinkahead,frozen_lake,6,updated,8,20,0,0.0,True
ownlogs,thinkahead,ownlogs_thinkahead,frozen_lake,7,original,1,20,0,0.0,True
ownlogs,thinkahead,ownlogs_thinkahead,frozen_lake,7,original,2,20,1,0.05,True
ownlogs,thinkahead,ownlogs_thinkahead,frozen_lake,7,original,3,20,2,0.1,True
ownlogs,thinkahead,ownlogs_thinkahead,frozen_lake,7,original,4,20,1,0.05,True
ownlogs,thinkahead,ownlogs_thinkahead,frozen_lake,7,original,5,20,3,0.15,True
ownlogs,thinkahead,ownlogs_thinkahead,frozen_lake,7,original,6,20,3,0.15,True
ownlogs,thinkahead,ownlogs_thinkahead,frozen_lake,7,original,7,20,0,0.0,True
ownlogs,thinkahead,ownlogs_thinkahead,frozen_lake,7,original,8,20,1,0.05,True
ownlogs,thinkahead,ownlogs_thinkahead,frozen_lake,7,updated,1,20,0,0.0,True
ownlogs,thinkahead,ownlogs_thinkahead,frozen_lake,7,updated,2,20,1,0.05,True
ownlogs,thinkahead,ownlogs_thinkahead,frozen_lake,7,updated,3,20,1,0.05,True
ownlogs,thinkahead,ownlogs_thinkahead,frozen_lake,7,updated,4,20,7,0.35,True
ownlogs,thinkahead,ownlogs_thinkahead,frozen_lake,7,updated,5,20,2,0.1,True
ownlogs,thinkahead,ownlogs_thinkahead,frozen_lake,7,updated,6,20,1,0.05,True
ownlogs,thinkahead,ownlogs_thinkahead,frozen_lake,7,updated,7,20,2,0.1,True
ownlogs,thinkahead,ownlogs_thinkahead,frozen_lake,7,updated,8,20,2,0.1,True
ownlogs,thinkahead,ownlogs_thinkahead,frozen_lake,8,original,1,20,1,0.05,True
ownlogs,thinkahead,ownlogs_thinkahead,frozen_lake,8,original,2,20,1,0.05,True
ownlogs,thinkahead,ownlogs_thinkahead,frozen_lake,8,original,3,20,1,0.05,True
ownlogs,thinkahead,ownlogs_thinkahead,frozen_lake,8,original,4,20,2,0.1,True
ownlogs,thinkahead,ownlogs_thinkahead,frozen_lake,8,original,5,20,3,0.15,True
ownlogs,thinkahead,ownlogs_thinkahead,frozen_lake,8,original,6,20,1,0.05,True
ownlogs,thinkahead,ownlogs_thinkahead,frozen_lake,8,original,7,20,0,0.0,True
ownlogs,thinkahead,ownlogs_thinkahead,frozen_lake,8,original,8,20,1,0.05,True
ownlogs,thinkahead,ownlogs_thinkahead,frozen_lake,8,updated,1,20,2,0.1,True
ownlogs,thinkahead,ownlogs_thinkahead,frozen_lake,8,updated,2,20,5,0.25,True
ownlogs,thinkahead,ownlogs_thinkahead,frozen_lake,8,updated,3,20,0,0.0,True
ownlogs,thinkahead,ownlogs_thinkahead,frozen_lake,8,updated,4,20,0,0.0,True
ownlogs,thinkahead,ownlogs_thinkahead,frozen_lake,8,updated,5,20,1,0.05,True
ownlogs,thinkahead,ownlogs_thinkahead,frozen_lake,8,updated,6,20,9,0.45,True
ownlogs,thinkahead,ownlogs_thinkahead,frozen_lake,8,updated,7,20,3,0.15,True
ownlogs,thinkahead,ownlogs_thinkahead,frozen_lake,8,updated,8,20,2,0.1,True
ownlogs,thinkahead,ownlogs_thinkahead,frozen_lake,9,original,1,20,1,0.05,True
ownlogs,thinkahead,ownlogs_thinkahead,frozen_lake,9,original,2,20,3,0.15,True
ownlogs,thinkahead,ownlogs_thinkahead,frozen_lake,9,original,3,20,3,0.15,True
ownlogs,thinkahead,ownlogs_thinkahead,frozen_lake,9,original,4,20,0,0.0,True
ownlogs,thinkahead,ownlogs_thinkahead,frozen_lake,9,original,5,20,1,0.05,True
ownlogs,thinkahead,ownlogs_thinkahead,frozen_lake,9,original,6,20,1,0.05,True
ownlogs,thinkahead,ownlogs_thinkahead,frozen_lake,9,original,7,20,1,0.05,True
ownlogs,thinkahead,ownlogs_thinkahead,frozen_lake,9,original,8,20,0,0.0,True
ownlogs,thinkahead,ownlogs_thinkahead,frozen_lake,9,updated,1,20,1,0.05,True
ownlogs,thinkahead,ownlogs_thinkahead,frozen_lake,9,updated,2,20,9,0.45,True
ownlogs,thinkahead,ownlogs_thinkahead,frozen_lake,9,updated,3,20,0,0.0,True
ownlogs,thinkahead,ownlogs_thinkahead,frozen_lake,9,updated,4,20,7,0.35,True
ownlogs,thinkahead,ownlogs_thinkahead,frozen_lake,9,updated,5,20,0,0.0,True
ownlogs,thinkahead,ownlogs_thinkahead,frozen_lake,9,updated,6,20,5,0.25,True
ownlogs,thinkahead,ownlogs_thinkahead,frozen_lake,9,updated,7,20,1,0.05,True
ownlogs,thinkahead,ownlogs_thinkahead,frozen_lake,9,updated,8,20,4,0.2,True
ownlogs,thinkahead,ownlogs_thinkahead,frozen_lake,10,original,1,20,4,0.2,True
ownlogs,thinkahead,ownlogs_thinkahead,frozen_lake,10,original,2,20,0,0.0,True
ownlogs,thinkahead,ownlogs_thinkahead,frozen_lake,10,original,3,20,1,0.05,True
ownlogs,thinkahead,ownlogs_thinkahead,frozen_lake,10,original,4,20,3,0.15,True
ownlogs,thinkahead,ownlogs_thinkahead,frozen_lake,10,original,5,20,1,0.05,True
ownlogs,thinkahead,ownlogs_thinkahead,frozen_lake,10,original,6,20,2,0.1,True
ownlogs,thinkahead,ownlogs_thinkahead,frozen_lake,10,original,7,20,1,0.05,True
ownlogs,thinkahead,ownlogs_thinkahead,frozen_lake,10,original,8,20,3,0.15,True
ownlogs,thinkahead,ownlogs_thinkahead,frozen_lake,10,updated,1,20,2,0.1,True
ownlogs,thinkahead,ownlogs_thinkahead,frozen_lake,10,updated,2,20,1,0.05,True
ownlogs,thinkahead,ownlogs_thinkahead,frozen_lake,10,updated,3,20,2,0.1,True
ownlogs,thinkahead,ownlogs_thinkahead,frozen_lake,10,updated,4,20,1,0.05,True
ownlogs,thinkahead,ownlogs_thinkahead,frozen_lake,10,updated,5,20,3,0.15,True
ownlogs,thinkahead,ownlogs_thinkahead,frozen_lake,10,updated,6,20,1,0.05,True
ownlogs,thinkahead,ownlogs_thinkahead,frozen_lake,10,updated,7,20,5,0.25,True
ownlogs,thinkahead,ownlogs_thinkahead,frozen_lake,10,updated,8,20,4,0.2,True
ownlogs,thinkahead,ownlogs_thinkahead,frozen_lake,11,original,1,20,0,0.0,True
ownlogs,thinkahead,ownlogs_thinkahead,frozen_lake,11,original,2,20,3,0.15,True
ownlogs,thinkahead,ownlogs_thinkahead,frozen_lake,11,original,3,20,0,0.0,True
ownlogs,thinkahead,ownlogs_thinkahead,frozen_lake,11,original,4,20,1,0.05,True
ownlogs,thinkahead,ownlogs_thinkahead,frozen_lake,11,original,5,20,0,0.0,True
ownlogs,thinkahead,ownlogs_thinkahead,frozen_lake,11,original,6,20,1,0.05,True
ownlogs,thinkahead,ownlogs_thinkahead,frozen_lake,11,original,7,20,0,0.0,True
ownlogs,thinkahead,ownlogs_thinkahead,frozen_lake,11,original,8,20,0,0.0,True
ownlogs,thinkahead,ownlogs_thinkahead,frozen_lake,11,updated,1,20,1,0.05,True
ownlogs,thinkahead,ownlogs_thinkahead,frozen_lake,11,updated,2,20,3,0.15,True
ownlogs,thinkahead,ownlogs_thinkahead,frozen_lake,11,updated,3,20,2,0.1,True
ownlogs,thinkahead,ownlogs_thinkahead,frozen_lake,11,updated,4,20,2,0.1,True
ownlogs,thinkahead,ownlogs_thinkahead,frozen_lake,11,updated,5,20,0,0.0,True
ownlogs,thinkahead,ownlogs_thinkahead,frozen_lake,11,updated,6,20,2,0.1,True
ownlogs,thinkahead,ownlogs_thinkahead,frozen_lake,11,updated,7,20,0,0.0,True
ownlogs,thinkahead,ownlogs_thinkahead,frozen_lake,11,updated,8,20,0,0.0,True
ownlogs,thinkahead,ownlogs_thinkahead,frozen_lake,12,original,1,20,2,0.1,True
ownlogs,thinkahead,ownlogs_thinkahead,frozen_lake,12,original,2,20,2,0.1,True
ownlogs,thinkahead,ownlogs_thinkahead,frozen_lake,12,original,3,20,3,0.15,True
ownlogs,thinkahead,ownlogs_thinkahead,frozen_lake,12,original,4,20,2,0.1,True
ownlogs,thinkahead,ownlogs_thinkahead,frozen_lake,12,original,5,20,2,0.1,True
ownlogs,thinkahead,ownlogs_thinkahead,frozen_lake,12,original,6,20,4,0.2,True
ownlogs,thinkahead,ownlogs_thinkahead,frozen_lake,12,original,7,20,1,0.05,True
ownlogs,thinkahead,ownlogs_thinkahead,frozen_lake,12,original,8,20,4,0.2,True
ownlogs,thinkahead,ownlogs_thinkahead,frozen_lake,12,updated,1,20,3,0.15,True
ownlogs,thinkahead,ownlogs_thinkahead,frozen_lake,12,updated,2,20,3,0.15,True
ownlogs,thinkahead,ownlogs_thinkahead,frozen_lake,12,updated,3,20,3,0.15,True
ownlogs,thinkahead,ownlogs_thinkahead,frozen_lake,12,updated,4,20,3,0.15,True
ownlogs,thinkahead,ownlogs_thinkahead,frozen_lake,12,updated,5,20,4,0.2,True
ownlogs,thinkahead,ownlogs_thinkahead,frozen_lake,12,updated,6,20,2,0.1,True
ownlogs,thinkahead,ownlogs_thinkahead,frozen_lake,12,updated,7,20,1,0.05,True
ownlogs,thinkahead,ownlogs_thinkahead,frozen_lake,12,updated,8,20,1,0.05,True
ownlogs,thinkahead,ownlogs_thinkahead,frozen_lake,13,original,1,20,5,0.25,True
ownlogs,thinkahead,ownlogs_thinkahead,frozen_lake,13,original,2,20,3,0.15,True
ownlogs,thinkahead,ownlogs_thinkahead,frozen_lake,13,original,3,20,4,0.2,True
ownlogs,thinkahead,ownlogs_thinkahead,frozen_lake,13,original,4,20,3,0.15,True
ownlogs,thinkahead,ownlogs_thinkahead,frozen_lake,13,original,5,20,1,0.05,True
ownlogs,thinkahead,ownlogs_thinkahead,frozen_lake,13,original,6,20,3,0.15,True
ownlogs,thinkahead,ownlogs_thinkahead,frozen_lake,13,original,7,20,3,0.15,True
ownlogs,thinkahead,ownlogs_thinkahead,frozen_lake,13,original,8,20,0,0.0,True
ownlogs,thinkahead,ownlogs_thinkahead,frozen_lake,13,updated,1,20,3,0.15,True
ownlogs,thinkahead,ownlogs_thinkahead,frozen_lake,13,updated,2,20,3,0.15,True
ownlogs,thinkahead,ownlogs_thinkahead,frozen_lake,13,updated,3,20,4,0.2,True
ownlogs,thinkahead,ownlogs_thinkahead,frozen_lake,13,updated,4,20,3,0.15,True
ownlogs,thinkahead,ownlogs_thinkahead,frozen_lake,13,updated,5,20,1,0.05,True
ownlogs,thinkahead,ownlogs_thinkahead,frozen_lake,13,updated,6,20,0,0.0,True
ownlogs,thinkahead,ownlogs_thinkahead,frozen_lake,13,updated,7,20,6,0.3,True
ownlogs,thinkahead,ownlogs_thinkahead,frozen_lake,13,updated,8,20,3,0.15,True
ownlogs,thinkahead,ownlogs_thinkahead,frozen_lake,14,original,1,20,4,0.2,True
ownlogs,thinkahead,ownlogs_thinkahead,frozen_lake,14,original,2,20,1,0.05,True
ownlogs,thinkahead,ownlogs_thinkahead,frozen_lake,14,original,3,20,2,0.1,True
ownlogs,thinkahead,ownlogs_thinkahead,frozen_lake,14,original,4,20,3,0.15,True
ownlogs,thinkahead,ownlogs_thinkahead,frozen_lake,14,original,5,20,2,0.1,True
ownlogs,thinkahead,ownlogs_thinkahead,frozen_lake,14,original,6,20,0,0.0,True
ownlogs,thinkahead,ownlogs_thinkahead,frozen_lake,14,original,7,20,4,0.2,True
ownlogs,thinkahead,ownlogs_thinkahead,frozen_lake,14,original,8,20,2,0.1,True
ownlogs,thinkahead,ownlogs_thinkahead,frozen_lake,14,updated,1,20,2,0.1,True
ownlogs,thinkahead,ownlogs_thinkahead,frozen_lake,14,updated,2,20,0,0.0,True
ownlogs,thinkahead,ownlogs_thinkahead,frozen_lake,14,updated,3,20,2,0.1,True
ownlogs,thinkahead,ownlogs_thinkahead,frozen_lake,14,updated,4,20,2,0.1,True
ownlogs,thinkahead,ownlogs_thinkahead,frozen_lake,14,updated,5,20,1,0.05,True
ownlogs,thinkahead,ownlogs_thinkahead,frozen_lake,14,updated,6,20,4,0.2,True
ownlogs,thinkahead,ownlogs_thinkahead,frozen_lake,14,updated,7,20,1,0.05,True
ownlogs,thinkahead,ownlogs_thinkahead,frozen_lake,14,updated,8,20,2,0.1,True
ownlogs,thinkahead,ownlogs_thinkahead,frozen_lake,15,original,1,20,4,0.2,True
ownlogs,thinkahead,ownlogs_thinkahead,frozen_lake,15,original,2,20,1,0.05,True
ownlogs,thinkahead,ownlogs_thinkahead,frozen_lake,15,original,3,20,0,0.0,True
ownlogs,thinkahead,ownlogs_thinkahead,frozen_lake,15,original,4,20,3,0.15,True
ownlogs,thinkahead,ownlogs_thinkahead,frozen_lake,15,original,5,20,3,0.15,True
ownlogs,thinkahead,ownlogs_thinkahead,frozen_lake,15,original,6,20,4,0.2,True
ownlogs,thinkahead,ownlogs_thinkahead,frozen_lake,15,original,7,20,4,0.2,True
ownlogs,thinkahead,ownlogs_thinkahead,frozen_lake,15,original,8,20,2,0.1,True
ownlogs,thinkahead,ownlogs_thinkahead,frozen_lake,15,updated,1,20,2,0.1,True
ownlogs,thinkahead,ownlogs_thinkahead,frozen_lake,15,updated,2,20,2,0.1,True
ownlogs,thinkahead,ownlogs_thinkahead,frozen_lake,15,updated,3,20,3,0.15,True
ownlogs,thinkahead,ownlogs_thinkahead,frozen_lake,15,updated,4,20,1,0.05,True
ownlogs,thinkahead,ownlogs_thinkahead,frozen_lake,15,updated,5,20,3,0.15,True
ownlogs,thinkahead,ownlogs_thinkahead,frozen_lake,15,updated,6,20,5,0.25,True
ownlogs,thinkahead,ownlogs_thinkahead,frozen_lake,15,updated,7,20,3,0.15,True
ownlogs,thinkahead,ownlogs_thinkahead,frozen_lake,15,updated,8,20,2,0.1,True
ownlogs,thinkahead,ownlogs_thinkahead,frozen_lake,16,original,1,20,3,0.15,True
ownlogs,thinkahead,ownlogs_thinkahead,frozen_lake,16,original,2,20,3,0.15,True
ownlogs,thinkahead,ownlogs_thinkahead,frozen_lake,16,original,3,20,3,0.15,True
ownlogs,thinkahead,ownlogs_thinkahead,frozen_lake,16,original,4,20,2,0.1,True
ownlogs,thinkahead,ownlogs_thinkahead,frozen_lake,16,original,5,20,2,0.1,True
ownlogs,thinkahead,ownlogs_thinkahead,frozen_lake,16,original,6,20,4,0.2,True
ownlogs,thinkahead,ownlogs_thinkahead,frozen_lake,16,original,7,20,2,0.1,True
ownlogs,thinkahead,ownlogs_thinkahead,frozen_lake,16,original,8,20,2,0.1,True
ownlogs,thinkahead,ownlogs_thinkahead,frozen_lake,16,updated,1,20,3,0.15,True
ownlogs,thinkahead,ownlogs_thinkahead,frozen_lake,16,updated,2,20,1,0.05,True
ownlogs,thinkahead,ownlogs_thinkahead,frozen_lake,16,updated,3,20,1,0.05,True
ownlogs,thinkahead,ownlogs_thinkahead,frozen_lake,16,updated,4,20,5,0.25,True
ownlogs,thinkahead,ownlogs_thinkahead,frozen_lake,16,updated,5,20,1,0.05,True
ownlogs,thinkahead,ownlogs_thinkahead,frozen_lake,16,updated,6,20,1,0.05,True
ownlogs,thinkahead,ownlogs_thinkahead,frozen_lake,16,updated,7,20,2,0.1,True
ownlogs,thinkahead,ownlogs_thinkahead,frozen_lake,16,updated,8,20,0,0.0,True
ownlogs,thinkahead,ownlogs_thinkahead,frozen_lake,17,original,1,20,4,0.2,True
ownlogs,thinkahead,ownlogs_thinkahead,frozen_lake,17,original,2,20,2,0.1,True
ownlogs,thinkahead,ownlogs_thinkahead,frozen_lake,17,original,3,20,1,0.05,True
ownlogs,thinkahead,ownlogs_thinkahead,frozen_lake,17,original,4,20,4,0.2,True
ownlogs,thinkahead,ownlogs_thinkahead,frozen_lake,17,original,5,20,6,0.3,True
ownlogs,thinkahead,ownlogs_thinkahead,frozen_lake,17,original,6,20,2,0.1,True
ownlogs,thinkahead,ownlogs_thinkahead,frozen_lake,17,original,7,20,2,0.1,True
ownlogs,thinkahead,ownlogs_thinkahead,frozen_lake,17,original,8,20,5,0.25,True
ownlogs,thinkahead,ownlogs_thinkahead,frozen_lake,17,updated,1,20,5,0.25,True
ownlogs,thinkahead,ownlogs_thinkahead,frozen_lake,17,updated,2,20,3,0.15,True
ownlogs,thinkahead,ownlogs_thinkahead,frozen_lake,17,updated,3,20,1,0.05,True
ownlogs,thinkahead,ownlogs_thinkahead,frozen_lake,17,updated,4,20,3,0.15,True
ownlogs,thinkahead,ownlogs_thinkahead,frozen_lake,17,updated,5,20,3,0.15,True
ownlogs,thinkahead,ownlogs_thinkahead,frozen_lake,17,updated,6,20,5,0.25,True
ownlogs,thinkahead,ownlogs_thinkahead,frozen_lake,17,updated,7,20,5,0.25,True
ownlogs,thinkahead,ownlogs_thinkahead,frozen_lake,17,updated,8,20,0,0.0,True
ownlogs,thinkahead,ownlogs_thinkahead,frozen_lake,18,original,1,20,7,0.35,True
ownlogs,thinkahead,ownlogs_thinkahead,frozen_lake,18,original,2,20,7,0.35,True
ownlogs,thinkahead,ownlogs_thinkahead,frozen_lake,18,original,3,20,8,0.4,True
ownlogs,thinkahead,ownlogs_thinkahead,frozen_lake,18,original,4,20,5,0.25,True
ownlogs,thinkahead,ownlogs_thinkahead,frozen_lake,18,original,5,20,5,0.25,True
ownlogs,thinkahead,ownlogs_thinkahead,frozen_lake,18,original,6,20,3,0.15,True
ownlogs,thinkahead,ownlogs_thinkahead,frozen_lake,18,original,7,20,4,0.2,True
ownlogs,thinkahead,ownlogs_thinkahead,frozen_lake,18,original,8,20,6,0.3,True
ownlogs,thinkahead,ownlogs_thinkahead,frozen_lake,18,updated,1,20,6,0.3,True
ownlogs,thinkahead,ownlogs_thinkahead,frozen_lake,18,updated,2,20,5,0.25,True
ownlogs,thinkahead,ownlogs_thinkahead,frozen_lake,18,updated,3,20,4,0.2,True
ownlogs,thinkahead,ownlogs_thinkahead,frozen_lake,18,updated,4,20,6,0.3,True
ownlogs,thinkahead,ownlogs_thinkahead,frozen_lake,18,updated,5,20,4,0.2,True
ownlogs,thinkahead,ownlogs_thinkahead,frozen_lake,18,updated,6,20,5,0.25,True
ownlogs,thinkahead,ownlogs_thinkahead,frozen_lake,18,updated,7,20,8,0.4,True
ownlogs,thinkahead,ownlogs_thinkahead,frozen_lake,18,updated,8,20,8,0.4,True
ownlogs,thinkahead,ownlogs_thinkahead,frozen_lake,19,original,1,20,4,0.2,True
ownlogs,thinkahead,ownlogs_thinkahead,frozen_lake,19,original,2,20,7,0.35,True
ownlogs,thinkahead,ownlogs_thinkahead,frozen_lake,19,original,3,20,6,0.3,True
ownlogs,thinkahead,ownlogs_thinkahead,frozen_lake,19,original,4,20,6,0.3,True
ownlogs,thinkahead,ownlogs_thinkahead,frozen_lake,19,original,5,20,9,0.45,True
ownlogs,thinkahead,ownlogs_thinkahead,frozen_lake,19,original,6,20,7,0.35,True
ownlogs,thinkahead,ownlogs_thinkahead,frozen_lake,19,original,7,20,5,0.25,True
ownlogs,thinkahead,ownlogs_thinkahead,frozen_lake,19,original,8,20,8,0.4,True
ownlogs,thinkahead,ownlogs_thinkahead,frozen_lake,19,updated,1,20,5,0.25,True
ownlogs,thinkahead,ownlogs_thinkahead,frozen_lake,19,updated,2,20,6,0.3,True
ownlogs,thinkahead,ownlogs_thinkahead,frozen_lake,19,updated,3,20,4,0.2,True
ownlogs,thinkahead,ownlogs_thinkahead,frozen_lake,19,updated,4,20,2,0.1,True
ownlogs,thinkahead,ownlogs_thinkahead,frozen_lake,19,updated,5,20,7,0.35,True
ownlogs,thinkahead,ownlogs_thinkahead,frozen_lake,19,updated,6,20,6,0.3,True
ownlogs,thinkahead,ownlogs_thinkahead,frozen_lake,19,updated,7,20,4,0.2,True
ownlogs,thinkahead,ownlogs_thinkahead,frozen_lake,19,updated,8,20,4,0.2,True
ownlogs,thinkahead,ownlogs_thinkahead,frozen_lake,20,original,1,20,7,0.35,True
ownlogs,thinkahead,ownlogs_thinkahead,frozen_lake,20,original,2,20,7,0.35,True
ownlogs,thinkahead,ownlogs_thinkahead,frozen_lake,20,original,3,20,7,0.35,True
ownlogs,thinkahead,ownlogs_thinkahead,frozen_lake,20,original,4,20,5,0.25,True
ownlogs,thinkahead,ownlogs_thinkahead,frozen_lake,20,original,5,20,5,0.25,True
ownlogs,thinkahead,ownlogs_thinkahead,frozen_lake,20,original,6,20,5,0.25,True
ownlogs,thinkahead,ownlogs_thinkahead,frozen_lake,20,original,7,20,7,0.35,True
ownlogs,thinkahead,ownlogs_thinkahead,frozen_lake,20,original,8,20,4,0.2,True
ownlogs,thinkahead,ownlogs_thinkahead,frozen_lake,20,updated,1,20,6,0.3,True
ownlogs,thinkahead,ownlogs_thinkahead,frozen_lake,20,updated,2,20,5,0.25,True
ownlogs,thinkahead,ownlogs_thinkahead,frozen_lake,20,updated,3,20,8,0.4,True
ownlogs,thinkahead,ownlogs_thinkahead,frozen_lake,20,updated,4,20,4,0.2,True
ownlogs,thinkahead,ownlogs_thinkahead,frozen_lake,20,updated,5,20,6,0.3,True
ownlogs,thinkahead,ownlogs_thinkahead,frozen_lake,20,updated,6,20,5,0.25,True
ownlogs,thinkahead,ownlogs_thinkahead,frozen_lake,20,updated,7,20,7,0.35,True
ownlogs,thinkahead,ownlogs_thinkahead,frozen_lake,20,updated,8,20,4,0.2,True
ownlogs,thinkahead,ownlogs_thinkahead,frozen_lake,21,original,1,20,3,0.15,True
ownlogs,thinkahead,ownlogs_thinkahead,frozen_lake,21,original,2,20,6,0.3,True
ownlogs,thinkahead,ownlogs_thinkahead,frozen_lake,21,original,3,20,4,0.2,True
ownlogs,thinkahead,ownlogs_thinkahead,frozen_lake,21,original,4,20,7,0.35,True
ownlogs,thinkahead,ownlogs_thinkahead,frozen_lake,21,original,5,20,5,0.25,True
ownlogs,thinkahead,ownlogs_thinkahead,frozen_lake,21,original,6,20,6,0.3,True
ownlogs,thinkahead,ownlogs_thinkahead,frozen_lake,21,original,7,20,5,0.25,True
ownlogs,thinkahead,ownlogs_thinkahead,frozen_lake,21,original,8,20,5,0.25,True
ownlogs,thinkahead,ownlogs_thinkahead,frozen_lake,21,updated,1,20,4,0.2,True
ownlogs,thinkahead,ownlogs_thinkahead,frozen_lake,21,updated,2,20,3,0.15,True
ownlogs,thinkahead,ownlogs_thinkahead,frozen_lake,21,updated,3,20,3,0.15,True
ownlogs,thinkahead,ownlogs_thinkahead,frozen_lake,21,updated,4,20,5,0.25,True
ownlogs,thinkahead,ownlogs_thinkahead,frozen_lake,21,updated,5,20,3,0.15,True
ownlogs,thinkahead,ownlogs_thinkahead,frozen_lake,21,updated,6,20,5,0.25,True
ownlogs,thinkahead,ownlogs_thinkahead,frozen_lake,21,updated,7,20,3,0.15,True
ownlogs,thinkahead,ownlogs_thinkahead,frozen_lake,21,updated,8,20,5,0.25,True
ownlogs,thinkahead,ownlogs_thinkahead,frozen_lake,22,original,1,20,6,0.3,True
ownlogs,thinkahead,ownlogs_thinkahead,frozen_lake,22,original,2,20,6,0.3,True
ownlogs,thinkahead,ownlogs_thinkahead,frozen_lake,22,original,3,20,8,0.4,True
ownlogs,thinkahead,ownlogs_thinkahead,frozen_lake,22,original,4,20,5,0.25,True
ownlogs,thinkahead,ownlogs_thinkahead,frozen_lake,22,original,5,20,9,0.45,True
ownlogs,thinkahead,ownlogs_thinkahead,frozen_lake,22,original,6,20,7,0.35,True
ownlogs,thinkahead,ownlogs_thinkahead,frozen_lake,22,original,7,20,8,0.4,True
ownlogs,thinkahead,ownlogs_thinkahead,frozen_lake,22,original,8,20,7,0.35,True
ownlogs,thinkahead,ownlogs_thinkahead,frozen_lake,22,updated,1,20,11,0.55,True
ownlogs,thinkahead,ownlogs_thinkahead,frozen_lake,22,updated,2,20,10,0.5,True
ownlogs,thinkahead,ownlogs_thinkahead,frozen_lake,22,updated,3,20,9,0.45,True
ownlogs,thinkahead,ownlogs_thinkahead,frozen_lake,22,updated,4,20,4,0.2,True
ownlogs,thinkahead,ownlogs_thinkahead,frozen_lake,22,updated,5,20,4,0.2,True
ownlogs,thinkahead,ownlogs_thinkahead,frozen_lake,22,updated,6,20,6,0.3,True
ownlogs,thinkahead,ownlogs_thinkahead,frozen_lake,22,updated,7,20,9,0.45,True
ownlogs,thinkahead,ownlogs_thinkahead,frozen_lake,22,updated,8,20,8,0.4,True
ownlogs,thinkahead,ownlogs_thinkahead,frozen_lake,23,original,1,20,6,0.3,True
ownlogs,thinkahead,ownlogs_thinkahead,frozen_lake,23,original,2,20,8,0.4,True
ownlogs,thinkahead,ownlogs_thinkahead,frozen_lake,23,original,3,20,7,0.35,True
ownlogs,thinkahead,ownlogs_thinkahead,frozen_lake,23,original,4,20,9,0.45,True
ownlogs,thinkahead,ownlogs_thinkahead,frozen_lake,23,original,5,20,8,0.4,True
ownlogs,thinkahead,ownlogs_thinkahead,frozen_lake,23,original,6,20,7,0.35,True
ownlogs,thinkahead,ownlogs_thinkahead,frozen_lake,23,original,7,20,4,0.2,True
ownlogs,thinkahead,ownlogs_thinkahead,frozen_lake,23,original,8,20,7,0.35,True
ownlogs,thinkahead,ownlogs_thinkahead,frozen_lake,23,updated,1,20,6,0.3,True
ownlogs,thinkahead,ownlogs_thinkahead,frozen_lake,23,updated,2,20,7,0.35,True
ownlogs,thinkahead,ownlogs_thinkahead,frozen_lake,23,updated,3,20,8,0.4,True
ownlogs,thinkahead,ownlogs_thinkahead,frozen_lake,23,updated,4,20,7,0.35,True
ownlogs,thinkahead,ownlogs_thinkahead,frozen_lake,23,updated,5,20,7,0.35,True
ownlogs,thinkahead,ownlogs_thinkahead,frozen_lake,23,updated,6,20,6,0.3,True
ownlogs,thinkahead,ownlogs_thinkahead,frozen_lake,23,updated,7,20,5,0.25,True
ownlogs,thinkahead,ownlogs_thinkahead,frozen_lake,23,updated,8,20,5,0.25,True
ownlogs,thinkahead,ownlogs_thinkahead,frozen_lake,24,original,1,20,7,0.35,True
ownlogs,thinkahead,ownlogs_thinkahead,frozen_lake,24,original,2,20,7,0.35,True
ownlogs,thinkahead,ownlogs_thinkahead,frozen_lake,24,original,3,20,6,0.3,True
ownlogs,thinkahead,ownlogs_thinkahead,frozen_lake,24,original,4,20,6,0.3,True
ownlogs,thinkahead,ownlogs_thinkahead,frozen_lake,24,original,5,20,9,0.45,True
ownlogs,thinkahead,ownlogs_thinkahead,frozen_lake,24,original,6,20,4,0.2,True
ownlogs,thinkahead,ownlogs_thinkahead,frozen_lake,24,original,7,20,6,0.3,True
ownlogs,thinkahead,ownlogs_thinkahead,frozen_lake,24,original,8,20,5,0.25,True
ownlogs,thinkahead,ownlogs_thinkahead,frozen_lake,24,updated,1,20,4,0.2,True
ownlogs,thinkahead,ownlogs_thinkahead,frozen_lake,24,updated,2,20,6,0.3,True
ownlogs,thinkahead,ownlogs_thinkahead,frozen_lake,24,updated,3,20,4,0.2,True
ownlogs,thinkahead,ownlogs_thinkahead,frozen_lake,24,updated,4,20,5,0.25,True
ownlogs,thinkahead,ownlogs_thinkahead,frozen_lake,24,updated,5,20,9,0.45,True
ownlogs,thinkahead,ownlogs_thinkahead,frozen_lake,24,updated,6,20,6,0.3,True
ownlogs,thinkahead,ownlogs_thinkahead,frozen_lake,24,updated,7,20,9,0.45,True
ownlogs,thinkahead,ownlogs_thinkahead,frozen_lake,24,updated,8,20,8,0.4,True
ownlogs,thinkahead,ownlogs_thinkahead,frozen_lake,25,original,1,20,5,0.25,True
ownlogs,thinkahead,ownlogs_thinkahead,frozen_lake,25,original,2,20,5,0.25,True
ownlogs,thinkahead,ownlogs_thinkahead,frozen_lake,25,original,3,20,5,0.25,True
ownlogs,thinkahead,ownlogs_thinkahead,frozen_lake,25,original,4,20,3,0.15,True
ownlogs,thinkahead,ownlogs_thinkahead,frozen_lake,25,original,5,20,3,0.15,True
ownlogs,thinkahead,ownlogs_thinkahead,frozen_lake,25,original,6,20,5,0.25,True
ownlogs,thinkahead,ownlogs_thinkahead,frozen_lake,25,original,7,20,6,0.3,True
ownlogs,thinkahead,ownlogs_thinkahead,frozen_lake,25,original,8,20,5,0.25,True
ownlogs,thinkahead,ownlogs_thinkahead,frozen_lake,25,updated,1,20,4,0.2,True
ownlogs,thinkahead,ownlogs_thinkahead,frozen_lake,25,updated,2,20,5,0.25,True
ownlogs,thinkahead,ownlogs_thinkahead,frozen_lake,25,updated,3,20,4,0.2,True
ownlogs,thinkahead,ownlogs_thinkahead,frozen_lake,25,updated,4,20,3,0.15,True
ownlogs,thinkahead,ownlogs_thinkahead,frozen_lake,25,updated,5,20,4,0.2,True
ownlogs,thinkahead,ownlogs_thinkahead,frozen_lake,25,updated,6,20,4,0.2,True
ownlogs,thinkahead,ownlogs_thinkahead,frozen_lake,25,updated,7,20,4,0.2,True
ownlogs,thinkahead,ownlogs_thinkahead,frozen_lake,25,updated,8,20,2,0.1,True
ownlogs,thinkahead,ownlogs_thinkahead,frozen_lake,26,original,1,20,5,0.25,True
ownlogs,thinkahead,ownlogs_thinkahead,frozen_lake,26,original,2,20,4,0.2,True
ownlogs,thinkahead,ownlogs_thinkahead,frozen_lake,26,original,3,20,3,0.15,True
ownlogs,thinkahead,ownlogs_thinkahead,frozen_lake,26,original,4,20,4,0.2,True
ownlogs,thinkahead,ownlogs_thinkahead,frozen_lake,26,original,5,20,4,0.2,True
ownlogs,thinkahead,ownlogs_thinkahead,frozen_lake,26,original,6,20,5,0.25,True
ownlogs,thinkahead,ownlogs_thinkahead,frozen_lake,26,original,7,20,4,0.2,True
ownlogs,thinkahead,ownlogs_thinkahead,frozen_lake,26,original,8,20,4,0.2,True
ownlogs,thinkahead,ownlogs_thinkahead,frozen_lake,26,updated,1,20,8,0.4,True
ownlogs,thinkahead,ownlogs_thinkahead,frozen_lake,26,updated,2,20,4,0.2,True
ownlogs,thinkahead,ownlogs_thinkahead,frozen_lake,26,updated,3,20,12,0.6,True
ownlogs,thinkahead,ownlogs_thinkahead,frozen_lake,26,updated,4,20,3,0.15,True
ownlogs,thinkahead,ownlogs_thinkahead,frozen_lake,26,updated,5,20,5,0.25,True
ownlogs,thinkahead,ownlogs_thinkahead,frozen_lake,26,updated,6,20,5,0.25,True
ownlogs,thinkahead,ownlogs_thinkahead,frozen_lake,26,updated,7,20,9,0.45,True
ownlogs,thinkahead,ownlogs_thinkahead,frozen_lake,26,updated,8,20,5,0.25,True
ownlogs,thinkahead,ownlogs_thinkahead,frozen_lake,27,original,1,20,5,0.25,True
ownlogs,thinkahead,ownlogs_thinkahead,frozen_lake,27,original,2,20,5,0.25,True
ownlogs,thinkahead,ownlogs_thinkahead,frozen_lake,27,original,3,20,5,0.25,True
ownlogs,thinkahead,ownlogs_thinkahead,frozen_lake,27,original,4,20,5,0.25,True
ownlogs,thinkahead,ownlogs_thinkahead,frozen_lake,27,original,5,20,4,0.2,True
ownlogs,thinkahead,ownlogs_thinkahead,frozen_lake,27,original,6,20,5,0.25,True
ownlogs,thinkahead,ownlogs_thinkahead,frozen_lake,27,original,7,20,4,0.2,True
ownlogs,thinkahead,ownlogs_thinkahead,frozen_lake,27,original,8,20,7,0.35,True
ownlogs,thinkahead,ownlogs_thinkahead,frozen_lake,27,updated,1,20,6,0.3,True
ownlogs,thinkahead,ownlogs_thinkahead,frozen_lake,27,updated,2,20,6,0.3,True
ownlogs,thinkahead,ownlogs_thinkahead,frozen_lake,27,updated,3,20,5,0.25,True
ownlogs,thinkahead,ownlogs_thinkahead,frozen_lake,27,updated,4,20,6,0.3,True
ownlogs,thinkahead,ownlogs_thinkahead,frozen_lake,27,updated,5,20,4,0.2,True
ownlogs,thinkahead,ownlogs_thinkahead,frozen_lake,27,updated,6,20,4,0.2,True
ownlogs,thinkahead,ownlogs_thinkahead,frozen_lake,27,updated,7,20,4,0.2,True
ownlogs,thinkahead,ownlogs_thinkahead,frozen_lake,27,updated,8,20,4,0.2,True
ownlogs,thinkahead,ownlogs_thinkahead,frozen_lake,28,original,1,20,3,0.15,True
ownlogs,thinkahead,ownlogs_thinkahead,frozen_lake,28,original,2,20,5,0.25,True
ownlogs,thinkahead,ownlogs_thinkahead,frozen_lake,28,original,3,20,4,0.2,True
ownlogs,thinkahead,ownlogs_thinkahead,frozen_lake,28,original,4,20,4,0.2,True
ownlogs,thinkahead,ownlogs_thinkahead,frozen_lake,28,original,5,20,4,0.2,True
ownlogs,thinkahead,ownlogs_thinkahead,frozen_lake,28,original,6,20,7,0.35,True
ownlogs,thinkahead,ownlogs_thinkahead,frozen_lake,28,original,7,20,4,0.2,True
ownlogs,thinkahead,ownlogs_thinkahead,frozen_lake,28,original,8,20,4,0.2,True
ownlogs,thinkahead,ownlogs_thinkahead,frozen_lake,28,updated,1,20,6,0.3,True
ownlogs,thinkahead,ownlogs_thinkahead,frozen_lake,28,updated,2,20,6,0.3,True
ownlogs,thinkahead,ownlogs_thinkahead,frozen_lake,28,updated,3,20,11,0.55,True
ownlogs,thinkahead,ownlogs_thinkahead,frozen_lake,28,updated,4,20,6,0.3,True
ownlogs,thinkahead,ownlogs_thinkahead,frozen_lake,28,updated,5,20,5,0.25,True
ownlogs,thinkahead,ownlogs_thinkahead,frozen_lake,28,updated,6,20,6,0.3,True
ownlogs,thinkahead,ownlogs_thinkahead,frozen_lake,28,updated,7,20,4,0.2,True
ownlogs,thinkahead,ownlogs_thinkahead,frozen_lake,28,updated,8,20,4,0.2,True
ownlogs,thinkahead,ownlogs_thinkahead,frozen_lake,29,original,1,20,6,0.3,True
ownlogs,thinkahead,ownlogs_thinkahead,frozen_lake,29,original,2,20,6,0.3,True
ownlogs,thinkahead,ownlogs_thinkahead,frozen_lake,29,original,3,20,5,0.25,True
ownlogs,thinkahead,ownlogs_thinkahead,frozen_lake,29,original,4,20,3,0.15,True
ownlogs,thinkahead,ownlogs_thinkahead,frozen_lake,29,original,5,20,6,0.3,True
ownlogs,thinkahead,ownlogs_thinkahead,frozen_lake,29,original,6,20,7,0.35,True
ownlogs,thinkahead,ownlogs_thinkahead,frozen_lake,29,original,7,20,6,0.3,True
ownlogs,thinkahead,ownlogs_thinkahead,frozen_lake,29,original,8,20,5,0.25,True
ownlogs,thinkahead,ownlogs_thinkahead,frozen_lake,29,updated,1,20,7,0.35,True
ownlogs,thinkahead,ownlogs_thinkahead,frozen_lake,29,updated,2,20,7,0.35,True
ownlogs,thinkahead,ownlogs_thinkahead,frozen_lake,29,updated,3,20,9,0.45,True
ownlogs,thinkahead,ownlogs_thinkahead,frozen_lake,29,updated,4,20,5,0.25,True
ownlogs,thinkahead,ownlogs_thinkahead,frozen_lake,29,updated,5,20,6,0.3,True
ownlogs,thinkahead,ownlogs_thinkahead,frozen_lake,29,updated,6,20,6,0.3,True
ownlogs,thinkahead,ownlogs_thinkahead,frozen_lake,29,updated,7,20,6,0.3,True
ownlogs,thinkahead,ownlogs_thinkahead,frozen_lake,29,updated,8,20,5,0.25,True
ownlogs,thinkahead,ownlogs_thinkahead,frozen_lake,30,original,1,20,6,0.3,True
ownlogs,thinkahead,ownlogs_thinkahead,frozen_lake,30,original,2,20,7,0.35,True
ownlogs,thinkahead,ownlogs_thinkahead,frozen_lake,30,original,3,20,7,0.35,True
ownlogs,thinkahead,ownlogs_thinkahead,frozen_lake,30,original,4,20,6,0.3,True
ownlogs,thinkahead,ownlogs_thinkahead,frozen_lake,30,original,5,20,6,0.3,True
ownlogs,thinkahead,ownlogs_thinkahead,frozen_lake,30,original,6,20,8,0.4,True
ownlogs,thinkahead,ownlogs_thinkahead,frozen_lake,30,original,7,20,9,0.45,True
ownlogs,thinkahead,ownlogs_thinkahead,frozen_lake,30,original,8,20,8,0.4,True
ownlogs,thinkahead,ownlogs_thinkahead,frozen_lake,30,updated,1,20,10,0.5,True
ownlogs,thinkahead,ownlogs_thinkahead,frozen_lake,30,updated,2,20,8,0.4,True
ownlogs,thinkahead,ownlogs_thinkahead,frozen_lake,30,updated,3,20,7,0.35,True
ownlogs,thinkahead,ownlogs_thinkahead,frozen_lake,30,updated,4,20,8,0.4,True
ownlogs,thinkahead,ownlogs_thinkahead,frozen_lake,30,updated,5,20,8,0.4,True
ownlogs,thinkahead,ownlogs_thinkahead,frozen_lake,30,updated,6,20,7,0.35,True
ownlogs,thinkahead,ownlogs_thinkahead,frozen_lake,30,updated,7,20,6,0.3,True
ownlogs,thinkahead,ownlogs_thinkahead,frozen_lake,30,updated,8,20,8,0.4,True
ownlogs,thinkahead,ownlogs_thinkahead,frozen_lake,31,original,1,20,7,0.35,True
ownlogs,thinkahead,ownlogs_thinkahead,frozen_lake,31,original,2,20,9,0.45,True
ownlogs,thinkahead,ownlogs_thinkahead,frozen_lake,31,original,3,20,6,0.3,True
ownlogs,thinkahead,ownlogs_thinkahead,frozen_lake,31,original,4,20,8,0.4,True
ownlogs,thinkahead,ownlogs_thinkahead,frozen_lake,31,original,5,20,6,0.3,True
ownlogs,thinkahead,ownlogs_thinkahead,frozen_lake,31,original,6,20,7,0.35,True
ownlogs,thinkahead,ownlogs_thinkahead,frozen_lake,31,original,7,20,7,0.35,True
ownlogs,thinkahead,ownlogs_thinkahead,frozen_lake,31,original,8,20,5,0.25,True
ownlogs,thinkahead,ownlogs_thinkahead,frozen_lake,31,updated,1,20,6,0.3,True
ownlogs,thinkahead,ownlogs_thinkahead,frozen_lake,31,updated,2,20,7,0.35,True
ownlogs,thinkahead,ownlogs_thinkahead,frozen_lake,31,updated,3,20,6,0.3,True
ownlogs,thinkahead,ownlogs_thinkahead,frozen_lake,31,updated,4,20,7,0.35,True
ownlogs,thinkahead,ownlogs_thinkahead,frozen_lake,31,updated,5,20,6,0.3,True
ownlogs,thinkahead,ownlogs_thinkahead,frozen_lake,31,updated,6,20,9,0.45,True
ownlogs,thinkahead,ownlogs_thinkahead,frozen_lake,31,updated,7,20,8,0.4,True
ownlogs,thinkahead,ownlogs_thinkahead,frozen_lake,31,updated,8,20,6,0.3,True
ownlogs,thinkahead,ownlogs_thinkahead,frozen_lake,32,original,1,20,8,0.4,True
ownlogs,thinkahead,ownlogs_thinkahead,frozen_lake,32,original,2,20,9,0.45,True
ownlogs,thinkahead,ownlogs_thinkahead,frozen_lake,32,original,3,20,6,0.3,True
ownlogs,thinkahead,ownlogs_thinkahead,frozen_lake,32,original,4,20,8,0.4,True
ownlogs,thinkahead,ownlogs_thinkahead,frozen_lake,32,original,5,20,7,0.35,True
ownlogs,thinkahead,ownlogs_thinkahead,frozen_lake,32,original,6,20,6,0.3,True
ownlogs,thinkahead,ownlogs_thinkahead,frozen_lake,32,original,7,20,5,0.25,True
ownlogs,thinkahead,ownlogs_thinkahead,frozen_lake,32,original,8,20,7,0.35,True
ownlogs,thinkahead,ownlogs_thinkahead,frozen_lake,32,updated,1,20,6,0.3,True
ownlogs,thinkahead,ownlogs_thinkahead,frozen_lake,32,updated,2,20,8,0.4,True
ownlogs,thinkahead,ownlogs_thinkahead,frozen_lake,32,updated,3,20,6,0.3,True
ownlogs,thinkahead,ownlogs_thinkahead,frozen_lake,32,updated,4,20,10,0.5,True
ownlogs,thinkahead,ownlogs_thinkahead,frozen_lake,32,updated,5,20,7,0.35,True
ownlogs,thinkahead,ownlogs_thinkahead,frozen_lake,32,updated,6,20,9,0.45,True
ownlogs,thinkahead,ownlogs_thinkahead,frozen_lake,32,updated,7,20,9,0.45,True
ownlogs,thinkahead,ownlogs_thinkahead,frozen_lake,32,updated,8,20,8,0.4,True
ownlogs,thinkahead,ownlogs_thinkahead,frozen_lake,33,original,1,20,8,0.4,True
ownlogs,thinkahead,ownlogs_thinkahead,frozen_lake,33,original,2,20,9,0.45,True
ownlogs,thinkahead,ownlogs_thinkahead,frozen_lake,33,original,3,20,8,0.4,True
ownlogs,thinkahead,ownlogs_thinkahead,frozen_lake,33,original,4,20,7,0.35,True
ownlogs,thinkahead,ownlogs_thinkahead,frozen_lake,33,original,5,20,7,0.35,True
ownlogs,thinkahead,ownlogs_thinkahead,frozen_lake,33,original,6,20,8,0.4,True
ownlogs,thinkahead,ownlogs_thinkahead,frozen_lake,33,original,7,20,9,0.45,True
ownlogs,thinkahead,ownlogs_thinkahead,frozen_lake,33,original,8,20,9,0.45,True
ownlogs,thinkahead,ownlogs_thinkahead,frozen_lake,33,updated,1,20,6,0.3,True
ownlogs,thinkahead,ownlogs_thinkahead,frozen_lake,33,updated,2,20,8,0.4,True
ownlogs,thinkahead,ownlogs_thinkahead,frozen_lake,33,updated,3,20,8,0.4,True
ownlogs,thinkahead,ownlogs_thinkahead,frozen_lake,33,updated,4,20,6,0.3,True
ownlogs,thinkahead,ownlogs_thinkahead,frozen_lake,33,updated,5,20,8,0.4,True
ownlogs,thinkahead,ownlogs_thinkahead,frozen_lake,33,updated,6,20,8,0.4,True
ownlogs,thinkahead,ownlogs_thinkahead,frozen_lake,33,updated,7,20,8,0.4,True
ownlogs,thinkahead,ownlogs_thinkahead,frozen_lake,33,updated,8,20,8,0.4,True
ownlogs,thinkahead,ownlogs_thinkahead,frozen_lake,34,original,1,20,8,0.4,True
ownlogs,thinkahead,ownlogs_thinkahead,frozen_lake,34,original,2,20,9,0.45,True
ownlogs,thinkahead,ownlogs_thinkahead,frozen_lake,34,original,3,20,8,0.4,True
ownlogs,thinkahead,ownlogs_thinkahead,frozen_lake,34,original,4,20,6,0.3,True
ownlogs,thinkahead,ownlogs_thinkahead,frozen_lake,34,original,5,20,8,0.4,True
ownlogs,thinkahead,ownlogs_thinkahead,frozen_lake,34,original,6,20,8,0.4,True
ownlogs,thinkahead,ownlogs_thinkahead,frozen_lake,34,original,7,20,8,0.4,True
ownlogs,thinkahead,ownlogs_thinkahead,frozen_lake,34,original,8,20,8,0.4,True
ownlogs,thinkahead,ownlogs_thinkahead,frozen_lake,34,updated,1,20,8,0.4,True
ownlogs,thinkahead,ownlogs_thinkahead,frozen_lake,34,updated,2,20,8,0.4,True
ownlogs,thinkahead,ownlogs_thinkahead,frozen_lake,34,updated,3,20,8,0.4,True
ownlogs,thinkahead,ownlogs_thinkahead,frozen_lake,34,updated,4,20,8,0.4,True
ownlogs,thinkahead,ownlogs_thinkahead,frozen_lake,34,updated,5,20,8,0.4,True
ownlogs,thinkahead,ownlogs_thinkahead,frozen_lake,34,updated,6,20,9,0.45,True
ownlogs,thinkahead,ownlogs_thinkahead,frozen_lake,34,updated,7,20,7,0.35,True
ownlogs,thinkahead,ownlogs_thinkahead,frozen_lake,34,updated,8,20,7,0.35,True
ownlogs,thinkahead,ownlogs_thinkahead,frozen_lake,35,original,1,20,8,0.4,True
ownlogs,thinkahead,ownlogs_thinkahead,frozen_lake,35,original,2,20,8,0.4,True
ownlogs,thinkahead,ownlogs_thinkahead,frozen_lake,35,original,3,20,8,0.4,True
ownlogs,thinkahead,ownlogs_thinkahead,frozen_lake,35,original,4,20,7,0.35,True
ownlogs,thinkahead,ownlogs_thinkahead,frozen_lake,35,original,5,20,5,0.25,True
ownlogs,thinkahead,ownlogs_thinkahead,frozen_lake,35,original,6,20,9,0.45,True
ownlogs,thinkahead,ownlogs_thinkahead,frozen_lake,35,original,7,20,6,0.3,True
ownlogs,thinkahead,ownlogs_thinkahead,frozen_lake,35,original,8,20,8,0.4,True
ownlogs,thinkahead,ownlogs_thinkahead,frozen_lake,35,updated,1,20,7,0.35,True
ownlogs,thinkahead,ownlogs_thinkahead,frozen_lake,35,updated,2,20,12,0.6,True
ownlogs,thinkahead,ownlogs_thinkahead,frozen_lake,35,updated,3,20,9,0.45,True
ownlogs,thinkahead,ownlogs_thinkahead,frozen_lake,35,updated,4,20,9,0.45,True
ownlogs,thinkahead,ownlogs_thinkahead,frozen_lake,35,updated,5,20,11,0.55,True
ownlogs,thinkahead,ownlogs_thinkahead,frozen_lake,35,updated,6,20,9,0.45,True
ownlogs,thinkahead,ownlogs_thinkahead,frozen_lake,35,updated,7,20,7,0.35,True
ownlogs,thinkahead,ownlogs_thinkahead,frozen_lake,35,updated,8,20,9,0.45,True
ownlogs,thinkahead,ownlogs_thinkahead,frozen_lake,36,original,1,20,7,0.35,True
ownlogs,thinkahead,ownlogs_thinkahead,frozen_lake,36,original,2,20,6,0.3,True
ownlogs,thinkahead,ownlogs_thinkahead,frozen_lake,36,original,3,20,8,0.4,True
ownlogs,thinkahead,ownlogs_thinkahead,frozen_lake,36,original,4,20,9,0.45,True
ownlogs,thinkahead,ownlogs_thinkahead,frozen_lake,36,original,5,20,7,0.35,True
ownlogs,thinkahead,ownlogs_thinkahead,frozen_lake,36,original,6,20,7,0.35,True
ownlogs,thinkahead,ownlogs_thinkahead,frozen_lake,36,original,7,20,5,0.25,True
ownlogs,thinkahead,ownlogs_thinkahead,frozen_lake,36,original,8,20,7,0.35,True
ownlogs,thinkahead,ownlogs_thinkahead,frozen_lake,36,updated,1,20,9,0.45,True
ownlogs,thinkahead,ownlogs_thinkahead,frozen_lake,36,updated,2,20,6,0.3,True
ownlogs,thinkahead,ownlogs_thinkahead,frozen_lake,36,updated,3,20,9,0.45,True
ownlogs,thinkahead,ownlogs_thinkahead,frozen_lake,36,updated,4,20,9,0.45,True
ownlogs,thinkahead,ownlogs_thinkahead,frozen_lake,36,updated,5,20,9,0.45,True
ownlogs,thinkahead,ownlogs_thinkahead,frozen_lake,36,updated,6,20,8,0.4,True
ownlogs,thinkahead,ownlogs_thinkahead,frozen_lake,36,updated,7,20,9,0.45,True
ownlogs,thinkahead,ownlogs_thinkahead,frozen_lake,36,updated,8,20,8,0.4,True
ownlogs,thinkahead,ownlogs_thinkahead,frozen_lake,37,original,1,20,9,0.45,True
ownlogs,thinkahead,ownlogs_thinkahead,frozen_lake,37,original,2,20,8,0.4,True
ownlogs,thinkahead,ownlogs_thinkahead,frozen_lake,37,original,3,20,8,0.4,True
ownlogs,thinkahead,ownlogs_thinkahead,frozen_lake,37,original,4,20,8,0.4,True
ownlogs,thinkahead,ownlogs_thinkahead,frozen_lake,37,original,5,20,8,0.4,True
ownlogs,thinkahead,ownlogs_thinkahead,frozen_lake,37,original,6,20,9,0.45,True
ownlogs,thinkahead,ownlogs_thinkahead,frozen_lake,37,original,7,20,8,0.4,True
ownlogs,thinkahead,ownlogs_thinkahead,frozen_lake,37,original,8,20,5,0.25,True
ownlogs,thinkahead,ownlogs_thinkahead,frozen_lake,37,updated,1,20,8,0.4,True
ownlogs,thinkahead,ownlogs_thinkahead,frozen_lake,37,updated,2,20,8,0.4,True
ownlogs,thinkahead,ownlogs_thinkahead,frozen_lake,37,updated,3,20,6,0.3,True
ownlogs,thinkahead,ownlogs_thinkahead,frozen_lake,37,updated,4,20,7,0.35,True
ownlogs,thinkahead,ownlogs_thinkahead,frozen_lake,37,updated,5,20,8,0.4,True
ownlogs,thinkahead,ownlogs_thinkahead,frozen_lake,37,updated,6,20,9,0.45,True
ownlogs,thinkahead,ownlogs_thinkahead,frozen_lake,37,updated,7,20,9,0.45,True
ownlogs,thinkahead,ownlogs_thinkahead,frozen_lake,37,updated,8,20,8,0.4,True
ownlogs,thinkahead,ownlogs_thinkahead,frozen_lake,38,original,1,20,9,0.45,True
ownlogs,thinkahead,ownlogs_thinkahead,frozen_lake,38,original,2,20,8,0.4,True
ownlogs,thinkahead,ownlogs_thinkahead,frozen_lake,38,original,3,20,9,0.45,True
ownlogs,thinkahead,ownlogs_thinkahead,frozen_lake,38,original,4,20,6,0.3,True
ownlogs,thinkahead,ownlogs_thinkahead,frozen_lake,38,original,5,20,8,0.4,True
ownlogs,thinkahead,ownlogs_thinkahead,frozen_lake,38,original,6,20,7,0.35,True
ownlogs,thinkahead,ownlogs_thinkahead,frozen_lake,38,original,7,20,7,0.35,True
ownlogs,thinkahead,ownlogs_thinkahead,frozen_lake,38,original,8,20,8,0.4,True
ownlogs,thinkahead,ownlogs_thinkahead,frozen_lake,38,updated,1,20,7,0.35,True
ownlogs,thinkahead,ownlogs_thinkahead,frozen_lake,38,updated,2,20,8,0.4,True
ownlogs,thinkahead,ownlogs_thinkahead,frozen_lake,38,updated,3,20,7,0.35,True
ownlogs,thinkahead,ownlogs_thinkahead,frozen_lake,38,updated,4,20,6,0.3,True
ownlogs,thinkahead,ownlogs_thinkahead,frozen_lake,38,updated,5,20,5,0.25,True
ownlogs,thinkahead,ownlogs_thinkahead,frozen_lake,38,updated,6,20,8,0.4,True
ownlogs,thinkahead,ownlogs_thinkahead,frozen_lake,38,updated,7,20,10,0.5,True
ownlogs,thinkahead,ownlogs_thinkahead,frozen_lake,38,updated,8,20,6,0.3,True
ownlogs,thinkahead,ownlogs_thinkahead,frozen_lake,39,original,1,20,8,0.4,True
ownlogs,thinkahead,ownlogs_thinkahead,frozen_lake,39,original,2,20,8,0.4,True
ownlogs,thinkahead,ownlogs_thinkahead,frozen_lake,39,original,3,20,10,0.5,True
ownlogs,thinkahead,ownlogs_thinkahead,frozen_lake,39,original,4,20,9,0.45,True
ownlogs,thinkahead,ownlogs_thinkahead,frozen_lake,39,original,5,20,9,0.45,True
ownlogs,thinkahead,ownlogs_thinkahead,frozen_lake,39,original,6,20,8,0.4,True
ownlogs,thinkahead,ownlogs_thinkahead,frozen_lake,39,original,7,20,8,0.4,True
ownlogs,thinkahead,ownlogs_thinkahead,frozen_lake,39,original,8,20,7,0.35,True
ownlogs,thinkahead,ownlogs_thinkahead,frozen_lake,39,updated,1,20,9,0.45,True
ownlogs,thinkahead,ownlogs_thinkahead,frozen_lake,39,updated,2,20,9,0.45,True
ownlogs,thinkahead,ownlogs_thinkahead,frozen_lake,39,updated,3,20,6,0.3,True
ownlogs,thinkahead,ownlogs_thinkahead,frozen_lake,39,updated,4,20,6,0.3,True
ownlogs,thinkahead,ownlogs_thinkahead,frozen_lake,39,updated,5,20,8,0.4,True
ownlogs,thinkahead,ownlogs_thinkahead,frozen_lake,39,updated,6,20,6,0.3,True
ownlogs,thinkahead,ownlogs_thinkahead,frozen_lake,39,updated,7,20,9,0.45,True
ownlogs,thinkahead,ownlogs_thinkahead,frozen_lake,39,updated,8,20,8,0.4,True
ownlogs,thinkahead,ownlogs_thinkahead,frozen_lake,40,original,1,20,8,0.4,True
ownlogs,thinkahead,ownlogs_thinkahead,frozen_lake,40,original,2,20,7,0.35,True
ownlogs,thinkahead,ownlogs_thinkahead,frozen_lake,40,original,3,20,6,0.3,True
ownlogs,thinkahead,ownlogs_thinkahead,frozen_lake,40,original,4,20,8,0.4,True
ownlogs,thinkahead,ownlogs_thinkahead,frozen_lake,40,original,5,20,5,0.25,True
ownlogs,thinkahead,ownlogs_thinkahead,frozen_lake,40,original,6,20,8,0.4,True
ownlogs,thinkahead,ownlogs_thinkahead,frozen_lake,40,original,7,20,8,0.4,True
ownlogs,thinkahead,ownlogs_thinkahead,frozen_lake,40,original,8,20,6,0.3,True
ownlogs,thinkahead,ownlogs_thinkahead,frozen_lake,40,updated,1,20,8,0.4,True
ownlogs,thinkahead,ownlogs_thinkahead,frozen_lake,40,updated,2,20,6,0.3,True
ownlogs,thinkahead,ownlogs_thinkahead,frozen_lake,40,updated,3,20,7,0.35,True
ownlogs,thinkahead,ownlogs_thinkahead,frozen_lake,40,updated,4,20,5,0.25,True
ownlogs,thinkahead,ownlogs_thinkahead,frozen_lake,40,updated,5,20,8,0.4,True
ownlogs,thinkahead,ownlogs_thinkahead,frozen_lake,40,updated,6,20,10,0.5,True
ownlogs,thinkahead,ownlogs_thinkahead,frozen_lake,40,updated,7,20,7,0.35,True
ownlogs,thinkahead,ownlogs_thinkahead,frozen_lake,40,updated,8,20,7,0.35,True
ownlogs,thinkahead,ownlogs_thinkahead,sokoban,1,original,1,20,7,0.35,True
ownlogs,thinkahead,ownlogs_thinkahead,sokoban,1,original,2,20,6,0.3,True
ownlogs,thinkahead,ownlogs_thinkahead,sokoban,1,original,3,20,6,0.3,True
ownlogs,thinkahead,ownlogs_thinkahead,sokoban,1,original,4,20,5,0.25,True
ownlogs,thinkahead,ownlogs_thinkahead,sokoban,1,original,5,20,5,0.25,True
ownlogs,thinkahead,ownlogs_thinkahead,sokoban,1,original,6,20,5,0.25,True
ownlogs,thinkahead,ownlogs_thinkahead,sokoban,1,original,7,20,7,0.35,True
ownlogs,thinkahead,ownlogs_thinkahead,sokoban,1,original,8,20,6,0.3,True
ownlogs,thinkahead,ownlogs_thinkahead,sokoban,1,updated,1,20,8,0.4,True
ownlogs,thinkahead,ownlogs_thinkahead,sokoban,1,updated,2,20,7,0.35,True
ownlogs,thinkahead,ownlogs_thinkahead,sokoban,1,updated,3,20,11,0.55,True
ownlogs,thinkahead,ownlogs_thinkahead,sokoban,1,updated,4,20,9,0.45,True
ownlogs,thinkahead,ownlogs_thinkahead,sokoban,1,updated,5,20,9,0.45,True
ownlogs,thinkahead,ownlogs_thinkahead,sokoban,1,updated,6,20,7,0.35,True
ownlogs,thinkahead,ownlogs_thinkahead,sokoban,1,updated,7,20,6,0.3,True
ownlogs,thinkahead,ownlogs_thinkahead,sokoban,1,updated,8,20,12,0.6,True
ownlogs,thinkahead,ownlogs_thinkahead,sokoban,2,original,1,20,11,0.55,True
ownlogs,thinkahead,ownlogs_thinkahead,sokoban,2,original,2,20,7,0.35,True
ownlogs,thinkahead,ownlogs_thinkahead,sokoban,2,original,3,20,7,0.35,True
ownlogs,thinkahead,ownlogs_thinkahead,sokoban,2,original,4,20,10,0.5,True
ownlogs,thinkahead,ownlogs_thinkahead,sokoban,2,original,5,20,8,0.4,True
ownlogs,thinkahead,ownlogs_thinkahead,sokoban,2,original,6,20,11,0.55,True
ownlogs,thinkahead,ownlogs_thinkahead,sokoban,2,original,7,20,9,0.45,True
ownlogs,thinkahead,ownlogs_thinkahead,sokoban,2,original,8,20,8,0.4,True
ownlogs,thinkahead,ownlogs_thinkahead,sokoban,2,updated,1,20,12,0.6,True
ownlogs,thinkahead,ownlogs_thinkahead,sokoban,2,updated,2,20,9,0.45,True
ownlogs,thinkahead,ownlogs_thinkahead,sokoban,2,updated,3,20,8,0.4,True
ownlogs,thinkahead,ownlogs_thinkahead,sokoban,2,updated,4,20,8,0.4,True
ownlogs,thinkahead,ownlogs_thinkahead,sokoban,2,updated,5,20,7,0.35,True
ownlogs,thinkahead,ownlogs_thinkahead,sokoban,2,updated,6,20,9,0.45,True
ownlogs,thinkahead,ownlogs_thinkahead,sokoban,2,updated,7,20,7,0.35,True
ownlogs,thinkahead,ownlogs_thinkahead,sokoban,2,updated,8,20,9,0.45,True
ownlogs,thinkahead,ownlogs_thinkahead,sokoban,3,original,1,20,7,0.35,True
ownlogs,thinkahead,ownlogs_thinkahead,sokoban,3,original,2,20,10,0.5,True
ownlogs,thinkahead,ownlogs_thinkahead,sokoban,3,original,3,20,10,0.5,True
ownlogs,thinkahead,ownlogs_thinkahead,sokoban,3,original,4,20,8,0.4,True
ownlogs,thinkahead,ownlogs_thinkahead,sokoban,3,original,5,20,7,0.35,True
ownlogs,thinkahead,ownlogs_thinkahead,sokoban,3,original,6,20,7,0.35,True
ownlogs,thinkahead,ownlogs_thinkahead,sokoban,3,original,7,20,8,0.4,True
ownlogs,thinkahead,ownlogs_thinkahead,sokoban,3,original,8,20,7,0.35,True
ownlogs,thinkahead,ownlogs_thinkahead,sokoban,3,updated,1,20,9,0.45,True
ownlogs,thinkahead,ownlogs_thinkahead,sokoban,3,updated,2,20,8,0.4,True
ownlogs,thinkahead,ownlogs_thinkahead,sokoban,3,updated,3,20,5,0.25,True
ownlogs,thinkahead,ownlogs_thinkahead,sokoban,3,updated,4,20,8,0.4,True
ownlogs,thinkahead,ownlogs_thinkahead,sokoban,3,updated,5,20,9,0.45,True
ownlogs,thinkahead,ownlogs_thinkahead,sokoban,3,updated,6,20,7,0.35,True
ownlogs,thinkahead,ownlogs_thinkahead,sokoban,3,updated,7,20,8,0.4,True
ownlogs,thinkahead,ownlogs_thinkahead,sokoban,3,updated,8,20,9,0.45,True
ownlogs,thinkahead,ownlogs_thinkahead,sokoban,4,original,1,20,6,0.3,True
ownlogs,thinkahead,ownlogs_thinkahead,sokoban,4,original,2,20,8,0.4,True
ownlogs,thinkahead,ownlogs_thinkahead,sokoban,4,original,3,20,5,0.25,True
ownlogs,thinkahead,ownlogs_thinkahead,sokoban,4,original,4,20,8,0.4,True
ownlogs,thinkahead,ownlogs_thinkahead,sokoban,4,original,5,20,6,0.3,True
ownlogs,thinkahead,ownlogs_thinkahead,sokoban,4,original,6,20,7,0.35,True
ownlogs,thinkahead,ownlogs_thinkahead,sokoban,4,original,7,20,10,0.5,True
ownlogs,thinkahead,ownlogs_thinkahead,sokoban,4,original,8,20,6,0.3,True
ownlogs,thinkahead,ownlogs_thinkahead,sokoban,4,updated,1,20,8,0.4,True
ownlogs,thinkahead,ownlogs_thinkahead,sokoban,4,updated,2,20,6,0.3,True
ownlogs,thinkahead,ownlogs_thinkahead,sokoban,4,updated,3,20,6,0.3,True
ownlogs,thinkahead,ownlogs_thinkahead,sokoban,4,updated,4,20,9,0.45,True
ownlogs,thinkahead,ownlogs_thinkahead,sokoban,4,updated,5,20,8,0.4,True
ownlogs,thinkahead,ownlogs_thinkahead,sokoban,4,updated,6,20,7,0.35,True
ownlogs,thinkahead,ownlogs_thinkahead,sokoban,4,updated,7,20,8,0.4,True
ownlogs,thinkahead,ownlogs_thinkahead,sokoban,4,updated,8,20,5,0.25,True
ownlogs,thinkahead,ownlogs_thinkahead,sokoban,5,original,1,20,5,0.25,True
ownlogs,thinkahead,ownlogs_thinkahead,sokoban,5,original,2,20,8,0.4,True
ownlogs,thinkahead,ownlogs_thinkahead,sokoban,5,original,3,20,7,0.35,True
ownlogs,thinkahead,ownlogs_thinkahead,sokoban,5,original,4,20,7,0.35,True
ownlogs,thinkahead,ownlogs_thinkahead,sokoban,5,original,5,20,6,0.3,True
ownlogs,thinkahead,ownlogs_thinkahead,sokoban,5,original,6,20,5,0.25,True
ownlogs,thinkahead,ownlogs_thinkahead,sokoban,5,original,7,20,5,0.25,True
ownlogs,thinkahead,ownlogs_thinkahead,sokoban,5,original,8,20,6,0.3,True
ownlogs,thinkahead,ownlogs_thinkahead,sokoban,5,updated,1,20,9,0.45,True
ownlogs,thinkahead,ownlogs_thinkahead,sokoban,5,updated,2,20,8,0.4,True
ownlogs,thinkahead,ownlogs_thinkahead,sokoban,5,updated,3,20,8,0.4,True
ownlogs,thinkahead,ownlogs_thinkahead,sokoban,5,updated,4,20,6,0.3,True
ownlogs,thinkahead,ownlogs_thinkahead,sokoban,5,updated,5,20,5,0.25,True
ownlogs,thinkahead,ownlogs_thinkahead,sokoban,5,updated,6,20,7,0.35,True
ownlogs,thinkahead,ownlogs_thinkahead,sokoban,5,updated,7,20,7,0.35,True
ownlogs,thinkahead,ownlogs_thinkahead,sokoban,5,updated,8,20,10,0.5,True
ownlogs,thinkahead,ownlogs_thinkahead,sokoban,6,original,1,20,6,0.3,True
ownlogs,thinkahead,ownlogs_thinkahead,sokoban,6,original,2,20,5,0.25,True
ownlogs,thinkahead,ownlogs_thinkahead,sokoban,6,original,3,20,6,0.3,True
ownlogs,thinkahead,ownlogs_thinkahead,sokoban,6,original,4,20,7,0.35,True
ownlogs,thinkahead,ownlogs_thinkahead,sokoban,6,original,5,20,5,0.25,True
ownlogs,thinkahead,ownlogs_thinkahead,sokoban,6,original,6,20,9,0.45,True
ownlogs,thinkahead,ownlogs_thinkahead,sokoban,6,original,7,20,6,0.3,True
ownlogs,thinkahead,ownlogs_thinkahead,sokoban,6,original,8,20,6,0.3,True
ownlogs,thinkahead,ownlogs_thinkahead,sokoban,6,updated,1,20,5,0.25,True
ownlogs,thinkahead,ownlogs_thinkahead,sokoban,6,updated,2,20,4,0.2,True
ownlogs,thinkahead,ownlogs_thinkahead,sokoban,6,updated,3,20,4,0.2,True
ownlogs,thinkahead,ownlogs_thinkahead,sokoban,6,updated,4,20,4,0.2,True
ownlogs,thinkahead,ownlogs_thinkahead,sokoban,6,updated,5,20,7,0.35,True
ownlogs,thinkahead,ownlogs_thinkahead,sokoban,6,updated,6,20,5,0.25,True
ownlogs,thinkahead,ownlogs_thinkahead,sokoban,6,updated,7,20,6,0.3,True
ownlogs,thinkahead,ownlogs_thinkahead,sokoban,6,updated,8,20,5,0.25,True
ownlogs,thinkahead,ownlogs_thinkahead,sokoban,7,original,1,20,6,0.3,True
ownlogs,thinkahead,ownlogs_thinkahead,sokoban,7,original,2,20,6,0.3,True
ownlogs,thinkahead,ownlogs_thinkahead,sokoban,7,original,3,20,4,0.2,True
ownlogs,thinkahead,ownlogs_thinkahead,sokoban,7,original,4,20,8,0.4,True
ownlogs,thinkahead,ownlogs_thinkahead,sokoban,7,original,5,20,8,0.4,True
ownlogs,thinkahead,ownlogs_thinkahead,sokoban,7,original,6,20,7,0.35,True
ownlogs,thinkahead,ownlogs_thinkahead,sokoban,7,original,7,20,7,0.35,True
ownlogs,thinkahead,ownlogs_thinkahead,sokoban,7,original,8,7,3,0.42857142857142855,False
ownlogs,thinkahead,ownlogs_thinkahead,sokoban,7,updated,1,20,7,0.35,True
ownlogs,thinkahead,ownlogs_thinkahead,sokoban,7,updated,2,20,8,0.4,True
ownlogs,thinkahead,ownlogs_thinkahead,sokoban,7,updated,3,20,4,0.2,True
ownlogs,thinkahead,ownlogs_thinkahead,sokoban,7,updated,4,20,6,0.3,True
ownlogs,thinkahead,ownlogs_thinkahead,sokoban,7,updated,5,20,6,0.3,True
ownlogs,thinkahead,ownlogs_thinkahead,sokoban,7,updated,6,20,8,0.4,True
ownlogs,thinkahead,ownlogs_thinkahead,sokoban,7,updated,7,20,7,0.35,True
ownlogs,thinkahead,ownlogs_thinkahead,sokoban,7,updated,8,6,3,0.5,False
ownlogs,thinkahead,ownlogs_thinkahead,sokoban,8,original,1,20,8,0.4,True
ownlogs,thinkahead,ownlogs_thinkahead,sokoban,8,original,2,20,5,0.25,True
ownlogs,thinkahead,ownlogs_thinkahead,sokoban,8,original,3,20,5,0.25,True
ownlogs,thinkahead,ownlogs_thinkahead,sokoban,8,original,4,20,5,0.25,True
ownlogs,thinkahead,ownlogs_thinkahead,sokoban,8,original,5,20,10,0.5,True
ownlogs,thinkahead,ownlogs_thinkahead,sokoban,8,original,6,20,3,0.15,True
ownlogs,thinkahead,ownlogs_thinkahead,sokoban,8,original,7,20,5,0.25,True
ownlogs,thinkahead,ownlogs_thinkahead,sokoban,8,original,8,20,7,0.35,True
ownlogs,thinkahead,ownlogs_thinkahead,sokoban,8,updated,1,20,7,0.35,True
ownlogs,thinkahead,ownlogs_thinkahead,sokoban,8,updated,2,20,4,0.2,True
ownlogs,thinkahead,ownlogs_thinkahead,sokoban,8,updated,3,20,6,0.3,True
ownlogs,thinkahead,ownlogs_thinkahead,sokoban,8,updated,4,20,6,0.3,True
ownlogs,thinkahead,ownlogs_thinkahead,sokoban,8,updated,5,20,7,0.35,True
ownlogs,thinkahead,ownlogs_thinkahead,sokoban,8,updated,6,20,9,0.45,True
ownlogs,thinkahead,ownlogs_thinkahead,sokoban,8,updated,7,20,7,0.35,True
ownlogs,thinkahead,ownlogs_thinkahead,sokoban,8,updated,8,20,6,0.3,True
ownlogs,thinkahead,ownlogs_thinkahead,sokoban,9,original,1,20,6,0.3,True
ownlogs,thinkahead,ownlogs_thinkahead,sokoban,9,original,2,20,5,0.25,True
ownlogs,thinkahead,ownlogs_thinkahead,sokoban,9,original,3,20,7,0.35,True
ownlogs,thinkahead,ownlogs_thinkahead,sokoban,9,original,4,20,6,0.3,True
ownlogs,thinkahead,ownlogs_thinkahead,sokoban,9,original,5,20,7,0.35,True
ownlogs,thinkahead,ownlogs_thinkahead,sokoban,9,original,6,20,4,0.2,True
ownlogs,thinkahead,ownlogs_thinkahead,sokoban,9,original,7,20,8,0.4,True
ownlogs,thinkahead,ownlogs_thinkahead,sokoban,9,original,8,20,5,0.25,True
ownlogs,thinkahead,ownlogs_thinkahead,sokoban,9,updated,1,20,7,0.35,True
ownlogs,thinkahead,ownlogs_thinkahead,sokoban,9,updated,2,20,7,0.35,True
ownlogs,thinkahead,ownlogs_thinkahead,sokoban,9,updated,3,20,6,0.3,True
ownlogs,thinkahead,ownlogs_thinkahead,sokoban,9,updated,4,20,4,0.2,True
ownlogs,thinkahead,ownlogs_thinkahead,sokoban,9,updated,5,20,8,0.4,True
ownlogs,thinkahead,ownlogs_thinkahead,sokoban,9,updated,6,20,7,0.35,True
ownlogs,thinkahead,ownlogs_thinkahead,sokoban,9,updated,7,20,7,0.35,True
ownlogs,thinkahead,ownlogs_thinkahead,sokoban,9,updated,8,20,6,0.3,True
ownlogs,thinkahead,ownlogs_thinkahead,sokoban,10,original,1,20,6,0.3,True
ownlogs,thinkahead,ownlogs_thinkahead,sokoban,10,original,2,20,8,0.4,True
ownlogs,thinkahead,ownlogs_thinkahead,sokoban,10,original,3,20,6,0.3,True
ownlogs,thinkahead,ownlogs_thinkahead,sokoban,10,original,4,20,5,0.25,True
ownlogs,thinkahead,ownlogs_thinkahead,sokoban,10,original,5,20,7,0.35,True
ownlogs,thinkahead,ownlogs_thinkahead,sokoban,10,original,6,20,5,0.25,True
ownlogs,thinkahead,ownlogs_thinkahead,sokoban,10,original,7,20,7,0.35,True
ownlogs,thinkahead,ownlogs_thinkahead,sokoban,10,original,8,20,7,0.35,True
ownlogs,thinkahead,ownlogs_thinkahead,sokoban,10,updated,1,20,6,0.3,True
ownlogs,thinkahead,ownlogs_thinkahead,sokoban,10,updated,2,20,7,0.35,True
ownlogs,thinkahead,ownlogs_thinkahead,sokoban,10,updated,3,20,8,0.4,True
ownlogs,thinkahead,ownlogs_thinkahead,sokoban,10,updated,4,20,6,0.3,True
ownlogs,thinkahead,ownlogs_thinkahead,sokoban,10,updated,5,20,4,0.2,True
ownlogs,thinkahead,ownlogs_thinkahead,sokoban,10,updated,6,20,7,0.35,True
ownlogs,thinkahead,ownlogs_thinkahead,sokoban,10,updated,7,20,7,0.35,True
ownlogs,thinkahead,ownlogs_thinkahead,sokoban,10,updated,8,20,6,0.3,True
ownlogs,thinkahead,ownlogs_thinkahead,sokoban,12,original,1,20,6,0.3,True
ownlogs,thinkahead,ownlogs_thinkahead,sokoban,12,original,2,20,6,0.3,True
ownlogs,thinkahead,ownlogs_thinkahead,sokoban,12,original,3,20,6,0.3,True
ownlogs,thinkahead,ownlogs_thinkahead,sokoban,12,original,4,20,8,0.4,True
ownlogs,thinkahead,ownlogs_thinkahead,sokoban,12,original,5,20,7,0.35,True
ownlogs,thinkahead,ownlogs_thinkahead,sokoban,12,original,6,20,6,0.3,True
ownlogs,thinkahead,ownlogs_thinkahead,sokoban,12,original,7,20,5,0.25,True
ownlogs,thinkahead,ownlogs_thinkahead,sokoban,12,original,8,20,8,0.4,True
ownlogs,thinkahead,ownlogs_thinkahead,sokoban,12,updated,1,20,7,0.35,True
ownlogs,thinkahead,ownlogs_thinkahead,sokoban,12,updated,2,20,9,0.45,True
ownlogs,thinkahead,ownlogs_thinkahead,sokoban,12,updated,3,20,7,0.35,True
ownlogs,thinkahead,ownlogs_thinkahead,sokoban,12,updated,4,20,8,0.4,True
ownlogs,thinkahead,ownlogs_thinkahead,sokoban,12,updated,5,20,5,0.25,True
ownlogs,thinkahead,ownlogs_thinkahead,sokoban,12,updated,6,20,7,0.35,True
ownlogs,thinkahead,ownlogs_thinkahead,sokoban,12,updated,7,20,3,0.15,True
ownlogs,thinkahead,ownlogs_thinkahead,sokoban,12,updated,8,20,6,0.3,True
ownlogs,thinkahead,ownlogs_thinkahead,sokoban,13,original,1,20,5,0.25,True
ownlogs,thinkahead,ownlogs_thinkahead,sokoban,13,original,2,20,6,0.3,True
ownlogs,thinkahead,ownlogs_thinkahead,sokoban,13,original,3,20,6,0.3,True
ownlogs,thinkahead,ownlogs_thinkahead,sokoban,13,original,4,20,5,0.25,True
ownlogs,thinkahead,ownlogs_thinkahead,sokoban,13,original,5,20,6,0.3,True
ownlogs,thinkahead,ownlogs_thinkahead,sokoban,13,original,6,20,6,0.3,True
ownlogs,thinkahead,ownlogs_thinkahead,sokoban,13,original,7,20,4,0.2,True
ownlogs,thinkahead,ownlogs_thinkahead,sokoban,13,original,8,20,5,0.25,True
ownlogs,thinkahead,ownlogs_thinkahead,sokoban,13,updated,1,20,7,0.35,True
ownlogs,thinkahead,ownlogs_thinkahead,sokoban,13,updated,2,20,5,0.25,True
ownlogs,thinkahead,ownlogs_thinkahead,sokoban,13,updated,3,20,8,0.4,True
ownlogs,thinkahead,ownlogs_thinkahead,sokoban,13,updated,4,20,7,0.35,True
ownlogs,thinkahead,ownlogs_thinkahead,sokoban,13,updated,5,20,7,0.35,True
ownlogs,thinkahead,ownlogs_thinkahead,sokoban,13,updated,6,20,5,0.25,True
ownlogs,thinkahead,ownlogs_thinkahead,sokoban,13,updated,7,20,8,0.4,True
ownlogs,thinkahead,ownlogs_thinkahead,sokoban,13,updated,8,20,7,0.35,True
ownlogs,thinkahead,ownlogs_thinkahead,sokoban,14,original,1,20,6,0.3,True
ownlogs,thinkahead,ownlogs_thinkahead,sokoban,14,original,2,20,6,0.3,True
ownlogs,thinkahead,ownlogs_thinkahead,sokoban,14,original,3,20,6,0.3,True
ownlogs,thinkahead,ownlogs_thinkahead,sokoban,14,original,4,20,8,0.4,True
ownlogs,thinkahead,ownlogs_thinkahead,sokoban,14,original,5,20,8,0.4,True
ownlogs,thinkahead,ownlogs_thinkahead,sokoban,14,original,6,20,6,0.3,True
ownlogs,thinkahead,ownlogs_thinkahead,sokoban,14,original,7,20,5,0.25,True
ownlogs,thinkahead,ownlogs_thinkahead,sokoban,14,original,8,20,5,0.25,True
ownlogs,thinkahead,ownlogs_thinkahead,sokoban,14,updated,1,20,7,0.35,True
ownlogs,thinkahead,ownlogs_thinkahead,sokoban,14,updated,2,20,8,0.4,True
ownlogs,thinkahead,ownlogs_thinkahead,sokoban,14,updated,3,20,6,0.3,True
ownlogs,thinkahead,ownlogs_thinkahead,sokoban,14,updated,4,20,6,0.3,True
ownlogs,thinkahead,ownlogs_thinkahead,sokoban,14,updated,5,20,6,0.3,True
ownlogs,thinkahead,ownlogs_thinkahead,sokoban,14,updated,6,20,7,0.35,True
ownlogs,thinkahead,ownlogs_thinkahead,sokoban,14,updated,7,20,7,0.35,True
ownlogs,thinkahead,ownlogs_thinkahead,sokoban,14,updated,8,20,7,0.35,True
ownlogs,thinkahead,ownlogs_thinkahead,sokoban,16,original,1,6,4,0.6666666666666666,False
ownlogs,thinkahead,ownlogs_thinkahead,sokoban,16,updated,1,6,3,0.5,False
ownlogs,thinkahead,ownlogs_thinkahead,sokoban,17,original,1,20,6,0.3,True
ownlogs,thinkahead,ownlogs_thinkahead,sokoban,17,original,2,20,6,0.3,True
ownlogs,thinkahead,ownlogs_thinkahead,sokoban,17,original,3,20,6,0.3,True
ownlogs,thinkahead,ownlogs_thinkahead,sokoban,17,original,4,20,5,0.25,True
ownlogs,thinkahead,ownlogs_thinkahead,sokoban,17,original,5,20,7,0.35,True
ownlogs,thinkahead,ownlogs_thinkahead,sokoban,17,original,6,20,5,0.25,True
ownlogs,thinkahead,ownlogs_thinkahead,sokoban,17,original,7,20,4,0.2,True
ownlogs,thinkahead,ownlogs_thinkahead,sokoban,17,original,8,20,5,0.25,True
ownlogs,thinkahead,ownlogs_thinkahead,sokoban,17,updated,1,20,8,0.4,True
ownlogs,thinkahead,ownlogs_thinkahead,sokoban,17,updated,2,20,4,0.2,True
ownlogs,thinkahead,ownlogs_thinkahead,sokoban,17,updated,3,20,5,0.25,True
ownlogs,thinkahead,ownlogs_thinkahead,sokoban,17,updated,4,20,7,0.35,True
ownlogs,thinkahead,ownlogs_thinkahead,sokoban,17,updated,5,20,8,0.4,True
ownlogs,thinkahead,ownlogs_thinkahead,sokoban,17,updated,6,20,6,0.3,True
ownlogs,thinkahead,ownlogs_thinkahead,sokoban,17,updated,7,20,4,0.2,True
ownlogs,thinkahead,ownlogs_thinkahead,sokoban,17,updated,8,20,9,0.45,True
ownlogs,thinkahead,ownlogs_thinkahead,sokoban,18,original,1,20,6,0.3,True
ownlogs,thinkahead,ownlogs_thinkahead,sokoban,18,original,2,20,4,0.2,True
ownlogs,thinkahead,ownlogs_thinkahead,sokoban,18,original,3,20,7,0.35,True
ownlogs,thinkahead,ownlogs_thinkahead,sokoban,18,original,4,20,6,0.3,True
ownlogs,thinkahead,ownlogs_thinkahead,sokoban,18,original,5,20,6,0.3,True
ownlogs,thinkahead,ownlogs_thinkahead,sokoban,18,original,6,20,6,0.3,True
ownlogs,thinkahead,ownlogs_thinkahead,sokoban,18,original,7,20,5,0.25,True
ownlogs,thinkahead,ownlogs_thinkahead,sokoban,18,original,8,20,5,0.25,True
ownlogs,thinkahead,ownlogs_thinkahead,sokoban,18,updated,1,20,4,0.2,True
ownlogs,thinkahead,ownlogs_thinkahead,sokoban,18,updated,2,20,5,0.25,True
ownlogs,thinkahead,ownlogs_thinkahead,sokoban,18,updated,3,20,6,0.3,True
ownlogs,thinkahead,ownlogs_thinkahead,sokoban,18,updated,4,20,5,0.25,True
ownlogs,thinkahead,ownlogs_thinkahead,sokoban,18,updated,5,20,8,0.4,True
ownlogs,thinkahead,ownlogs_thinkahead,sokoban,18,updated,6,20,5,0.25,True
ownlogs,thinkahead,ownlogs_thinkahead,sokoban,18,updated,7,20,6,0.3,True
ownlogs,thinkahead,ownlogs_thinkahead,sokoban,18,updated,8,20,7,0.35,True
ownlogs,thinkahead,ownlogs_thinkahead,sokoban,21,original,1,20,5,0.25,True
ownlogs,thinkahead,ownlogs_thinkahead,sokoban,21,original,2,20,8,0.4,True
ownlogs,thinkahead,ownlogs_thinkahead,sokoban,21,original,3,20,3,0.15,True
ownlogs,thinkahead,ownlogs_thinkahead,sokoban,21,original,4,20,5,0.25,True
ownlogs,thinkahead,ownlogs_thinkahead,sokoban,21,original,5,20,6,0.3,True
ownlogs,thinkahead,ownlogs_thinkahead,sokoban,21,original,6,20,6,0.3,True
ownlogs,thinkahead,ownlogs_thinkahead,sokoban,21,original,7,20,6,0.3,True
ownlogs,thinkahead,ownlogs_thinkahead,sokoban,21,original,8,20,6,0.3,True
ownlogs,thinkahead,ownlogs_thinkahead,sokoban,21,updated,1,20,5,0.25,True
ownlogs,thinkahead,ownlogs_thinkahead,sokoban,21,updated,2,20,6,0.3,True
ownlogs,thinkahead,ownlogs_thinkahead,sokoban,21,updated,3,20,5,0.25,True
ownlogs,thinkahead,ownlogs_thinkahead,sokoban,21,updated,4,20,6,0.3,True
ownlogs,thinkahead,ownlogs_thinkahead,sokoban,21,updated,5,20,6,0.3,True
ownlogs,thinkahead,ownlogs_thinkahead,sokoban,21,updated,6,20,6,0.3,True
ownlogs,thinkahead,ownlogs_thinkahead,sokoban,21,updated,7,20,7,0.35,True
ownlogs,thinkahead,ownlogs_thinkahead,sokoban,21,updated,8,20,4,0.2,True
ownlogs,thinkahead,ownlogs_thinkahead,sokoban,22,original,1,20,8,0.4,True
ownlogs,thinkahead,ownlogs_thinkahead,sokoban,22,original,2,20,4,0.2,True
ownlogs,thinkahead,ownlogs_thinkahead,sokoban,22,original,3,20,4,0.2,True
ownlogs,thinkahead,ownlogs_thinkahead,sokoban,22,original,4,20,5,0.25,True
ownlogs,thinkahead,ownlogs_thinkahead,sokoban,22,original,5,20,6,0.3,True
ownlogs,thinkahead,ownlogs_thinkahead,sokoban,22,original,6,20,7,0.35,True
ownlogs,thinkahead,ownlogs_thinkahead,sokoban,22,original,7,20,6,0.3,True
ownlogs,thinkahead,ownlogs_thinkahead,sokoban,22,original,8,20,8,0.4,True
ownlogs,thinkahead,ownlogs_thinkahead,sokoban,22,updated,1,20,4,0.2,True
ownlogs,thinkahead,ownlogs_thinkahead,sokoban,22,updated,2,20,5,0.25,True
ownlogs,thinkahead,ownlogs_thinkahead,sokoban,22,updated,3,20,5,0.25,True
ownlogs,thinkahead,ownlogs_thinkahead,sokoban,22,updated,4,20,5,0.25,True
ownlogs,thinkahead,ownlogs_thinkahead,sokoban,22,updated,5,20,6,0.3,True
ownlogs,thinkahead,ownlogs_thinkahead,sokoban,22,updated,6,20,10,0.5,True
ownlogs,thinkahead,ownlogs_thinkahead,sokoban,22,updated,7,20,6,0.3,True
ownlogs,thinkahead,ownlogs_thinkahead,sokoban,22,updated,8,20,9,0.45,True
ownlogs,thinkahead,ownlogs_thinkahead,sokoban,25,original,1,20,7,0.35,True
ownlogs,thinkahead,ownlogs_thinkahead,sokoban,25,original,2,20,6,0.3,True
ownlogs,thinkahead,ownlogs_thinkahead,sokoban,25,original,3,20,5,0.25,True
ownlogs,thinkahead,ownlogs_thinkahead,sokoban,25,original,4,20,5,0.25,True
ownlogs,thinkahead,ownlogs_thinkahead,sokoban,25,original,5,20,5,0.25,True
ownlogs,thinkahead,ownlogs_thinkahead,sokoban,25,original,6,20,5,0.25,True
ownlogs,thinkahead,ownlogs_thinkahead,sokoban,25,original,7,20,5,0.25,True
ownlogs,thinkahead,ownlogs_thinkahead,sokoban,25,original,8,20,5,0.25,True
ownlogs,thinkahead,ownlogs_thinkahead,sokoban,25,updated,1,20,8,0.4,True
ownlogs,thinkahead,ownlogs_thinkahead,sokoban,25,updated,2,20,5,0.25,True
ownlogs,thinkahead,ownlogs_thinkahead,sokoban,25,updated,3,20,5,0.25,True
ownlogs,thinkahead,ownlogs_thinkahead,sokoban,25,updated,4,20,7,0.35,True
ownlogs,thinkahead,ownlogs_thinkahead,sokoban,25,updated,5,20,5,0.25,True
ownlogs,thinkahead,ownlogs_thinkahead,sokoban,25,updated,6,20,8,0.4,True
ownlogs,thinkahead,ownlogs_thinkahead,sokoban,25,updated,7,20,6,0.3,True
ownlogs,thinkahead,ownlogs_thinkahead,sokoban,25,updated,8,20,5,0.25,True
ownlogs,thinkahead,ownlogs_thinkahead,sokoban,26,original,1,20,7,0.35,True
ownlogs,thinkahead,ownlogs_thinkahead,sokoban,26,original,2,20,6,0.3,True
ownlogs,thinkahead,ownlogs_thinkahead,sokoban,26,original,3,20,4,0.2,True
ownlogs,thinkahead,ownlogs_thinkahead,sokoban,26,original,4,20,4,0.2,True
ownlogs,thinkahead,ownlogs_thinkahead,sokoban,26,original,5,20,5,0.25,True
ownlogs,thinkahead,ownlogs_thinkahead,sokoban,26,original,6,20,6,0.3,True
ownlogs,thinkahead,ownlogs_thinkahead,sokoban,26,original,7,20,5,0.25,True
ownlogs,thinkahead,ownlogs_thinkahead,sokoban,26,original,8,20,7,0.35,True
ownlogs,thinkahead,ownlogs_thinkahead,sokoban,26,updated,1,20,8,0.4,True
ownlogs,thinkahead,ownlogs_thinkahead,sokoban,26,updated,2,20,6,0.3,True
ownlogs,thinkahead,ownlogs_thinkahead,sokoban,26,updated,3,20,5,0.25,True
ownlogs,thinkahead,ownlogs_thinkahead,sokoban,26,updated,4,20,7,0.35,True
ownlogs,thinkahead,ownlogs_thinkahead,sokoban,26,updated,5,20,6,0.3,True
ownlogs,thinkahead,ownlogs_thinkahead,sokoban,26,updated,6,20,7,0.35,True
ownlogs,thinkahead,ownlogs_thinkahead,sokoban,26,updated,7,20,6,0.3,True
ownlogs,thinkahead,ownlogs_thinkahead,sokoban,26,updated,8,20,6,0.3,True
ownlogs,thinkahead,ownlogs_thinkahead,sokoban,29,original,1,20,7,0.35,True
ownlogs,thinkahead,ownlogs_thinkahead,sokoban,29,original,2,20,5,0.25,True
ownlogs,thinkahead,ownlogs_thinkahead,sokoban,29,original,3,20,6,0.3,True
ownlogs,thinkahead,ownlogs_thinkahead,sokoban,29,original,4,20,7,0.35,True
ownlogs,thinkahead,ownlogs_thinkahead,sokoban,29,original,5,20,5,0.25,True
ownlogs,thinkahead,ownlogs_thinkahead,sokoban,29,original,6,20,5,0.25,True
ownlogs,thinkahead,ownlogs_thinkahead,sokoban,29,original,7,20,5,0.25,True
ownlogs,thinkahead,ownlogs_thinkahead,sokoban,29,original,8,20,5,0.25,True
ownlogs,thinkahead,ownlogs_thinkahead,sokoban,29,updated,1,20,6,0.3,True
ownlogs,thinkahead,ownlogs_thinkahead,sokoban,29,updated,2,20,5,0.25,True
ownlogs,thinkahead,ownlogs_thinkahead,sokoban,29,updated,3,20,5,0.25,True
ownlogs,thinkahead,ownlogs_thinkahead,sokoban,29,updated,4,20,5,0.25,True
ownlogs,thinkahead,ownlogs_thinkahead,sokoban,29,updated,5,20,6,0.3,True
ownlogs,thinkahead,ownlogs_thinkahead,sokoban,29,updated,6,20,6,0.3,True
ownlogs,thinkahead,ownlogs_thinkahead,sokoban,29,updated,7,20,5,0.25,True
ownlogs,thinkahead,ownlogs_thinkahead,sokoban,29,updated,8,20,6,0.3,True
ownlogs,thinkahead,ownlogs_thinkahead,sokoban,30,original,1,20,5,0.25,True
ownlogs,thinkahead,ownlogs_thinkahead,sokoban,30,original,2,20,5,0.25,True
ownlogs,thinkahead,ownlogs_thinkahead,sokoban,30,original,3,20,7,0.35,True
ownlogs,thinkahead,ownlogs_thinkahead,sokoban,30,original,4,20,6,0.3,True
ownlogs,thinkahead,ownlogs_thinkahead,sokoban,30,original,5,20,6,0.3,True
ownlogs,thinkahead,ownlogs_thinkahead,sokoban,30,original,6,20,8,0.4,True
ownlogs,thinkahead,ownlogs_thinkahead,sokoban,30,original,7,20,4,0.2,True
ownlogs,thinkahead,ownlogs_thinkahead,sokoban,30,original,8,20,5,0.25,True
ownlogs,thinkahead,ownlogs_thinkahead,sokoban,30,updated,1,20,4,0.2,True
ownlogs,thinkahead,ownlogs_thinkahead,sokoban,30,updated,2,20,7,0.35,True
ownlogs,thinkahead,ownlogs_thinkahead,sokoban,30,updated,3,20,6,0.3,True
ownlogs,thinkahead,ownlogs_thinkahead,sokoban,30,updated,4,20,7,0.35,True
ownlogs,thinkahead,ownlogs_thinkahead,sokoban,30,updated,5,20,5,0.25,True
ownlogs,thinkahead,ownlogs_thinkahead,sokoban,30,updated,6,20,8,0.4,True
ownlogs,thinkahead,ownlogs_thinkahead,sokoban,30,updated,7,20,6,0.3,True
ownlogs,thinkahead,ownlogs_thinkahead,sokoban,30,updated,8,20,6,0.3,True
ownlogs,thinkahead,ownlogs_thinkahead,sokoban,33,original,1,20,8,0.4,True
ownlogs,thinkahead,ownlogs_thinkahead,sokoban,33,original,2,20,3,0.15,True
ownlogs,thinkahead,ownlogs_thinkahead,sokoban,33,original,3,20,9,0.45,True
ownlogs,thinkahead,ownlogs_thinkahead,sokoban,33,original,4,20,7,0.35,True
ownlogs,thinkahead,ownlogs_thinkahead,sokoban,33,original,5,20,9,0.45,True
ownlogs,thinkahead,ownlogs_thinkahead,sokoban,33,original,6,20,6,0.3,True
ownlogs,thinkahead,ownlogs_thinkahead,sokoban,33,original,7,20,4,0.2,True
ownlogs,thinkahead,ownlogs_thinkahead,sokoban,33,original,8,20,6,0.3,True
ownlogs,thinkahead,ownlogs_thinkahead,sokoban,33,updated,1,20,5,0.25,True
ownlogs,thinkahead,ownlogs_thinkahead,sokoban,33,updated,2,20,5,0.25,True
ownlogs,thinkahead,ownlogs_thinkahead,sokoban,33,updated,3,20,5,0.25,True
ownlogs,thinkahead,ownlogs_thinkahead,sokoban,33,updated,4,20,7,0.35,True
ownlogs,thinkahead,ownlogs_thinkahead,sokoban,33,updated,5,20,5,0.25,True
ownlogs,thinkahead,ownlogs_thinkahead,sokoban,33,updated,6,20,5,0.25,True
ownlogs,thinkahead,ownlogs_thinkahead,sokoban,33,updated,7,20,6,0.3,True
ownlogs,thinkahead,ownlogs_thinkahead,sokoban,33,updated,8,20,9,0.45,True
ownlogs,thinkahead,ownlogs_thinkahead,sokoban,34,original,1,20,7,0.35,True
ownlogs,thinkahead,ownlogs_thinkahead,sokoban,34,original,2,20,4,0.2,True
ownlogs,thinkahead,ownlogs_thinkahead,sokoban,34,original,3,20,6,0.3,True
ownlogs,thinkahead,ownlogs_thinkahead,sokoban,34,original,4,20,6,0.3,True
ownlogs,thinkahead,ownlogs_thinkahead,sokoban,34,original,5,20,4,0.2,True
ownlogs,thinkahead,ownlogs_thinkahead,sokoban,34,original,6,20,5,0.25,True
ownlogs,thinkahead,ownlogs_thinkahead,sokoban,34,original,7,20,4,0.2,True
ownlogs,thinkahead,ownlogs_thinkahead,sokoban,34,original,8,20,6,0.3,True
ownlogs,thinkahead,ownlogs_thinkahead,sokoban,34,updated,1,20,6,0.3,True
ownlogs,thinkahead,ownlogs_thinkahead,sokoban,34,updated,2,20,7,0.35,True
ownlogs,thinkahead,ownlogs_thinkahead,sokoban,34,updated,3,20,7,0.35,True
ownlogs,thinkahead,ownlogs_thinkahead,sokoban,34,updated,4,20,4,0.2,True
ownlogs,thinkahead,ownlogs_thinkahead,sokoban,34,updated,5,20,6,0.3,True
ownlogs,thinkahead,ownlogs_thinkahead,sokoban,34,updated,6,20,7,0.35,True
ownlogs,thinkahead,ownlogs_thinkahead,sokoban,34,updated,7,20,7,0.35,True
ownlogs,thinkahead,ownlogs_thinkahead,sokoban,34,updated,8,20,5,0.25,True
ownlogs,thinkahead,ownlogs_thinkahead,sokoban,37,original,1,20,8,0.4,True
ownlogs,thinkahead,ownlogs_thinkahead,sokoban,37,original,2,20,8,0.4,True
ownlogs,thinkahead,ownlogs_thinkahead,sokoban,37,original,3,20,8,0.4,True
ownlogs,thinkahead,ownlogs_thinkahead,sokoban,37,original,4,20,5,0.25,True
ownlogs,thinkahead,ownlogs_thinkahead,sokoban,37,original,5,20,6,0.3,True
ownlogs,thinkahead,ownlogs_thinkahead,sokoban,37,original,6,20,7,0.35,True
ownlogs,thinkahead,ownlogs_thinkahead,sokoban,37,original,7,20,7,0.35,True
ownlogs,thinkahead,ownlogs_thinkahead,sokoban,37,original,8,20,7,0.35,True
ownlogs,thinkahead,ownlogs_thinkahead,sokoban,37,updated,1,20,7,0.35,True
ownlogs,thinkahead,ownlogs_thinkahead,sokoban,37,updated,2,20,5,0.25,True
ownlogs,thinkahead,ownlogs_thinkahead,sokoban,37,updated,3,20,6,0.3,True
ownlogs,thinkahead,ownlogs_thinkahead,sokoban,37,updated,4,20,6,0.3,True
ownlogs,thinkahead,ownlogs_thinkahead,sokoban,37,updated,5,20,6,0.3,True
ownlogs,thinkahead,ownlogs_thinkahead,sokoban,37,updated,6,20,6,0.3,True
ownlogs,thinkahead,ownlogs_thinkahead,sokoban,37,updated,7,20,5,0.25,True
ownlogs,thinkahead,ownlogs_thinkahead,sokoban,37,updated,8,20,4,0.2,True
ownlogs,thinkahead,ownlogs_thinkahead,sokoban,38,original,1,20,7,0.35,True
ownlogs,thinkahead,ownlogs_thinkahead,sokoban,38,original,2,20,9,0.45,True
ownlogs,thinkahead,ownlogs_thinkahead,sokoban,38,original,3,20,7,0.35,True
ownlogs,thinkahead,ownlogs_thinkahead,sokoban,38,original,4,20,6,0.3,True
ownlogs,thinkahead,ownlogs_thinkahead,sokoban,38,original,5,20,8,0.4,True
ownlogs,thinkahead,ownlogs_thinkahead,sokoban,38,original,6,20,7,0.35,True
ownlogs,thinkahead,ownlogs_thinkahead,sokoban,38,original,7,20,6,0.3,True
ownlogs,thinkahead,ownlogs_thinkahead,sokoban,38,original,8,20,5,0.25,True
ownlogs,thinkahead,ownlogs_thinkahead,sokoban,38,updated,1,20,7,0.35,True
ownlogs,thinkahead,ownlogs_thinkahead,sokoban,38,updated,2,20,6,0.3,True
ownlogs,thinkahead,ownlogs_thinkahead,sokoban,38,updated,3,20,5,0.25,True
ownlogs,thinkahead,ownlogs_thinkahead,sokoban,38,updated,4,20,6,0.3,True
ownlogs,thinkahead,ownlogs_thinkahead,sokoban,38,updated,5,20,5,0.25,True
ownlogs,thinkahead,ownlogs_thinkahead,sokoban,38,updated,6,20,6,0.3,True
ownlogs,thinkahead,ownlogs_thinkahead,sokoban,38,updated,7,20,7,0.35,True
ownlogs,thinkahead,ownlogs_thinkahead,sokoban,38,updated,8,20,7,0.35,True
