Job: qwen3-14b-ace-notebook-empty-k40-both 34997217
Node: g3101
Model: Qwen/Qwen3-14B
Methods: ace notebook_minimal
Notebook variant: empty via notebook_minimal
Env: both
Episodes: 40
SGLang log: /gscratch/h2lab/mohanc3/projects/ERL_repo/runs/qwen3-14b-ace-notebook-empty-k40-both-34997217/sglang_server.log
/sw/cuda/12.4.1/bin/nvcc
nvcc: NVIDIA (R) Cuda compiler driver
Copyright (c) 2005-2024 NVIDIA Corporation
Built on Thu_Mar_28_02:18:24_PDT_2024
Cuda compilation tools, release 12.4, V12.4.131
Build cuda_12.4.r12.4/compiler.34097967_0
gcc: gcc (GCC) 13.2.0
g++: g++ (GCC) 13.2.0
Waiting for SGLang server...
Server ready after 455 seconds
Running method: ace
LM traces will be saved to /gscratch/h2lab/mohanc3/projects/ERL_repo/runs/qwen3-14b-ace-notebook-empty-k40-both-34997217/outputs/llm_calls_ace_frozen_lake.jsonl
Connected to LM server at http://127.0.0.1:30000/v1
Model: Qwen/Qwen3-14B
ACE Method ready.

========================================
=== Episode 1 ===
========================================
[Attempt 1] Actions:  ['Right', 'Right', 'Left', 'Down']
[Attempt 1] Feedback: Step 1: moved Right, now on D (frozen tile). Step 2: moved Right, now on D (frozen tile). Step 3: moved Left, now on D (frozen tile). Step 4: moved Down, stepped on C (hole), episode over.
[Attempt 1] Reward:   0

[Reflector raw]
{
  "reasoning": "The model's reasoning trace shows a series of steps where it attempted to navigate from the starting position (assumed to be 'A') toward the goal ('B') in a 3x3 grid. The model's predicted actions were ['Right', 'Right', 'Left', 'Down'], but the environment feedback indicates that the player stepped on a 'C' tile, which is a hole, causing the episode to end with a reward of 0. This suggests that the model failed to correctly interpret the grid's symbols and their consequences. In the grid provided, 'A' is the starting position, 'B' is the goal, and 'C' and 'D' are likely environmental features. Based on the environment feedback, 'C' represents a hole (a terminal state), and 'D' represents a frozen tile (safe to move on). The model's reasoning did not account for the actual properties of the grid symbols, leading to a fatal move on the 'C' tile. The model's reasoning also showed confusion in determining the player's position and the direction of movement, leading to incorrect assumptions about the grid layout.",
  "error_identification": "The model misinterpreted the grid symbols and their implications. It assumed that 'C' and 'D' were both safe to move on, but in reality, 'C' is a hole (terminal state), which the model failed to recognize. Additionally, the model's reasoning in Step 3 incorrectly stated that 'A' is the player's starting position, but the environment feedback indicates that the player started at 'A', and the movement sequence led to a fatal interaction with 'C'.",
  "root_cause_analysis": "The root cause of the error is a lack of accurate interpretation of the grid symbols and their meanings. The model failed to recognize that 'C' is a hole and 'D' is a frozen tile. This misunderstanding stems from the absence of a playbook and the model's reliance on assumptions about the symbols rather than using the environment feedback to update its understanding of the grid. The model also showed confusion in tracking its position and the direction of movement, which led to incorrect decisions.",
  "correct_approach": "The model should have used the environment feedback to infer the meanings of the grid symbols. For example, after moving to a 'C' tile and the episode ending, the model should have recognized that 'C' is a hole and avoided it in the future. The model should also have carefully tracked its
[Reflector] Structured reflection captured

[Curator raw]
{
  "reasoning": "The current playbook is empty, and the reflection indicates that there was an issue with the previous output being invalid JSON, which suggests a need for improved error handling and validation in the playbook. Additionally, since the task involves deterministic grid-navigation, the playbook should include strategies for action prediction and feedback processing. As no strategies are currently recorded, the focus should be on establishing foundational strategies for grid navigation, action prediction, and reward feedback integration.",
  "operations": [
    {
      "type": "ADD",
      "content": "Implement a strategy for deterministic action selection based on the current observation, ensuring consistent and predictable movement across the grid."
    },
    {
      "type": "ADD",
      "content": "Integrate a feedback loop that processes environment rewards and adjusts future action predictions accordingly to optimize long-term performance."
    },
    {
      "type": "ADD",
      "content": "Ensure all outputs are validated for JSON structure and syntax to prevent errors during playbook execution and environment interaction."
    }
  ]
}
[Curator] Approved 3 delta items
[Playbook] apply_delta: +3 add (0 skipped)
[Playbook] Size now: 3

========================================
=== Episode 2 ===
========================================
[Attempt 1] Actions:  ['Right']
[Attempt 1] Feedback: Step 1: moved Right, stepped on C (hole), episode over.
[Attempt 1] Reward:   0

[Reflector raw]
{
  "reasoning": "The model's reasoning trace indicates that it evaluated both 'Right' and 'Down' as valid actions from position A. It then selected 'Right' based on a 'consistent and predictable movement strategy.' However, the environment feedback reveals that moving 'Right' from A leads to position C, which is a hole, resulting in an immediate episode termination with a reward of 0. This suggests that the model did not consider the consequences of the action (e.g., whether the target cell is a hole or a safe cell). The playbook entries used were focused on deterministic action selection, feedback loops, and JSON validation, but none of them provided any information about the grid's cell properties (e.g., holes or safe cells). As a result, the model made a decision based on grid layout without considering the danger of the target cell.",
  "error_identification": "The model failed to recognize that moving 'Right' to cell C would result in stepping on a hole, which is a terminal state with a negative outcome. The reasoning did not account for the environment's feedback or the inherent properties of the grid cells, such as whether a cell is a hole or safe.",
  "root_cause_analysis": "The model misunderstood the problem's requirements by not incorporating the environment's cell properties (e.g., holes) into its decision-making process. It treated the grid as a purely navigational structure without recognizing that some cells are dangerous and lead to immediate failure. This reflects a conceptual error in the model's understanding of the grid's semantics.",
  "correct_approach": "The model should have incorporated information about the grid's cell properties (e.g., holes) into its decision-making process. It should have evaluated the potential consequences of each action, such as whether a move would lead to a hole or a safe cell. Additionally, it should have used the environment feedback and reward information to inform future decisions.",
  "key_insight": "When navigating a grid, it is essential to not only consider the layout but also the properties of each cell (e.g., whether it is a hole or safe). Any decision-making process should include a risk assessment of the potential outcomes of each action, informed by the environment's feedback and reward structure.",
  "bullet_tags": [
    {"id": 1, "tag": "neutral"},
    {"id": 2, "tag": "harmful"},
    {"id": 3, "tag": "neutral"}
  ]
}
[Reflector] Structured reflection captured
[Playbook] feedback (reflector): +0 helpful / +1 harmful / 2 neutral

[Curator raw]
{
  "reasoning": "The reflection highlights a critical gap in the current playbook: it lacks any guidance on evaluating the properties of grid cells (e.g., holes or safe cells) during decision-making. The existing playbook focuses on deterministic action selection, feedback loops, and JSON validation, but none of these strategies account for the environment's cell-specific properties or the risk of stepping into dangerous cells. This omission led to a failure in risk assessment, causing the model to choose a terminal state. To address this, a new strategy must be added to the playbook that explicitly instructs the model to evaluate the properties of each potential target cell before taking an action. This addition will ensure that future decisions are informed by both the grid layout and the inherent risks or rewards of each cell.",
  "operations": [
    {
      "type": "ADD",
      "content": "Evaluate the properties of each potential target cell (e.g., hole or safe) before taking an action to ensure that decisions are informed by both the grid layout and the inherent risks or rewards of each cell."
    }
  ]
}
[Curator] Approved 1 delta items
[Playbook] apply_delta: +1 add (0 skipped)
[Playbook] Size now: 4

========================================
=== Episode 3 ===
========================================
[Attempt 1] Actions:  ['Right', 'Right']
[Attempt 1] Feedback: Step 1: moved Right, now on D (frozen tile). Step 2: moved Right, stepped on C (hole), episode over.
[Attempt 1] Reward:   0

[Reflector raw]
{
  "reasoning": "The model's reasoning trace indicates that it chose to move 'Right' twice in a row, assuming that these actions would lead it closer to the goal (B) and avoid hazards. However, the environment feedback clarifies that the first 'Right' move placed the model on a 'D' tile, which is a frozen tile (neutral or safe), and the second 'Right' move led it to a 'C' tile, which is a hole, causing the episode to end with a reward of 0. The model failed to recognize that 'C' is a hole and therefore a hazardous tile. The playbook entry [4] explicitly instructs the model to evaluate the properties of each potential target cell before taking an action, but this was not applied. The model's reasoning assumed that 'D' and 'C' were both safe or neutral, which is incorrect based on the grid symbol definitions. This lack of proper cell evaluation led to the incorrect action sequence.",
  "error_identification": "The model failed to correctly interpret the grid symbols, particularly the meaning of 'C' as a hole, and did not evaluate the potential risks of moving to a 'C' tile. It also did not account for the possibility that moving 'Right' would lead to a dangerous cell.",
  "root_cause_analysis": "The model misunderstood the grid symbol meanings, specifically that 'C' represents a hole, and did not properly apply the playbook entry [4], which explicitly states that the model should evaluate the properties of each cell before taking action. The model assumed all 'D' tiles were safe and that 'C' was a neutral tile, which is a conceptual error.",
  "correct_approach": "The model should have evaluated the properties of each cell before taking an action. Specifically, it should have recognized that 'C' is a hole and avoided moving to that tile. It should have followed playbook entry [4] by checking whether the target cell is safe or hazardous before making a move.",
  "key_insight": "Always evaluate the properties of the target cell (e.g., whether it is a hole, wall, or safe tile) before taking an action. This principle is outlined in playbook entry [4], and applying it would prevent the model from stepping on dangerous tiles like 'C'.",
  "bullet_tags": [
    {"id": 1, "tag": "helpful"},
    {"id": 2, "tag": "harmful"},
    {"id
[Reflector] Structured reflection captured
[Playbook] feedback (fallback): +0 helpful / +2 harmful / 0 neutral

[Curator raw]
{
  "reasoning": "The current playbook lacks actionable insights related to error handling and recovery mechanisms in deterministic grid navigation. While it includes validation for JSON structure, it does not address how to handle invalid or unexpected observations or how to recover from errors during navigation. Additionally, there is no explicit strategy for balancing exploration and exploitation in a deterministic setting, which is critical for long-term performance. These elements would provide a more robust framework for handling edge cases and improving adaptability in the environment.",
  "operations": [
    {
      "type": "ADD",
      "content": "Implement an error-handling mechanism to detect and recover from invalid or unexpected observations, ensuring the agent can gracefully handle anomalies without crashing or entering an undefined state."
    },
    {
      "type": "ADD",
      "content": "Introduce a strategy for balancing exploration and exploitation in deterministic settings by occasionally deviating from the optimal path to discover new routes or avoid potential pitfalls not captured by the current grid layout."
    }
  ]
}
[Curator] Approved 2 delta items
[Playbook] apply_delta: +2 add (0 skipped)
[Playbook] Size now: 6

========================================
=== Episode 4 ===
========================================
[Attempt 1] Actions:  ['Right', 'Right', 'Down']
[Attempt 1] Feedback: Step 1: moved Right, now on D (frozen tile). Step 2: moved Right, now on D (frozen tile). Step 3: moved Down, stepped on C (hole), episode over.
[Attempt 1] Reward:   0

[Reflector raw]
{
  "reasoning": "The model's reasoning trace shows that it made a series of decisions based on the assumption that the grid symbols D and C represent safe or neutral cells, but it failed to recognize that D is a frozen tile (which is a valid move but does not advance the agent toward the goal), and C is a hole (which ends the episode). The model's reasoning in Step 1 and Step 2 assumed that moving Right would bring the agent closer to the goal, but in reality, the agent was moving onto D tiles, which are safe but not helpful. In Step 3, the agent moved Down into a C tile, which is a hole and caused the episode to end. The model also failed to account for the actual properties of the grid symbols, as defined in the environment feedback, and did not use the playbook entries correctly to validate the safety or goal-relevance of each cell. Specifically, the model should have used playbook entry [4], which explicitly advises evaluating the properties of each target cell (e.g., hole or safe) before taking an action. However, it appears the model did not properly interpret the environment feedback or the grid symbol meanings.",
  "error_identification": "The model incorrectly assumed that moving to D and C tiles would be safe or beneficial, without recognizing that D is a frozen tile (which is not a goal or hazard) and C is a hole (which ends the episode). The agent also failed to evaluate the properties of the cells before moving, which led to a premature termination of the episode.",
  "root_cause_analysis": "The model misunderstood the meaning of the grid symbols, particularly C and D. It did not correctly interpret the environment feedback that C is a hole and D is a frozen tile. The model also did not apply the playbook entry [4], which explicitly advises evaluating the properties of each cell before taking an action. This conceptual misunderstanding led to the incorrect movement sequence.",
  "correct_approach": "The model should have evaluated the properties of each cell (e.g., whether it is a hole, frozen tile, or goal) before making a move. It should have used playbook entry [4] to ensure that actions are only taken if they lead to safe or goal-relevant tiles. Additionally, the model should have prioritized moving toward the goal (B) while avoiding C (hole) and D (frozen tile) tiles that do not contribute to reaching the goal.",
  "key_insight": "Before taking any action, the model
[Reflector] Structured reflection captured
[Playbook] feedback (fallback): +0 helpful / +6 harmful / 0 neutral

[Curator raw]
{
  "reasoning": "The current playbook lacks actionable insights on handling ambiguous or incomplete observations, which are common in deterministic grid-navigation tasks. Additionally, there is no guidance on leveraging historical trajectory data to improve future action predictions. These additions would complement the existing strategies by enhancing robustness and adaptability in uncertain scenarios.",
  "operations": [
    {
      "type": "ADD",
      "content": "Implement a mechanism to handle ambiguous or incomplete observations by using fallback strategies or default actions that minimize risk based on prior knowledge of the grid environment."
    },
    {
      "type": "ADD",
      "content": "Utilize historical trajectory data to train a predictive model that anticipates future states and rewards, enabling more informed and adaptive action selection during navigation."
    }
  ]
}
[Curator] Approved 2 delta items
[Playbook] apply_delta: +2 add (0 skipped)
[Playbook] Size now: 8

========================================
=== Episode 5 ===
========================================
[Attempt 1] Actions:  ['Right', 'Right', 'Down']
[Attempt 1] Feedback: Step 1: moved Right, now on D (frozen tile). Step 2: moved Right, now on D (frozen tile). Step 3: moved Down, stepped on C (hole), episode over.
[Attempt 1] Reward:   0

[Reflector raw]
{
  "reasoning": "The model's reasoning trace indicates that it assumed the player started at the top-left corner (A) and believed that moving 'Right' twice and then 'Down' would lead it closer to the goal (B). However, the environment feedback reveals that the player was actually on a 'D' tile after the first two 'Right' moves, which are described as 'frozen tiles'—likely meaning they are safe but not progress toward the goal. Then, moving 'Down' led to stepping on a 'C' tile, which is a 'hole' and resulted in the episode ending with a reward of 0. The model failed to properly assess the grid's actual state after each move and did not account for the fact that 'D' tiles may not be obstacles but still not progress toward 'B'. The model also did not recognize that 'C' is a terminal state (a hole) and should have been avoided. The playbook entry [7] was referenced, which suggests using fallback strategies, but it seems the fallback strategy did not account for the grid's actual semantics or the terminal states like 'C'.",
  "error_identification": "The model incorrectly assumed that moving 'Right' from the starting position would lead to progress toward 'B', but the environment feedback indicates that the player was on a 'D' tile, which is not a hazard but also not a step toward 'B'. Additionally, the model failed to recognize that 'C' is a terminal 'hole' state and thus should have avoided moving toward it.",
  "root_cause_analysis": "The root cause is a misunderstanding of the grid's semantics. The model treated 'D' as a safe or neutral tile and 'C' as an intermediate target, but in reality, 'C' is a terminal 'hole' and 'D' is a frozen tile that does not block movement but does not contribute to reaching the goal. The model did not properly interpret the environment's feedback and did not apply the playbook entry [4], which emphasizes evaluating the properties of each target cell before moving.",
  "correct_approach": "The model should have first validated the semantics of each tile based on the environment feedback. It should have used playbook entry [4] to evaluate the risks of each cell before taking an action. Instead of assuming that 'D' was a neutral tile, it should have considered that the model's initial assumption about the grid's structure was incorrect and that the player may not have started at position A
[Reflector] Structured reflection captured
[Playbook] feedback (fallback): +0 helpful / +1 harmful / 0 neutral

[Curator raw]
{
  "reasoning": "The reflection indicates that the previous output was not valid JSON, which suggests a lack of structured error handling or validation in the playbook's implementation. While the playbook includes JSON validation as a point (item 3), it does not explicitly address the need to validate the structure of the reflector output itself. This is a critical gap, especially since the reflector's output is essential for diagnosing and improving the playbook. Adding a specific operation to validate the structure of the reflector's output would complement the existing JSON validation strategy and ensure that the feedback loop is robust and functional.",
  "operations": [
    {
      "type": "ADD",
      "content": "Implement a validation step for the reflector's output to ensure it conforms to the expected JSON schema, preventing malformed or incomplete feedback from disrupting the learning and refinement process."
    }
  ]
}
[Curator] Approved 1 delta items
[Playbook] apply_delta: +1 add (0 skipped)
[Playbook] Size now: 9
[Playbook] grow_and_refine: no duplicates found.

========================================
=== Episode 6 ===
========================================
[Attempt 1] Actions:  ['Right', 'Right', 'Right', 'Right', 'Left', 'Right', 'Right', 'Down']
[Attempt 1] Feedback: Step 1: moved Right, now on D (frozen tile). Step 2: moved Right, hit the boundary, stayed in place. Step 3: moved Right, hit the boundary, stayed in place. Step 4: moved Right, hit the boundary, stayed in place. Step 5: moved Left, now on D (frozen tile). Step 6: moved Right, now on D (frozen tile). Step 7: moved Right, hit the boundary, stayed in place. Step 8: moved Down, reached B (goal)!
[Attempt 1] Reward:   1

[Reflector raw]
{
  "reasoning": "The model's reasoning trace shows a consistent pattern of moving Right multiple times, which led to hitting boundaries or landing on 'D' tiles, which were later identified as frozen tiles. Despite the environment feedback indicating that these tiles were not safe or productive, the model continued to move Right multiple times, likely due to a misunderstanding of the grid layout and the properties of the symbols. The model also failed to adjust its strategy after receiving feedback about hitting boundaries or landing on frozen tiles. The model's reasoning relied heavily on playbook entry 8, which suggests using historical trajectory data to predict future states, but the model did not seem to process the environment feedback effectively to adjust its decisions. Additionally, the model did not explore alternative paths or consider the consequences of repeated Right movements, which would have led to a more efficient route to the goal. The final move of Down was successful, but it was delayed due to the model's earlier missteps.",
  "error_identification": "The model repeatedly chose to move Right despite the environment feedback indicating that this action led to boundary hits or landing on frozen tiles. The model did not recognize that moving Right was not viable and continued to rely on playbook entry 8 without incorporating the environment feedback to adjust its strategy. Additionally, the model did not explore alternative paths such as Down or Left early enough to reach the goal more efficiently.",
  "root_cause_analysis": "The model misunderstood the grid layout and the nature of the 'D' tiles. It assumed that 'D' might be a navigable tile or a neutral tile rather than recognizing that it could be a frozen tile that prevents movement. This misunderstanding, combined with the model's over-reliance on playbook entry 8 without incorporating environment feedback, led to a failure to adjust its strategy in a timely manner. The model did not fully grasp the concept of using environment feedback to refine its path selection and risk assessment.",
  "correct_approach": "The model should have evaluated the properties of each cell (such as 'D') before taking an action, as suggested by playbook entry 4. It should have used the environment feedback to adjust its path and avoid repeating actions that led to no progress or negative outcomes. Additionally, the model should have considered alternative directions (like Down) earlier in the sequence to avoid wasting steps on ineffective moves.",
  "key_insight": "The model should remember to integrate environment feedback into its decision-making process and to evaluate the properties of each potential target cell before taking an action. This includes understanding
[Reflector] Structured reflection captured
[Playbook] feedback (fallback): +6 helpful / +0 harmful / 0 neutral

[Curator raw]
{
  "reasoning": "The recent reflection indicates that the output from the Reflector was not valid JSON, which implies a lack of structured diagnosis and feedback. This highlights a critical gap in the current playbook: the absence of a specific strategy to ensure that the Reflector's output is always valid JSON. While playbook item [9] mentions validating the Reflector's output for JSON schema compliance, it does not provide a concrete mechanism or strategy for doing so. Adding a focused operation to address this would improve the robustness of the feedback loop and prevent disruptions in the learning process due to malformed reflector outputs.",
  "operations": [
    {
      "type": "ADD",
      "content": "Implement a JSON schema validation step for the Reflector's output using a predefined schema to ensure compliance, thereby preventing malformed or incomplete feedback from disrupting the learning and refinement process."
    }
  ]
}
[Curator] Approved 1 delta items
[Playbook] apply_delta: +1 add (0 skipped)
[Playbook] Size now: 10

========================================
=== Episode 7 ===
========================================
[Attempt 1] Actions:  ['Left', 'Right', 'Right', 'Right']
[Attempt 1] Feedback: Step 1: moved Left, hit the boundary, stayed in place. Step 2: moved Right, now on D (frozen tile). Step 3: moved Right, now on D (frozen tile). Step 4: moved Right, stepped on C (hole), episode over.
[Attempt 1] Reward:   0

[Reflector raw]
{
  "reasoning": "The model's reasoning trace shows a sequence of actions that led to the agent stepping into a 'C' cell, which resulted in the episode ending with a reward of 0. The agent initially moved 'Left' from the top-left corner ('A'), which was invalid because it hit the boundary and stayed in place. Then, the agent moved 'Right' three times, which led to stepping on 'D' (frozen tiles) and eventually 'C' (a hole), causing the episode to end. The model incorrectly interpreted 'C' as a safe or neutral cell in some steps, but in reality, 'C' is a hole and is not a valid path. The model failed to consistently evaluate the properties of each target cell as instructed by the playbook, and the environment feedback (e.g., stepping on a hole) was not properly incorporated into the decision-making process. The model also misjudged the grid layout and the nature of the symbols, particularly not recognizing that 'C' is a terminal state.",
  "error_identification": "The model misidentified the 'C' symbol as a safe or neutral cell, rather than a hole, which is a terminal and invalid state. Additionally, the model failed to consistently apply the playbook's instruction to evaluate the properties of each target cell before taking an action. The model also failed to account for environment feedback, such as when the agent stepped on 'C' and the episode ended, which should have been used to update future decisions.",
  "root_cause_analysis": "The root cause of the error lies in a conceptual misunderstanding of the grid's symbol semantics. The model incorrectly assumed that 'C' was a neutral or safe cell, rather than recognizing it as a hole (a terminal state). This misunderstanding led to the model taking actions that led to an invalid outcome. The model also failed to properly apply the playbook entry [4], which emphasizes evaluating the properties of each target cell before taking an action.",
  "correct_approach": "The model should have evaluated the grid more accurately and consistently applied the playbook's instructions, particularly the part that emphasizes evaluating the properties of each target cell. The model should have recognized that 'C' is a hole and thus invalid, and avoided moving into it. Additionally, the model should have used the environment feedback (e.g., the episode ending) to update its understanding of the grid and adjust future actions accordingly.",
  "key_insight": "The model must always evaluate the properties of each cell before
[Reflector] Structured reflection captured
[Playbook] feedback (fallback): +0 helpful / +10 harmful / 0 neutral

[Curator raw]
{
  "reasoning": "The reflection indicates that the previous Reflector output was not valid JSON, which suggests a lack of structured diagnosis and feedback. This highlights a critical gap in the playbook: ensuring that the Reflector's output is not only validated but also structured properly to allow for meaningful analysis and actionable insights. The current playbook includes JSON validation steps for the Reflector's output, but there is no explicit strategy for handling cases where the Reflector fails to produce structured feedback. This can lead to disruptions in the learning and refinement process. Adding a new operation to address this specific scenario will enhance the robustness of the playbook and ensure that the system can handle malformed or unstructured feedback gracefully.",
  "operations": [
    {
      "type": "ADD",
      "content": "Implement a fallback mechanism for handling unstructured or invalid Reflector outputs, such as logging the error, using a default diagnostic response, and resuming the learning process with the most recent valid data to avoid halting progress."
    }
  ]
}
[Curator] Approved 1 delta items
[Playbook] apply_delta: +1 add (0 skipped)
[Playbook] Size now: 11

========================================
=== Episode 8 ===
========================================
[Attempt 1] Actions:  ['Right', 'Right']
[Attempt 1] Feedback: Step 1: moved Right, now on D (frozen tile). Step 2: moved Right, stepped on C (hole), episode over.
[Attempt 1] Reward:   0

[Reflector raw]
{
  "reasoning": "The model's reasoning trace shows that it selected the action 'Right' in both Step 1 and Step 2. Based on the grid layout provided, the initial position is A at (0,0), and the grid is as follows:\n\nA D C\nD D D\nD D B\n\nIn Step 1, the model moved 'Right' to position (0,1), which is D. In Step 2, it moved 'Right' again to position (0,2), which is C, a hole. The environment feedback confirms that the player stepped on a hole (C) in Step 2, which ended the episode with a reward of 0. This indicates that the model failed to recognize that C is a terminal hazard (hole) and thus should not have moved to that cell.\n\nThe model's reasoning in Step 1 incorrectly labeled D as a safe or non-hazardous cell, and in Step 2, it failed to recognize C as a hole. This is a clear failure in evaluating the properties of the target cells before taking an action, as outlined in playbook entry [4]. Additionally, the model did not consider the consequences of its actions in the context of the grid's structure and the meaning of the symbols, leading to a fatal move.",
  "error_identification": "The model failed to correctly interpret the grid symbols, particularly the meaning of C as a hole. It also did not evaluate the risk of moving to a cell before taking the action, leading to an invalid move that terminated the episode.",
  "root_cause_analysis": "The model misunderstood the conceptual meaning of the grid symbols, particularly not recognizing that C represents a hole (a terminal state with negative consequences). This indicates a conceptual error in interpreting the environment's semantics, which is a critical flaw in the reasoning process.",
  "correct_approach": "The model should have evaluated the properties of each target cell before taking an action. Specifically, it should have recognized that C is a hole and avoided moving to that cell. It should have used the playbook entry [4], which advises evaluating the properties of each potential target cell (e.g., hole or safe) before taking an action.",
  "key_insight": "Always evaluate the properties of the target cell before taking an action, especially in grid-based navigation tasks where certain symbols (like C) represent terminal hazards. This aligns with the principle of informed decision-making based on the environment's structure and semantics.",

[Reflector] Structured reflection captured
[Playbook] feedback (fallback): +0 helpful / +10 harmful / 0 neutral

[Curator raw]
{
  "reasoning": "The recent reflection indicates that the Reflector's output was not valid JSON, which suggests a need for stricter validation and handling of the Reflector's output. While the current playbook includes mechanisms for validating JSON outputs and handling invalid Reflector outputs, it lacks a specific strategy for proactively testing the Reflector's output format before deployment. This oversight could lead to repeated errors during execution if the Reflector's output is not properly validated in advance. Adding a strategy for pre-deployment validation of the Reflector's output format would be a focused and actionable addition to the playbook.",
  "operations": [
    {
      "type": "ADD",
      "content": "Implement a pre-deployment validation step for the Reflector's output format to ensure it conforms to the expected JSON schema before executing any navigation or learning tasks, thereby reducing the likelihood of runtime errors due to malformed feedback."
    }
  ]
}
[Curator] Approved 1 delta items
[Playbook] apply_delta: +1 add (0 skipped)
[Playbook] Size now: 12

========================================
=== Episode 9 ===
========================================
[Attempt 1] Actions:  ['Right', 'Right', 'Right']
[Attempt 1] Feedback: Step 1: moved Right, now on D (frozen tile). Step 2: moved Right, now on D (frozen tile). Step 3: moved Right, stepped on C (hole), episode over.
[Attempt 1] Reward:   0

[Reflector raw]
{
  "reasoning": "The model's reasoning trace shows a consistent pattern of choosing 'Right' in the first three steps, leading to a failure at Step 3 when it stepped on a 'C' (hole), resulting in a reward of 0 and the episode ending. The generator's reasoning at each step was based on assumptions about the grid symbols, particularly the meaning of 'D' and 'C'. In Step 1, the model assumed that 'D' was safe and that 'C' was a potential hazard, but this assumption was not validated by environment feedback. In Step 2, the model continued to move 'Right', assuming that the next 'D' was safe, but this assumption was not confirmed. In Step 3, the model moved 'Right' again, which led to stepping on 'C', which was identified as a hole in the environment feedback. The model failed to evaluate the properties of the target cell before taking action, despite referencing playbook entry [4], which explicitly instructs to evaluate the properties of each potential target cell before taking an action. This failure in evaluating the environment's feedback and the actual properties of the grid cells led to the error.",
  "error_identification": "The model incorrectly assumed that all 'D' cells were safe and that 'C' was a hazard only when encountered. It failed to validate the properties of each target cell before taking action, despite referencing playbook entry [4], which explicitly requires evaluating target cell properties. This led to an incorrect move to a 'C' cell, which was identified as a hole by the environment feedback.",
  "root_cause_analysis": "The model misunderstood the concept of evaluating target cell properties before taking an action. It did not use the environment feedback effectively to determine whether a cell was safe or hazardous. The model assumed that 'D' was always safe, which led to incorrect movement and ultimately, the episode being terminated.",
  "correct_approach": "The model should have evaluated the properties of each target cell before taking an action, as instructed in playbook entry [4]. It should have used environment feedback to determine whether a cell was safe or hazardous. Instead of assuming that 'D' was safe, it should have confirmed this with the environment feedback. Additionally, it should have considered alternative actions, such as moving 'Down', to avoid potential hazards.",
  "key_insight": "Before taking an action, always evaluate the properties of the target cell using environment feedback. Assumptions about grid symbols can lead to errors
[Reflector] Structured reflection captured
[Playbook] feedback (fallback): +0 helpful / +11 harmful / 0 neutral

[Curator raw]
{
  "reasoning": "The reflection indicates that the Reflector's output was not valid JSON, which points to a critical issue with the validation of the feedback mechanism. While the current playbook includes several entries about validating JSON output from the Reflector, these are either redundant or do not fully address the issue of malformed feedback. A new insight is needed to ensure that the system can not only validate the Reflector's output but also dynamically adapt to schema changes or unexpected formats, preventing disruptions in the learning process.",
  "operations": [
    {
      "type": "ADD",
      "content": "Implement a dynamic schema validation mechanism for the Reflector's output that can adapt to potential schema variations or unexpected formats, ensuring robustness against malformed feedback without halting the learning process."
    }
  ]
}
[Curator] Approved 1 delta items
[Playbook] apply_delta: +1 add (0 skipped)
[Playbook] Size now: 13

========================================
=== Episode 10 ===
========================================
[Attempt 1] Actions:  ['Right', 'Right', 'Right', 'Down']
[Attempt 1] Feedback: Step 1: moved Right, now on D (frozen tile). Step 2: moved Right, hit the boundary, stayed in place. Step 3: moved Right, hit the boundary, stayed in place. Step 4: moved Down, reached B (goal)!
[Attempt 1] Reward:   1

[Reflector raw]
{
  "reasoning": "The model's reasoning trace shows a series of actions that ultimately led to reaching the goal ('B') in step 4, but the reasoning process contained several conceptual and interpretative errors. Initially, the model assumed that 'D' was a hazard or wall, but in the environment feedback, 'D' was a frozen tile (i.e., a valid tile that the agent can stand on, but movement may be restricted). This led to incorrect assumptions about the validity of moving into 'D' in step 1. Then, in step 2 and 3, the model continued to move Right, which hit the boundary and kept the agent in place, indicating that the model failed to correctly interpret the grid's boundaries. The model only reached the goal ('B') in step 4 by moving Down, which was not anticipated in earlier steps. The error lies in the model's incorrect assumptions about the meaning of 'D' and the grid's boundaries, which led to suboptimal and even incorrect action choices in early steps.",
  "error_identification": "The model incorrectly assumed that 'D' was a hazard or wall, leading to flawed evaluations of the validity of moving into 'D' in step 1. Additionally, the model failed to account for the grid's boundaries in steps 2 and 3, continuing to move Right even after hitting the boundary, which resulted in no progress. The model did not properly update its understanding of the environment based on the feedback from the environment, such as the fact that 'D' is a valid tile, and the boundaries of the grid.",
  "root_cause_analysis": "The root cause is a misunderstanding of the grid's semantics. The model assumed that 'D' was a hazard, but the environment feedback shows that 'D' is a frozen tile (i.e., a valid tile). The model also failed to interpret the grid boundaries correctly and did not update its internal state or assumptions after receiving feedback, leading to repeated invalid or unproductive actions.",
  "correct_approach": "The model should have updated its assumptions about the grid based on the environment feedback. Specifically, it should have recognized that 'D' is not a hazard but a valid tile, and that the grid's boundaries prevent movement beyond the edges. The model should have used this updated knowledge to choose more effective actions, such as moving Down earlier to reach the goal 'B' more efficiently.",
  "key_insight": "The model should integrate environment feedback into its reasoning process
[Reflector] Structured reflection captured
[Playbook] feedback (fallback): +13 helpful / +0 harmful / 0 neutral

[Curator raw]
{
  "reasoning": "The reflection indicates that the Reflector's output was not valid JSON, which suggests a lack of robustness in handling malformed or invalid feedback. While the playbook includes several strategies for validating Reflector output, such as schema validation and fallback mechanisms, there is no explicit mention of a dedicated mechanism to handle cases where the Reflector's output is entirely invalid or non-compliant. This gap could lead to disruptions in the learning process if the Reflector's output is not structured correctly. Therefore, adding a specific operation to handle such scenarios will improve the playbook's resilience.",
  "operations": [
    {
      "type": "ADD",
      "content": "Implement a dedicated error recovery strategy for handling completely invalid or non-compliant Reflector outputs, including automatic retries, fallback to default diagnostic responses, and logging of the error for later analysis, ensuring the learning process remains uninterrupted."
    }
  ]
}
[Curator] Approved 1 delta items
[Playbook] apply_delta: +1 add (0 skipped)
[Playbook] Size now: 14
[Playbook] grow_and_refine: no duplicates found.

========================================
=== Episode 11 ===
========================================
[Attempt 1] Actions:  ['Up', 'Right', 'Down']
[Attempt 1] Feedback: Step 1: moved Up, hit the boundary, stayed in place. Step 2: moved Right, now on D (frozen tile). Step 3: moved Down, stepped on C (hole), episode over.
[Attempt 1] Reward:   0

[Reflector raw]
{
  "reasoning": "The model's reasoning trace shows that it made a series of incorrect decisions based on a misinterpretation of the grid layout and the meaning of the grid symbols. In Step 1, the model chose 'Up', which was invalid because the player was already at the top-left corner of the grid, and moving up would be out of bounds. The environment feedback confirmed this, as the player 'hit the boundary' and stayed in place. In Step 2, the model moved 'Right' to (0,1), which was on a 'D' cell (a frozen tile), but this was not a problem until Step 3, where the model moved 'Down' to (1,1), which was a 'C' cell—a hole, leading to the episode ending. The model failed to interpret 'C' as a hole and 'D' as a frozen tile, and also misjudged the grid position in Step 1. The playbook references include entries that emphasize evaluating target cells before action, validating observations, and using fallback strategies, but the model did not apply them correctly. The model also incorrectly assumed the player was at (1,1) in Step 3, which was a misinterpretation of the grid state.",
  "error_identification": "The model made several errors: (1) it incorrectly assumed the player could move 'Up' from the top-left corner (0,0), which is out of bounds; (2) it misinterpreted the grid positions and symbols, particularly 'C' as a safe tile instead of a hole; and (3) it did not apply the playbook's guidance to evaluate target cell properties before taking action.",
  "root_cause_analysis": "The model misunderstood the grid symbols and their meanings. It assumed 'C' was a safe tile or a neutral player instead of a hole, and it also failed to correctly assess the grid positions, leading to invalid or dangerous moves. This indicates a conceptual misunderstanding of the environment and a lack of proper grid state validation before taking actions.",
  "correct_approach": "The model should have validated the grid position and symbol meanings before taking any action. It should have checked if a move would be out of bounds (e.g., moving 'Up' from (0,0)) and interpreted 'C' as a hole that would end the episode. Additionally, it should have used the playbook's guidance to evaluate the properties of each target cell (e.g., whether it is a hole, wall
[Reflector] Structured reflection captured
[Playbook] feedback (fallback): +0 helpful / +3 harmful / 0 neutral

[Curator raw]
{
  "reasoning": "The reflection indicates that the previous Reflector output was not valid JSON, which suggests that the system lacks a robust mechanism to handle malformed or non-compliant outputs from the Reflector. Although the current playbook includes several strategies for validating Reflector outputs and handling errors, the specific issue of invalid JSON output from the Reflector has not been explicitly addressed. This represents a critical gap in the playbook since it directly impacts the system's ability to process feedback and refine its behavior. A focused addition on handling JSON parsing errors from the Reflector would complement the existing strategies and ensure the system remains resilient to malformed feedback.",
  "operations": [
    {
      "type": "ADD",
      "content": "Implement a JSON parsing validation step specifically for Reflector outputs to detect and handle malformed JSON errors, such as invalid syntax or missing fields, ensuring the system can recover gracefully and continue the learning process without interruption."
    }
  ]
}
[Curator] Approved 1 delta items
[Playbook] apply_delta: +1 add (0 skipped)
[Playbook] Size now: 15

========================================
=== Episode 12 ===
========================================
[Attempt 1] Actions:  ['Right', 'Right', 'Left', 'Right', 'Right', 'Right', 'Left', 'Down']
[Attempt 1] Feedback: Step 1: moved Right, now on D (frozen tile). Step 2: moved Right, now on D (frozen tile). Step 3: moved Left, now on D (frozen tile). Step 4: moved Right, now on D (frozen tile). Step 5: moved Right, now on D (frozen tile). Step 6: moved Right, now on D (frozen tile). Step 7: moved Left, now on D (frozen tile). Step 8: moved Down, now on D (frozen tile). Maximum steps reached.
[Attempt 1] Reward:   0

[Reflector raw]
{
  "reasoning": "The model's reasoning trace shows a consistent pattern of choosing 'Right' or 'Left' actions based on the assumption that 'D' cells are safe and can be traversed. However, the environment feedback clearly states that all the steps taken led to 'D' cells that are 'frozen tiles,' which likely means they are not passable and do not contribute to progress. The model's reasoning failed to correctly interpret the grid layout and the meaning of 'D' in the context of the game. It assumed 'D' was safe or neutral, but the environment feedback indicates that these cells are not valid for movement and prevent reaching the goal. Additionally, the model never attempted to move toward the goal directly or around the obstacles. The playbook entries referenced (e.g., [1], [4], [6]) emphasize deterministic action selection and evaluating target cell properties, but the model failed to apply these strategies effectively. The model’s reasoning trace shows a lack of awareness of the grid's actual structure and the position of the goal, leading to a failure to reach the target within the step limit.",
  "error_identification": "The model incorrectly assumed that 'D' cells were safe and navigable, when in fact, the environment feedback indicates that the model remained on 'D' cells throughout the steps and never reached the goal. Additionally, the model did not account for the grid's actual structure or the positions of the obstacles and the goal, leading to a failure to plan a valid path.",
  "root_cause_analysis": "The model misunderstood the meaning of 'D' in the grid. It assumed 'D' represented safe, open tiles, but the environment feedback indicates that 'D' may represent frozen or impassable tiles. This conceptual error led to a misinterpretation of the grid layout and the failure to select valid and goal-directed movements.",
  "correct_approach": "The model should have first interpreted the grid correctly, identifying which cells are passable and which are not. It should have used the grid coordinates to determine the correct path from 'A' to 'B', avoiding 'C' (which may be obstacles) and ensuring that each move brought it closer to the goal. The model should have validated each potential action by checking the cell's properties before making a move, as suggested by playbook entry [4]. It should have also used a more systematic approach to pathfinding, rather than relying on assumed properties of 'D' cells.",
  "key_insight": "The model
[Reflector] Structured reflection captured
[Playbook] feedback (fallback): +0 helpful / +3 harmful / 0 neutral

[Curator raw]
{
  "reasoning": "The reflection indicates that the Reflector's output was not valid JSON, which suggests a lack of robustness in handling malformed or unstructured feedback. While the current playbook includes several strategies for validating and handling invalid Reflector outputs (e.g., JSON schema validation, fallback mechanisms, and error recovery), there is no explicit mention of ensuring the Reflector itself produces valid JSON. This is a critical gap, as the playbook's effectiveness relies on the Reflector's output being structured and valid. Adding a strategy to enforce or guide the Reflector to produce valid JSON would complement the existing validation mechanisms and prevent errors at the source.",
  "operations": [
    {
      "type": "ADD",
      "content": "Implement a pre-processing step to guide or enforce the Reflector to produce valid JSON output by providing structured prompts or templates, ensuring that the feedback conforms to the required schema before it is processed by the playbook."
    }
  ]
}
[Curator] Approved 1 delta items
[Playbook] apply_delta: +1 add (0 skipped)
[Playbook] Size now: 16

========================================
=== Episode 13 ===
========================================
[Attempt 1] Actions:  ['Right', 'Up', 'Down', 'Right', 'Left', 'Right', 'Right', 'Up']
[Attempt 1] Feedback: Step 1: moved Right, now on D (frozen tile). Step 2: moved Up, hit the boundary, stayed in place. Step 3: moved Down, now on D (frozen tile). Step 4: moved Right, now on D (frozen tile). Step 5: moved Left, now on D (frozen tile). Step 6: moved Right, now on D (frozen tile). Step 7: moved Right, now on D (frozen tile). Step 8: moved Up, now on D (frozen tile). Maximum steps reached.
[Attempt 1] Reward:   0

[Reflector raw]
{
  "reasoning": "The model's reasoning trace shows that it repeatedly attempted to move the player in directions that led to invalid or frozen tiles ('D'), ultimately failing to reach the goal within the 8-step limit. The environment feedback confirms that all moves resulted in either staying in place or moving to a 'D' tile, which is not a valid path. The model consistently misinterpreted the grid's layout, assuming that 'D' tiles were passable or that the player could move into them. The playbook entries used by the model (e.g., 1, 4, 6, 7) emphasize deterministic action selection, evaluating target cell properties, and exploring based on grid layout. However, the model failed to correctly identify which cells were navigable and which were obstacles. This led to a series of invalid moves that wasted all steps without making progress toward the goal. The model did not account for the environment's constraints (e.g., 'D' as walls) and relied on incorrect assumptions about the grid's structure.",
  "error_identification": "The model misinterpreted the grid layout, assuming that 'D' tiles were passable or navigable when they are actually walls or frozen tiles. This led to all actions being invalid or non-progressive. The reasoning trace also incorrectly assessed the player's position and the surrounding tiles in several steps, leading to repeated invalid moves.",
  "root_cause_analysis": "The model misunderstood the grid symbols, specifically the meaning of 'D' as a wall or frozen tile. It did not properly validate the navigability of each tile before selecting an action, which is a critical step in grid-based navigation. This conceptual misunderstanding caused the model to repeatedly attempt moves into invalid tiles, leading to failure.",
  "correct_approach": "The model should have validated the navigability of each target cell before selecting an action. It should have correctly interpreted that 'D' tiles are impassable and avoided them. Additionally, the model should have maintained a consistent understanding of the player's position and the surrounding grid structure at each step, ensuring that actions only led to valid, navigable tiles.",
  "key_insight": "Always validate the navigability of a tile before selecting an action. Understand the grid symbol meanings explicitly (e.g., 'D' is a wall, 'C' is a navigable cell, and 'B' is the goal). Maintain a consistent and accurate internal representation of the player's position and the grid layout to avoid invalid moves.",
  "bullet_tags
[Reflector] Structured reflection captured
[Playbook] feedback (fallback): +0 helpful / +4 harmful / 0 neutral

[Curator raw]
{
  "reasoning": "The current playbook has several strategies focused on ensuring valid JSON output from the Reflector, handling invalid observations, and balancing exploration with exploitation. However, the recent reflection indicates that the Reflector's output was not valid JSON, and no structured diagnosis was available. This suggests a lack of comprehensive strategies to diagnose and resolve malformed Reflector outputs in real-time. Additionally, while there are strategies for handling invalid observations and fallback actions, there is no explicit strategy for systematically diagnosing the root cause of invalid Reflector outputs. This gap could lead to repeated errors or incomplete feedback cycles, which would hinder the learning process. Therefore, a new operation is needed to address this missing insight.",
  "operations": [
    {
      "type": "ADD",
      "content": "Implement a structured diagnostic framework to analyze and log the root causes of invalid or non-compliant Reflector outputs, enabling targeted improvements to the Reflector's output generation and ensuring more actionable feedback for the playbook."
    }
  ]
}
[Curator] Approved 1 delta items
[Playbook] apply_delta: +1 add (0 skipped)
[Playbook] Size now: 17

========================================
=== Episode 14 ===
========================================
[Attempt 1] Actions:  ['Right', 'Right', 'Right', 'Right', 'Right', 'Right', 'Right', 'Right']
[Attempt 1] Feedback: Step 1: moved Right, now on D (frozen tile). Step 2: moved Right, hit the boundary, stayed in place. Step 3: moved Right, hit the boundary, stayed in place. Step 4: moved Right, hit the boundary, stayed in place. Step 5: moved Right, hit the boundary, stayed in place. Step 6: moved Right, hit the boundary, stayed in place. Step 7: moved Right, hit the boundary, stayed in place. Step 8: moved Right, hit the boundary, stayed in place. Maximum steps reached.
[Attempt 1] Reward:   0

[Reflector raw]
{
  "reasoning": "The model's reasoning trace consistently assumed that moving 'Right' would lead to the goal or a safe cell, and that the player was starting at the top-left corner of the grid. However, the environment feedback clearly shows that after the first 'Right' move, the player was on a 'D' tile, which is a frozen tile (presumably not the goal). Subsequent 'Right' moves resulted in hitting the boundary and staying in place, indicating that the model's assumption about the grid layout was incorrect. The model did not verify the actual position or properties of the tiles it was moving into, and instead relied on speculative assumptions about the grid layout and the meaning of symbols (e.g., assuming 'B' was the goal and 'D' was a hazard). This led to a sequence of 8 'Right' moves that resulted in no progress and a reward of 0. The playbook entries used by the generator (1, 4, 7) were intended to guide the model toward informed decision-making, but the model failed to apply them effectively.",
  "error_identification": "The model made a critical error in assuming the player's starting position and the grid layout. It also failed to verify the actual properties of the tiles before moving, instead relying on speculative assumptions. This led to repeated invalid moves and no progress toward the goal.",
  "root_cause_analysis": "The model misunderstood the grid's structure and the meanings of the symbols. It assumed the player was at the top-left corner and that 'B' was the goal, but it did not validate these assumptions with the environment feedback. Additionally, the model failed to apply the playbook's guidance (e.g., evaluating target cell properties before acting) in a way that would have led to a more informed decision.",
  "correct_approach": "The model should have used the environment feedback to determine the player's actual position and the properties of the tiles. It should have avoided making speculative assumptions about the grid layout and instead used the feedback to adjust its strategy dynamically. The model should have evaluated the consequences of each potential move (e.g., checking if 'Right' was valid or led to a boundary) before acting.",
  "key_insight": "Always validate assumptions with environment feedback and ensure that decisions are based on actual observations, not speculative interpretations. When evaluating target cells, consider the immediate consequences of the action and the risk of hitting boundaries or invalid tiles.",
  "bullet_tags": [
    {"id": 1
[Reflector] Structured reflection captured
[Playbook] feedback (fallback): +0 helpful / +3 harmful / 0 neutral

[Curator raw]
{
  "reasoning": "The reflection indicates that the Reflector's output was not valid JSON, but no structured diagnosis was available. This highlights a gap in the playbook regarding the ability to handle invalid Reflector outputs in a more comprehensive and proactive manner. While the playbook already includes several mechanisms for handling malformed or invalid Reflector outputs (e.g., validation, fallbacks, retries), there is no explicit strategy for guiding the Reflector to produce valid JSON in the first place, especially when the Reflector lacks structured prompts or templates. This insight suggests that the playbook should be enhanced by introducing a new operation that explicitly focuses on improving the Reflector's output quality through structured prompting or template-based guidance, thereby reducing the occurrence of invalid outputs and improving the overall robustness of the system.",
  "operations": [
    {
      "type": "ADD",
      "content": "Implement a structured prompting mechanism for the Reflector that enforces the use of predefined JSON templates or schemas to guide the generation of valid and structured feedback, ensuring that the output conforms to the required format before it is processed by the playbook."
    }
  ]
}
[Curator] Approved 1 delta items
[Playbook] apply_delta: +1 add (0 skipped)
[Playbook] Size now: 18

========================================
=== Episode 15 ===
========================================
[Attempt 1] Actions:  ['Right', 'Right', 'Down', 'Down']
[Attempt 1] Feedback: Step 1: moved Right, now on D (frozen tile). Step 2: moved Right, now on D (frozen tile). Step 3: moved Down, now on D (frozen tile). Step 4: moved Down, reached B (goal)!
[Attempt 1] Reward:   1

[Reflector raw]
{
  "reasoning": "The model's reasoning trace shows that it incorrectly assumed that the player could move into cells labeled 'D' in the grid. According to the environment feedback, the player was placed on 'D' tiles after moving 'Right' or 'Down', which are described as 'frozen tiles'—likely meaning they are not passable. This is a critical error because the grid layout clearly indicates that 'D' represents obstacles or impassable tiles, and the model failed to recognize this during the initial steps. Despite playbook entries like [1] and [4] emphasizing deterministic movement and evaluating target cell properties, the model did not correctly interpret the grid's meaning. Instead of avoiding 'D' tiles, it moved into them, which led to being stuck until the final move, where it reached 'B'. The model's failure to interpret the grid correctly and apply the playbook's guidance on target cell evaluation led to inefficient and incorrect movement choices.",
  "error_identification": "The model misinterpreted the grid layout, assuming that 'D' tiles were passable or safe when, in fact, the environment feedback indicates that they are 'frozen tiles'—likely impassable. This error persisted across multiple steps, including Step 1, Step 2, and Step 3, where the model moved into 'D' tiles despite the environment feedback and grid layout suggesting otherwise.",
  "root_cause_analysis": "The model misunderstood the meaning of the 'D' symbol in the grid, assuming it represented a neutral or safe cell rather than an obstacle. This conceptual error in interpreting grid symbols led to a failure in evaluating target cell properties, as emphasized in playbook entry [4]. The model did not validate the cell's state before moving, which is a core principle in grid navigation tasks.",
  "correct_approach": "The model should have evaluated the target cell's properties before taking any action. It should have recognized that 'D' is an obstacle and avoided it. Instead of moving 'Right' or 'Down' into 'D' tiles, it should have considered alternative paths or identified that the initial position was already at a dead end, requiring a different strategy to reach 'B'.",
  "key_insight": "Always validate the properties of the target cell before taking an action in a grid-based environment. Misinterpreting grid symbols like 'D' as passable can lead to invalid moves and failure to reach the goal. The playbook entry [4] explicitly emphasizes this, and its principles should have
[Reflector] Structured reflection captured
[Playbook] feedback (fallback): +4 helpful / +0 harmful / 0 neutral

[Curator raw]
{
  "reasoning": "The recent reflection indicates that the Reflector's output was not valid JSON, which caused a disruption in the learning and refinement process. While the current playbook includes several strategies to handle invalid Reflector outputs (e.g., validation, fallback mechanisms, error recovery), none explicitly address the need for the Generator to proactively validate the structure of its own outputs before they are used for decision-making. This gap could lead to cascading failures if the Generator's output is malformed or inconsistent, especially in deterministic grid navigation where precision is critical. Adding a new operation to enforce Generator output validation would complement the existing strategies and ensure robustness at the source of the feedback loop.",
  "operations": [
    {
      "type": "ADD",
      "content": "Implement a validation step for the Generator's output to ensure it conforms to the expected JSON schema before being used for action selection, preventing malformed or inconsistent feedback from disrupting the navigation and learning process."
    }
  ]
}
[Curator] Approved 1 delta items
[Playbook] apply_delta: +1 add (0 skipped)
[Playbook] Size now: 19
[Playbook] grow_and_refine: no duplicates found.

========================================
=== Episode 16 ===
========================================
[Attempt 1] Actions:  ['Right', 'Right', 'Right', 'Right', 'Right', 'Left', 'Down', 'Down']
[Attempt 1] Feedback: Step 1: moved Right, now on D (frozen tile). Step 2: moved Right, now on D (frozen tile). Step 3: moved Right, now on D (frozen tile). Step 4: moved Right, hit the boundary, stayed in place. Step 5: moved Right, hit the boundary, stayed in place. Step 6: moved Left, now on D (frozen tile). Step 7: moved Down, now on D (frozen tile). Step 8: moved Down, now on D (frozen tile). Maximum steps reached.
[Attempt 1] Reward:   0

[Reflector raw]
{
  "reasoning": "The model's reasoning trace shows a consistent pattern of choosing 'Right' for the first five steps, which led the agent to hit the boundary of the grid and become stuck. This was followed by a 'Left' move, which brought the agent back to a valid position, but the subsequent steps again led to suboptimal movement. The key issue lies in the model's inability to accurately track the agent's position on the grid and make decisions based on the actual grid layout. The model repeatedly assumes that 'Right' will lead to a safe tile, but in reality, the grid structure limits movement. Additionally, the model fails to recognize that the 'C' symbol is not a wall but a target, and the 'B' symbol is the actual goal. The model's reasoning is based on a flawed understanding of the grid, leading to a failure to reach the goal within the allowed steps. The environment feedback confirms that the agent remained on frozen tiles (D) and did not reach 'B' at the bottom-right corner. The playbook entries used (e.g., [1, 4, 7]) suggest strategies for deterministic movement and risk evaluation, but the model applied them incorrectly due to a misinterpretation of the grid symbols and positions.",
  "error_identification": "The model's reasoning is based on an incorrect assumption about the agent's position and the grid layout. Specifically, it assumes that moving 'Right' will always lead to a safe tile, but in reality, the grid structure prevents this movement after a few steps. The model also fails to recognize that the 'C' symbol is not a wall but a target, and the 'B' symbol is the actual goal. This leads to a series of suboptimal moves that do not progress the agent toward the goal.",
  "root_cause_analysis": "The root cause of the error is a misunderstanding of the grid's structure and the meaning of the symbols. The model incorrectly assumes that 'C' is a wall or hazard, but in reality, 'C' is a target, and 'B' is the goal. The model also fails to track its position accurately on the grid, leading to repeated invalid or unproductive moves. This indicates a conceptual error in how the grid symbols are interpreted, which is critical to successful navigation.",
  "correct_approach": "The model should have accurately tracked the agent's position and interpreted the grid symbols correctly. It should have recognized that 'C' is a target and 'B'
[Reflector] Structured reflection captured
[Playbook] feedback (fallback): +0 helpful / +3 harmful / 0 neutral

[Curator raw]
{
  "reasoning": "The recent reflection indicates that the Reflector output was not valid JSON, which suggests a need for additional mechanisms to ensure the Reflector's outputs are always structured and valid. While the current playbook has several entries focused on validating Reflector outputs (e.g., JSON schema validation, fallback mechanisms, and structured prompting), there is no explicit strategy to train or improve the Reflector itself to produce valid outputs proactively. This represents a missing insight that could prevent invalid Reflector outputs at the source, rather than just handling them after the fact. Adding a strategy to improve the Reflector's output consistency through iterative training or feedback would complement the existing validation mechanisms and improve the overall robustness of the system.",
  "operations": [
    {
      "type": "ADD",
      "content": "Implement an iterative training mechanism for the Reflector that uses feedback from the playbook's validation steps to refine and improve its ability to generate valid JSON outputs, ensuring that future Reflector outputs are more consistent and compliant with the expected schema."
    }
  ]
}
[Curator] Approved 1 delta items
[Playbook] apply_delta: +1 add (0 skipped)
[Playbook] Size now: 20

========================================
=== Episode 17 ===
========================================
[Attempt 1] Actions:  ['Right', 'Left', 'Right', 'Right', 'Down']
[Attempt 1] Feedback: Step 1: moved Right, now on D (frozen tile). Step 2: moved Left, now on D (frozen tile). Step 3: moved Right, now on D (frozen tile). Step 4: moved Right, now on D (frozen tile). Step 5: moved Down, stepped on C (hole), episode over.
[Attempt 1] Reward:   0

[Reflector raw]
{
  "reasoning": "The model's reasoning trace indicates that it attempted to navigate from the starting position (A) to the goal (B) by taking a series of 'Right', 'Left', and 'Down' steps. However, the environment feedback reveals that the model's actions led it to repeatedly land on 'D' tiles, which are described as 'frozen tiles' (i.e., impassable or invalid), and ultimately to a 'C' tile, which is a 'hole' that ended the episode. This suggests that the model misinterpreted the meaning of the grid symbols, particularly 'D' and 'C', and did not follow the playbook's guidance effectively. The model's reasoning consistently assumed that 'D' was a safe or open tile, which led to invalid movement and failure to reach the goal. Additionally, the model failed to recognize that 'C' was a 'hole' (a terminal state) and thus should have avoided it. The playbook entry [4] emphasizes evaluating the properties of each target cell, which the model did not do correctly, and instead treated 'D' as a safe tile. This error propagated through all the steps, resulting in the failure to reach the goal and a reward of 0.",
  "error_identification": "The model incorrectly assumed that 'D' tiles were safe or passable, leading to invalid moves, and failed to recognize that 'C' was a 'hole' (a terminal, invalid state). The model's reasoning did not align with the actual environment feedback, which indicated that 'D' tiles were frozen and 'C' was a hole. This led to repeated invalid moves and a premature termination of the episode.",
  "root_cause_analysis": "The model misunderstood the grid symbol semantics, specifically the meaning of 'D' and 'C'. It treated 'D' as a safe tile rather than a frozen or impassable tile, and failed to recognize 'C' as a hole. This conceptual misunderstanding is the root cause of the incorrect reasoning and actions. The model did not apply playbook entry [4], which instructs to evaluate the properties of each potential target cell before taking an action.",
  "correct_approach": "The model should have interpreted the grid symbols correctly, treating 'D' as a frozen tile (impassable) and 'C' as a hole (invalid). It should have applied the guidance in playbook entry [4] to evaluate the properties of each target cell before taking an action. Instead of assuming 'D
[Reflector] Structured reflection captured
[Playbook] feedback (fallback): +0 helpful / +4 harmful / 0 neutral

[Curator raw]
{
  "reasoning": "The recent reflection indicates that the Reflector's output was not valid JSON, which suggests a need for additional strategies to enforce structured and valid feedback generation. While the current playbook includes multiple strategies for validating Reflector outputs, there is a gap in explicitly addressing the root cause of invalid JSON output by the Reflector itself. The playbook lacks a proactive approach to train or guide the Reflector to consistently generate valid JSON feedback. This insight should be added as a new operation to ensure the Reflector's output is not only validated but also improved through targeted training or prompting strategies.",
  "operations": [
    {
      "type": "ADD",
      "content": "Implement a feedback-driven training mechanism for the Reflector that uses validation results from the playbook to iteratively refine its output generation process, ensuring it learns to produce valid JSON feedback over time."
    }
  ]
}
[Curator] Approved 1 delta items
[Playbook] apply_delta: +1 add (0 skipped)
[Playbook] Size now: 21

========================================
=== Episode 18 ===
========================================
[Attempt 1] Actions:  ['Down', 'Right', 'Down', 'Right']
[Attempt 1] Feedback: Step 1: moved Down, now on D (frozen tile). Step 2: moved Right, now on D (frozen tile). Step 3: moved Down, now on D (frozen tile). Step 4: moved Right, reached B (goal)!
[Attempt 1] Reward:   1

[Reflector raw]
{
  "reasoning": "The model's reasoning trace shows that it made a series of actions in the grid navigation game: ['Down', 'Right', 'Down', 'Right'] which ultimately resulted in reaching the goal 'B' and receiving a reward of 1. However, the reasoning process reveals a critical conceptual misunderstanding. At every step, the model assumed that 'D' was a safe or neutral cell, and that 'C' might be an obstacle or hazard. This assumption led to the model taking a path that, while eventually reaching the goal, was not based on an accurate understanding of the grid's structure or the meaning of the symbols. The model failed to recognize that 'D' is a frozen tile (as per the environment feedback), meaning the agent cannot move through it, and that the correct path required avoiding these tiles. Additionally, the model did not account for the grid's actual structure, which is: [A C D], [D D D], [C D B]. Based on this, the path from A to B should have been: Down (to D), then Right (to D), then Right (to B), which is what the model did. However, the model incorrectly believed that it was on a valid path at each step, without recognizing that 'D' is a frozen tile and that the agent is not allowed to step on it. The environment feedback clarified that the agent was on a frozen tile at each step, which should have been treated as an invalid or blocked cell.",
  "error_identification": "The model made a conceptual error by assuming that 'D' was a safe or neutral cell, rather than recognizing it as a frozen tile. It also failed to accurately map the grid and its constraints based on the environment feedback, leading to a misunderstanding of the actual movement rules and valid actions.",
  "root_cause_analysis": "The root cause of the error is a misunderstanding of the grid's symbols and their associated properties. The model incorrectly interpreted 'D' as a safe or neutral cell, when in fact it is a frozen tile that the agent cannot move on. The model also failed to update its internal state based on the environment feedback, which clearly indicated that the agent was on a frozen tile at each step. This indicates a failure to incorporate feedback into the model's decision-making process and a lack of alignment between the playbook entries and the actual environment rules.",
  "correct_approach": "The model should have treated 'D' as a frozen tile and avoided it entirely.
[Reflector] Structured reflection captured
[Playbook] feedback (fallback): +2 helpful / +0 harmful / 0 neutral

[Curator raw]
{
  "reasoning": "The recent reflection indicates that the Reflector's output was not valid JSON, which suggests a lack of comprehensive strategies for ensuring the Reflector's output is both valid and structured. While the playbook contains several entries focused on validating Reflector outputs (e.g., JSON schema validation, fallback mechanisms, and dynamic schema validation), none explicitly address the need for structured prompting or training of the Reflector itself to proactively generate valid JSON. Additionally, there is no mention of monitoring the Reflector's output quality over time and using that data to refine its training process. These are critical missing elements that would improve the robustness and reliability of the system.",
  "operations": [
    {
      "type": "ADD",
      "content": "Implement a structured training loop for the Reflector that incorporates validation results from the playbook into its training data, ensuring that it learns from its mistakes and generates increasingly accurate and compliant JSON feedback over time."
    },
    {
      "type": "ADD",
      "content": "Introduce a monitoring system that tracks the frequency and types of errors in Reflector outputs, enabling the playbook to adaptively adjust its validation and recovery strategies based on observed patterns in the Reflector's performance."
    }
  ]
}
[Curator] Approved 2 delta items
[Playbook] apply_delta: +2 add (0 skipped)
[Playbook] Size now: 23

========================================
=== Episode 19 ===
========================================
[Attempt 1] Actions:  ['Down', 'Right']
[Attempt 1] Feedback: Step 1: moved Down, now on D (frozen tile). Step 2: moved Right, reached B (goal)!
[Attempt 1] Reward:   1

[Reflector raw]
{
  "reasoning": "The model's reasoning trace shows that it initially moved 'Down' to the bottom-left cell (D), which was identified as a frozen tile (safe to move on). Then, from that position, it moved 'Right' to the bottom-right cell (B), which was the goal. The environment feedback confirmed that this path was valid and successful, resulting in a reward of 1. However, the model's reasoning in Step 1 was based on the assumption that D could be a wall or hazard, which led to unnecessary risk assessment. In Step 2, the model made a correct decision to move Right to reach the goal. Despite the successful outcome, the reasoning in Step 1 could have been more confident, as the model was overly cautious about the D tile without any evidence that it was a hazard. The playbook entries [1] and [4] were used, and they were helpful in guiding the action selection. However, the model did not fully trust the deterministic strategy suggested by [1] or the risk evaluation from [4], which led to a slightly suboptimal initial move that could have been avoided with more confidence in the grid layout.",
  "error_identification": "The model incorrectly assumed that the D tile was potentially hazardous without any evidence to support this, leading to unnecessary risk assessment and a less optimal initial move.",
  "root_cause_analysis": "The model misunderstood the grid layout and the meaning of the symbol D. It assumed D was a hazard or wall without any confirmation from the environment feedback, which led to overly cautious reasoning. The model did not fully trust the deterministic strategy in the playbook and failed to interpret D as a safe tile (frozen tile), which is a common symbol in grid navigation games.",
  "correct_approach": "The model should have interpreted the D tile as a safe tile (frozen tile) based on prior knowledge of grid navigation conventions and not assumed it was a hazard without evidence. It should have proceeded with the deterministic strategy of moving directly toward the goal, using the playbook's guidance without overcomplicating the decision.",
  "key_insight": "In grid navigation tasks, symbols like D are often safe tiles (frozen tiles), and the model should not assume they are hazards unless explicitly indicated by environment feedback. Trusting the deterministic strategy from the playbook and interpreting grid symbols based on known conventions can lead to more efficient and accurate path selection.",
  "bullet_tags": [
    {"id": 1, "tag": "
[Reflector] Structured reflection captured
[Playbook] feedback (fallback): +2 helpful / +0 harmful / 0 neutral

[Curator raw]
{
  "reasoning": "The reflection indicates that the Reflector's output was not valid JSON, which implies a lack of robustness in handling malformed or unstructured feedback. While the playbook contains several entries related to validating Reflector outputs, including schema validation, fallback mechanisms, and error recovery, none explicitly address the scenario where the Reflector completely fails to produce structured feedback. Additionally, there is no mention of proactively training the Reflector to avoid such issues, beyond iterative training loops. A new insight is needed to address this gap by introducing a mechanism that not only recovers from invalid Reflector outputs but also actively improves the Reflector's ability to generate valid JSON through targeted reinforcement learning. This addition would complement the existing strategies by focusing on proactive prevention rather than just reactive recovery.",
  "operations": [
    {
      "type": "ADD",
      "content": "Implement a reinforcement learning component that trains the Reflector to generate valid JSON by rewarding it for producing compliant outputs and penalizing it for invalid or malformed feedback, thereby ensuring future outputs are more consistent and actionable without requiring extensive post-processing."
    }
  ]
}
[Curator] Approved 1 delta items
[Playbook] apply_delta: +1 add (0 skipped)
[Playbook] Size now: 24

========================================
=== Episode 20 ===
========================================
[Attempt 1] Actions:  ['Up', 'Right', 'Down', 'Right', 'Left', 'Right', 'Right', 'Right']
[Attempt 1] Feedback: Step 1: moved Up, hit the boundary, stayed in place. Step 2: moved Right, now on D (frozen tile). Step 3: moved Down, now on D (frozen tile). Step 4: moved Right, now on D (frozen tile). Step 5: moved Left, now on D (frozen tile). Step 6: moved Right, now on D (frozen tile). Step 7: moved Right, hit the boundary, stayed in place. Step 8: moved Right, hit the boundary, stayed in place. Maximum steps reached.
[Attempt 1] Reward:   0

[Reflector raw]
{
  "reasoning": "The model's reasoning trace shows a series of incorrect movement decisions, all of which led to the player remaining on 'D' tiles or hitting boundaries. The environment feedback confirms that every action after the first resulted in the player either staying in place (due to hitting a boundary or stepping on a 'D' tile) or not making progress toward the goal 'B'. The model's reasoning repeatedly assumes that 'D' tiles are not obstacles, but the environment feedback indicates that these tiles are 'frozen' tiles, which prevent movement. The model also appears to misinterpret the grid layout, including the player's position and the location of the goal 'B'. This is compounded by the lack of learning from previous failed steps, as the model continues to select actions that result in no progress, despite clear feedback that these actions are invalid or unproductive. The playbook entries referenced by the model (1 and 4) are helpful in general, but the model fails to apply their guidance correctly in this context, such as evaluating the properties of each potential target cell or ensuring consistent and predictable movement based on the grid's layout.",
  "error_identification": "The model repeatedly selected actions that led to either hitting boundaries or stepping on 'D' tiles, which are 'frozen' tiles. This was due to a misunderstanding of the grid's layout and the properties of the 'D' symbol, which the model incorrectly assumed to be passable or non-obstructive. Additionally, the model did not adapt its strategy based on the environment feedback, leading to repeated failures.",
  "root_cause_analysis": "The root cause of the error is a fundamental misunderstanding of the grid's symbols, particularly the 'D' tiles. The model incorrectly interpreted 'D' as a non-obstacle or a passable tile, when in fact, the environment feedback indicates that 'D' tiles are 'frozen' and prevent movement. This misinterpretation led to invalid actions being selected repeatedly. The model also failed to update its internal assumptions based on the environment feedback, which is a critical component of successful grid navigation.",
  "correct_approach": "The model should have interpreted the 'D' tiles as obstacles or frozen tiles that prevent movement. It should have avoided selecting any action that would lead to stepping on a 'D' tile or hitting a boundary. Additionally, the model should have used the environment feedback after each step to refine its understanding of the grid's properties and adjust its strategy accordingly. For example, after the first
[Reflector] Structured reflection captured
[Playbook] feedback (fallback): +0 helpful / +2 harmful / 0 neutral

[Curator raw]
{
  "reasoning": "The existing playbook contains multiple strategies focused on ensuring valid JSON output from the Reflector, error handling, and validation mechanisms. However, the recent reflection indicates that the Reflector's output was not valid JSON, and no structured diagnosis was available. This suggests that the current playbook lacks a comprehensive mechanism for diagnosing and addressing malformed Reflector outputs in real-time. While there are strategies for fallback actions and validation, there is no explicit focus on real-time diagnostic analysis of the Reflector's output to identify the root cause of errors and adaptively improve the system. This insight should be added to the playbook to enhance its robustness and responsiveness to invalid Reflector outputs.",
  "operations": [
    {
      "type": "ADD",
      "content": "Implement a real-time diagnostic analysis system for Reflector outputs that identifies the root cause of malformed or invalid JSON (e.g., missing fields, syntax errors) and logs actionable insights for targeted improvements to the Reflector's output generation process."
    }
  ]
}
[Curator] Approved 1 delta items
[Playbook] apply_delta: +1 add (0 skipped)
[Playbook] Size now: 25
[Playbook] grow_and_refine: no duplicates found.

========================================
=== Episode 21 ===
========================================
[Attempt 1] Actions:  ['Right', 'Right', 'Left', 'Down', 'Left', 'Right', 'Right', 'Right']
[Attempt 1] Feedback: Step 1: moved Right, now on D (frozen tile). Step 2: moved Right, now on D (frozen tile). Step 3: moved Left, now on D (frozen tile). Step 4: moved Down, now on D (frozen tile). Step 5: moved Left, now on D (frozen tile). Step 6: moved Right, now on D (frozen tile). Step 7: moved Right, now on D (frozen tile). Step 8: moved Right, hit the boundary, stayed in place. Maximum steps reached.
[Attempt 1] Reward:   0

[Reflector raw]
{
  "reasoning": "The model's reasoning trace indicates a consistent misunderstanding of the grid layout and the nature of the 'D' tiles. Based on the environment feedback, the model assumed that 'D' was a wall or obstacle, but the actual environment indicates that 'D' is a 'frozen tile'—a safe tile that can be traversed. This misunderstanding led the model to incorrectly believe that moving in any direction would result in hitting a wall or obstacle, even though the environment feedback shows that the model was actually moving across 'D' tiles, which are safe. The model also made a final move that hit the boundary, which suggests it failed to correctly interpret the grid's boundaries and the position of the goal ('B'). The playbook entries used (1 and 4) emphasize deterministic movement and evaluating the properties of target cells, but the model's failure to correctly interpret 'D' as a safe tile and not a wall is the root cause of the error. This led to a series of invalid or unproductive moves, resulting in a reward of 0.",
  "error_identification": "The model incorrectly assumed that 'D' tiles were walls or obstacles, when in fact they are safe tiles. This led to the model making incorrect decisions about the validity of movements, and failing to recognize that it was on a valid path toward the goal. Additionally, the model failed to correctly interpret the grid's boundaries, leading to an invalid final move.",
  "root_cause_analysis": "The model misunderstood the meaning of the 'D' symbol in the grid. It assumed 'D' represented an obstacle or wall, but the environment feedback shows that 'D' is a 'frozen tile' that can be moved on. This conceptual error in interpreting the grid symbols caused all subsequent reasoning and movement decisions to be flawed. The model also failed to correctly track its position and the grid's boundaries, leading to the final invalid move.",
  "correct_approach": "The model should have correctly interpreted the 'D' symbol as a safe tile, not an obstacle, and used that information to make movement decisions. It should have recognized that it was moving across the grid toward the goal and adjusted its path accordingly. Additionally, it should have tracked its position more accurately and ensured that it did not attempt to move beyond the grid's boundaries.",
  "key_insight": "Always ensure that the meaning of grid symbols is correctly interpreted based on the environment feedback. Do not make assumptions about the meaning of symbols without explicit confirmation from
[Reflector] Structured reflection captured
[Playbook] feedback (fallback): +0 helpful / +3 harmful / 0 neutral

[Curator raw]
{
  "reasoning": "The recent reflection indicates that the Reflector's output was not valid JSON, which suggests that the current playbook lacks a comprehensive strategy to handle invalid or malformed feedback from the Reflector. While several items address JSON validation and error recovery, the focus has been on the Generator's outputs and general error handling. A more targeted and proactive approach is needed to ensure the Reflector consistently produces valid JSON. This would involve not only validating the Reflector's output but also actively training it to conform to the required schema. The existing playbook has some coverage of this, but it lacks a unified, structured, and proactive training mechanism that explicitly focuses on improving the Reflector's output quality over time. Therefore, a new operation is needed to address this gap.",
  "operations": [
    {
      "type": "ADD",
      "content": "Implement a structured training loop for the Reflector that includes iterative feedback from the playbook's validation steps and uses reinforcement learning to reward valid JSON outputs while penalizing invalid or malformed ones, ensuring that the Reflector is trained to consistently generate compliant and actionable feedback."
    }
  ]
}
[Curator] Approved 1 delta items
[Playbook] apply_delta: +1 add (0 skipped)
[Playbook] Size now: 26

========================================
=== Episode 22 ===
========================================
[Attempt 1] Actions:  ['Right', 'Down', 'Down', 'Up', 'Right', 'Right', 'Down']
[Attempt 1] Feedback: Step 1: moved Right, now on D (frozen tile). Step 2: moved Down, now on D (frozen tile). Step 3: moved Down, now on D (frozen tile). Step 4: moved Up, now on D (frozen tile). Step 5: moved Right, now on D (frozen tile). Step 6: moved Right, hit the boundary, stayed in place. Step 7: moved Down, reached B (goal)!
[Attempt 1] Reward:   1

[Reflector raw]
{
  "reasoning": "The model's reasoning trace shows that it consistently made incorrect assumptions about the grid layout and the validity of moves, leading to a series of invalid actions. In Step 1, the model incorrectly identified the cell to the right of 'A' as an obstacle ('D'), but the environment feedback clarifies that the player was able to move right to a 'D' tile (a frozen tile), not an obstacle. This suggests that the model misinterpreted the meaning of 'D' as an obstacle rather than a navigable tile. In subsequent steps, the model continued to treat 'D' as an obstacle, leading to invalid reasoning about the grid and the available actions. This confusion likely stemmed from a misunderstanding of the grid symbol definitions. The model also failed to learn from the environment feedback, such as the fact that moving to a 'D' tile was allowed and did not result in an immediate failure. The playbook entries [1] and [4] were referenced but not applied correctly due to this conceptual misunderstanding. The model should have validated its assumptions about grid symbol meanings and used environment feedback to refine its understanding of the grid layout.",
  "error_identification": "The model misinterpreted the meaning of the symbol 'D' in the grid, treating it as an obstacle rather than a navigable tile. This led to incorrect reasoning about the validity of moves and a failure to recognize that 'D' tiles could be part of the path to the goal. The model also failed to update its reasoning based on environment feedback, such as the fact that moving to a 'D' tile did not result in an invalid move.",
  "root_cause_analysis": "The root cause of the error is a misunderstanding of the grid's symbol semantics. The model assumed that 'D' represented an obstacle, but in reality, it was a navigable tile (a 'frozen tile'). This conceptual error led to invalid reasoning about possible moves and hindered the model's ability to adapt its strategy based on environment feedback. The model did not correctly apply playbook entries [1] and [4], which emphasize deterministic action selection and evaluating the properties of target cells before taking an action.",
  "correct_approach": "The model should have first clarified the meaning of the grid symbols based on the environment feedback. It should have recognized that 'D' tiles were navigable and used this information to guide its action selection. Additionally, the model should have used the environment feedback (e.g., that moving to a 'D' tile was
[Reflector] Structured reflection captured
[Playbook] feedback (fallback): +2 helpful / +0 harmful / 0 neutral

[Curator raw]
{
  "reasoning": "The reflection indicates that the previous Reflector output was not valid JSON, but no structured diagnosis was available. This suggests a critical gap in the playbook: there is no strategy to proactively validate or enforce structured JSON output from the Reflector before it is processed. While the playbook includes several validation steps for the Reflector's output, such as schema validation, fallback mechanisms, and error logging, there is no explicit strategy to train or guide the Reflector to produce valid JSON in the first place. Adding a proactive training mechanism that rewards the Reflector for generating valid JSON and penalizes invalid output would complement the existing validation steps and ensure more reliable feedback for the playbook.",
  "operations": [
    {
      "type": "ADD",
      "content": "Implement a proactive training mechanism that rewards the Reflector for generating valid JSON outputs and penalizes invalid or malformed feedback, ensuring the Reflector learns to produce structured and actionable outputs without requiring extensive post-processing."
    }
  ]
}
[Curator] Approved 1 delta items
[Playbook] apply_delta: +1 add (0 skipped)
[Playbook] Size now: 27

========================================
=== Episode 23 ===
========================================
[Attempt 1] Actions:  ['Right', 'Right']
[Attempt 1] Feedback: Step 1: moved Right, now on D (frozen tile). Step 2: moved Right, stepped on C (hole), episode over.
[Attempt 1] Reward:   0

[Reflector raw]
{
  "reasoning": "The model's reasoning trace shows that it attempted to move 'Right' twice at the start of the game. According to the environment feedback, after the first 'Right' move, the model landed on a 'D' tile (frozen tile), which is not a terminal hazard but also not a step forward toward the goal. On the second 'Right' move, the model stepped onto a 'C' tile (hole), which resulted in the episode ending with a reward of 0. This indicates that the model failed to correctly interpret the grid layout and the properties of the tiles. Specifically, the model did not differentiate between 'D' (which may be a frozen tile or a wall) and 'C' (which is a hole or terminal hazard), nor did it take into account the consequences of its actions based on the environment feedback. The playbook entries referenced by the model (playbook entries 1 and 4) suggest it should evaluate the properties of each potential target cell before taking an action. However, the model failed to do this correctly, leading to a fatal move. The model also did not adjust its strategy after receiving feedback from the environment, which is a key issue in reinforcement learning and decision-making.",
  "error_identification": "The model misinterpreted the grid symbols and failed to recognize that 'C' is a terminal hazard (hole), while 'D' may be a safe tile (frozen tile). The model moved 'Right' twice, assuming both were safe moves, but the second move caused the episode to end. Additionally, the model did not adapt its strategy based on the environment feedback from the first move.",
  "root_cause_analysis": "The model misunderstood the meaning of the grid symbols, particularly the distinction between 'C' (hole) and 'D' (frozen tile). It also failed to apply the playbook's advice to evaluate the properties of each potential target cell before taking an action. The model did not update its decision-making process based on the feedback from the first move, which is a critical flaw in its reasoning and strategy execution.",
  "correct_approach": "The model should have evaluated the properties of each cell before taking an action. Specifically, it should have recognized that 'C' is a terminal hazard and avoided it. After the first move to 'D', the model should have used that feedback to assess the next move more carefully, perhaps by checking the grid layout again or avoiding a second 'Right' move. It should have also
[Reflector] Structured reflection captured
[Playbook] feedback (fallback): +0 helpful / +2 harmful / 0 neutral

[Curator raw]
{
  "reasoning": "The current playbook has a significant number of entries focused on handling invalid or non-compliant Reflector outputs, particularly around JSON validation, error recovery, and training mechanisms. However, the reflection indicates that the Reflector output was not valid JSON, and no structured diagnosis was available. This suggests a gap in the playbook related to proactive validation and structured diagnostics for Reflector outputs. While the playbook includes strategies for validation and fallbacks, it lacks a comprehensive mechanism to not only detect malformed outputs but also to provide structured diagnostics that identify the root cause of the error (e.g., missing fields, syntax issues). This insight is not covered in the current playbook and would complement existing strategies by providing actionable feedback for improvement.",
  "operations": [
    {
      "type": "ADD",
      "content": "Implement a structured diagnostic framework that not only identifies malformed Reflector outputs but also logs detailed root causes (e.g., missing fields, syntax errors) to guide targeted improvements in Reflector output generation."
    }
  ]
}
[Curator] Approved 1 delta items
[Playbook] apply_delta: +1 add (0 skipped)
[Playbook] Size now: 28

========================================
=== Episode 24 ===
========================================
[Attempt 1] Actions:  ['Down', 'Right']
[Attempt 1] Feedback: Step 1: moved Down, now on D (frozen tile). Step 2: moved Right, stepped on C (hole), episode over.
[Attempt 1] Reward:   0

[Reflector raw]
{
  "reasoning": "The model's reasoning trace indicates that it assumed the goal was at position 'B' (bottom-right) and attempted to move in directions that would bring it closer to that position. However, the environment feedback reveals that the first move 'Down' led to a 'D' tile, which is a 'frozen tile' (safe), and the second move 'Right' led to a 'C' tile, which is a 'hole' and caused the episode to end with a reward of 0. The model's error lies in not evaluating the properties of the target cells (as suggested by playbook entry [4]) before taking an action. It failed to recognize that moving right from the 'D' tile (after moving down) would lead to a 'C' tile, which is a hole. This indicates a lack of integration between grid layout interpretation and risk assessment. The model also did not adjust its strategy based on the environment feedback, as playbook entry [2] suggests, which could have helped it avoid future mistakes.",
  "error_identification": "The model failed to assess the properties of the target cell before taking the 'Right' action, leading to stepping on a 'hole' (C tile) and ending the episode. It also did not adjust its strategy based on the environment feedback, which could have helped it avoid the error.",
  "root_cause_analysis": "The root cause of the error is a misunderstanding of the grid environment and the properties of the tiles. The model assumed that moving toward the bottom-right (B) was always the optimal path without verifying the nature of the tiles it would step on. It did not apply the risk assessment strategy outlined in playbook entry [4], which emphasizes evaluating the properties of each potential target cell before taking an action. Additionally, the model did not update its strategy based on the environment feedback, as suggested in playbook entry [2], leading to a failure to learn from the mistake.",
  "correct_approach": "The model should have evaluated the properties of the tiles before taking an action, as outlined in playbook entry [4]. Specifically, it should have checked the nature of the tile to the right of the 'D' tile before moving there. It should also have integrated feedback from the environment, as suggested in playbook entry [2], to adjust its strategy and avoid repeating the same mistake. Instead of moving 'Right' after 'Down', it should have considered alternative paths that avoid stepping on 'C' tiles.",
  "key_insight
[Reflector] Structured reflection captured
[Playbook] feedback (fallback): +0 helpful / +2 harmful / 0 neutral

[Curator raw]
{
  "reasoning": "The current playbook contains a comprehensive set of strategies focused on ensuring valid JSON outputs, error handling, and robust learning mechanisms for the Reflector. However, the recent reflection indicates that the Reflector's output was not valid JSON, which suggests a gap in the playbook regarding proactive mechanisms to ensure the Generator's output is also valid and structured. While several items address the Reflector's output validation, there is no explicit focus on validating the Generator's output in the same way. This omission could lead to similar issues if the Generator's output is malformed or non-compliant. Therefore, adding a new operation to explicitly validate the Generator's output in a structured manner would provide a balanced approach and prevent potential disruptions in the learning and navigation process.",
  "operations": [
    {
      "type": "ADD",
      "content": "Implement a structured validation framework for the Generator's output to ensure it conforms to the expected JSON schema before being used for action selection, preventing malformed or inconsistent feedback from disrupting the navigation and learning process."
    }
  ]
}
[Curator] Approved 1 delta items
[Playbook] apply_delta: +1 add (0 skipped)
[Playbook] Size now: 29

========================================
=== Episode 25 ===
========================================
[Attempt 1] Actions:  ['Right', 'Right', 'Right']
[Attempt 1] Feedback: Step 1: moved Right, now on D (frozen tile). Step 2: moved Right, now on D (frozen tile). Step 3: moved Right, stepped on C (hole), episode over.
[Attempt 1] Reward:   0

[Reflector raw]
{
  "reasoning": "The model's reasoning trace shows that it consistently chose to move 'Right' in the first three steps, assuming that the 'D' tiles were safe and that the 'C' tile was a navigable corridor. However, the environment feedback indicates that the model stepped on a 'C' tile in step 3, which was a 'hole' and caused the episode to end with a reward of 0. This suggests that the model misunderstood the meaning of the 'C' symbol and assumed it was a safe tile rather than a hazard. The playbook entries referenced by the model included [1] and [4], which emphasize deterministic action selection and evaluating the properties of each target cell before taking action. However, the model failed to correctly interpret the grid's symbols, specifically the 'C' as a hole, and did not adjust its strategy accordingly. The error was not in the playbook itself but in the model's interpretation of the environment. The model should have validated the properties of each tile before taking action, as outlined in playbook entry [4], and should have considered the risk of stepping on a 'C' tile, which is explicitly identified as a hole in the environment feedback.",
  "error_identification": "The model incorrectly assumed that 'C' tiles were safe and navigable, rather than recognizing them as hazards ('holes'). This led to a fatal action in step 3, where the model stepped on a 'C' tile and the episode ended immediately.",
  "root_cause_analysis": "The model misunderstood the symbolic meaning of 'C' in the grid. It failed to interpret 'C' as a hole, which is a terminal state, and instead treated it as a safe or navigable corridor. This conceptual error likely stemmed from insufficient training or lack of explicit information about the symbolic meaning of 'C' in the environment. The model did not apply the playbook entry [4] correctly, which advises evaluating the properties of each target cell before taking an action.",
  "correct_approach": "The model should have validated the properties of each tile before taking an action, especially when encountering unfamiliar or ambiguous symbols like 'C'. It should have used the environment feedback and known information (that 'C' is a hole) to avoid stepping on such tiles. Additionally, the model should have considered alternative paths that avoid 'C' tiles, such as moving down or left, to reach the goal safely.",
  "key_insight": "Always evaluate the properties of each target cell before taking an
[Reflector] Structured reflection captured
[Playbook] feedback (fallback): +0 helpful / +3 harmful / 0 neutral

[Curator raw]
{
  "reasoning": "The current playbook has extensive coverage of strategies related to handling JSON validation, error recovery, and Reflector training. However, the recent reflection indicates that the Reflector output was not valid JSON, which suggests a lack of comprehensive strategies for ensuring the Generator's output is also validated and structured correctly. While there are a few entries related to Generator output validation, they are not as detailed or robust as those for the Reflector. The playbook should be enhanced with a focused strategy to ensure the Generator's output adheres to a strict JSON schema, similar to how the Reflector's output is being validated. This would improve consistency and reduce disruptions in the learning and navigation process.",
  "operations": [
    {
      "type": "ADD",
      "content": "Implement a real-time JSON schema validation step for the Generator's output to ensure it conforms to the expected structure before action selection, thereby preventing malformed or inconsistent feedback from affecting navigation and learning performance."
    }
  ]
}
[Curator] Approved 1 delta items
[Playbook] apply_delta: +1 add (0 skipped)
[Playbook] Size now: 30
[Playbook] grow_and_refine merged 1 near-duplicate entries.

========================================
=== Episode 26 ===
========================================
[Attempt 1] Actions:  ['Right', 'Right', 'Down', 'Left']
[Attempt 1] Feedback: Step 1: moved Right, now on D (frozen tile). Step 2: moved Right, now on D (frozen tile). Step 3: moved Down, now on D (frozen tile). Step 4: moved Left, stepped on C (hole), episode over.
[Attempt 1] Reward:   0

[Reflector raw]
{
  "reasoning": "The model's reasoning trace shows a clear misunderstanding of the grid layout and the positions of the player, obstacles, and goal throughout the steps. In Step 1, the model incorrectly assumes that the player starts at the top-left corner (A), but the environment feedback later indicates that the player is on a 'D' tile (frozen tile) after moving right, which suggests the player may have started in a different position. In Step 2, the model incorrectly claims the player is at the center of the grid (symbol 'C'), but the environment feedback shows the player is still on a 'D' tile. In Step 3, the model incorrectly believes the player is in the top-middle cell (symbol 'A'), but the environment feedback shows the player is still on a 'D' tile. Finally, in Step 4, the model incorrectly identifies the player as being on a 'C' tile, which leads to the player stepping on a 'C' (hole), ending the episode with a reward of 0. The model fails to correctly track its position, leading to invalid moves that result in failure. The playbook entries [1] and [4] were referenced, but the model did not correctly apply the strategies for deterministic action selection or evaluating the properties of target cells before moving. This indicates a lack of proper state tracking and grid interpretation.",
  "error_identification": "The model incorrectly interpreted the grid positions of the player, obstacles, and goal in each step. It failed to track its own position accurately and made invalid moves based on incorrect assumptions about the grid layout. This led to the player stepping on a 'C' (hole) and ending the episode prematurely.",
  "root_cause_analysis": "The root cause is a fundamental misunderstanding of the grid state and the player's position in each step. The model did not correctly interpret the environment feedback and did not track its own position over time, leading to a cascade of incorrect decisions. Additionally, the model did not apply the playbook strategies effectively, such as evaluating target cell properties (playbook [4]) or ensuring deterministic action selection (playbook [1]). This indicates a conceptual error in state perception and action planning.",
  "correct_approach": "The model should have accurately tracked its position in the grid at each step and validated its assumptions against the environment feedback. It should have used the playbook strategies to evaluate each potential move, such as checking whether a target cell is a hole, obstacle, or safe space (play
[Reflector] Structured reflection captured
[Playbook] feedback (fallback): +0 helpful / +2 harmful / 0 neutral

[Curator raw]
{
  "reasoning": "The reflection indicates that the Reflector's output was not valid JSON, which highlights a critical gap in the current playbook. While the playbook includes numerous strategies for validating and handling invalid Reflector outputs, it lacks a specific proactive strategy to guide the Reflector itself in generating valid JSON from the outset. The existing playbook focuses on post-processing and recovery mechanisms, but there is no explicit operation that ensures the Reflector is trained or prompted to generate valid JSON feedback in the first place. This insight aligns with the need to address the root cause of the invalid JSON output rather than just handling its consequences.",
  "operations": [
    {
      "type": "ADD",
      "content": "Implement a structured prompting mechanism that explicitly instructs the Reflector to generate feedback in a predefined JSON schema, including required fields and formatting, to ensure that the initial output is valid and compliant with the expected structure."
    }
  ]
}
[Curator] Approved 1 delta items
[Playbook] apply_delta: +1 add (0 skipped)
[Playbook] Size now: 30

========================================
=== Episode 27 ===
========================================
[Attempt 1] Actions:  ['Right', 'Right', 'Right']
[Attempt 1] Feedback: Step 1: moved Right, now on D (frozen tile). Step 2: moved Right, now on D (frozen tile). Step 3: moved Right, stepped on C (hole), episode over.
[Attempt 1] Reward:   0

[Reflector raw]
{
  "reasoning": "The model's reasoning trace indicates that it made a series of 'Right' moves based on the assumption that the current cell is safe and leads toward the goal. However, the environment feedback reveals that the model stepped on a 'C' cell (a hole) on step 3, leading to the episode ending with a reward of 0. This suggests that the model misinterpreted the grid symbols, particularly 'C' and 'D', and failed to account for the actual properties of the cells it was moving into. The playbook entries used by the model (1 and 4) emphasize deterministic movement and cell evaluation, but the model did not correctly interpret the symbols or their associated risks. The model's reasoning is flawed because it assumes 'D' is a safe cell and 'C' is also safe, but the environment feedback clearly indicates that 'C' is a hole, which is a terminal state. The model should have evaluated the cell properties more accurately, possibly by consulting the environment's feedback or using a predefined mapping of symbols to their meanings.",
  "error_identification": "The model incorrectly assumed that 'C' and 'D' are safe or neutral cells. It failed to recognize that 'C' is a hole, which is a terminal state in the environment, and thus should be avoided. The model also did not adjust its strategy based on the environment feedback from previous steps, even though it had access to it.",
  "root_cause_analysis": "The root cause is a misunderstanding of the grid symbols. The model did not correctly interpret the meaning of 'C' and 'D' in the context of the environment. It assumed that both were safe or neutral, but 'C' is a hole, which is a terminal and harmful state. The model also failed to use the environment feedback to update its strategy, which is a critical oversight in reinforcement learning and decision-making processes.",
  "correct_approach": "The model should have first mapped the grid symbols to their actual meanings (e.g., 'C' = hole, 'D' = frozen tile, 'A' = start, 'B' = goal). It should have evaluated the potential risks of each cell before taking action and adjusted its path accordingly. Additionally, the model should have used the environment feedback to refine its decision-making process, especially after encountering a hole on step 3.",
  "key_insight": "Always map and validate the meaning of grid symbols before making decisions. Use environment feedback to update your understanding of
[Reflector] Structured reflection captured
[Playbook] feedback (fallback): +0 helpful / +2 harmful / 0 neutral

[Curator raw]
{
  "reasoning": "The current playbook has a strong focus on ensuring JSON validation and error recovery for the Reflector's output, particularly with strategies for malformed or invalid feedback. However, there is a gap in addressing the Generator's output directly in terms of real-time validation and structured prompting to ensure its output aligns with the expected format. Additionally, the playbook lacks a comprehensive strategy for leveraging the environment's feedback to refine the Generator's action prediction model. The recent reflection highlights the importance of structured feedback and the need for actionable insights, which suggests that integrating environment feedback more explicitly into the Generator's training and validation could improve performance. This insight is not fully covered by the existing playbook, so it is necessary to add a new operation that addresses this gap.",
  "operations": [
    {
      "type": "ADD",
      "content": "Implement a real-time feedback integration mechanism for the Generator that uses environment rewards and trajectory data to refine its action prediction model, ensuring that the Generator's decisions are continuously optimized based on actual outcomes and environmental feedback."
    }
  ]
}
[Curator] Approved 1 delta items
[Playbook] apply_delta: +1 add (0 skipped)
[Playbook] Size now: 31

========================================
=== Episode 28 ===
========================================
[Attempt 1] Actions:  ['Right', 'Right', 'Right', 'Right', 'Right', 'Right', 'Right', 'Right']
[Attempt 1] Feedback: Step 1: moved Right, now on D (frozen tile). Step 2: moved Right, hit the boundary, stayed in place. Step 3: moved Right, hit the boundary, stayed in place. Step 4: moved Right, hit the boundary, stayed in place. Step 5: moved Right, hit the boundary, stayed in place. Step 6: moved Right, hit the boundary, stayed in place. Step 7: moved Right, hit the boundary, stayed in place. Step 8: moved Right, hit the boundary, stayed in place. Maximum steps reached.
[Attempt 1] Reward:   0

[Reflector raw]
{
  "reasoning": "The model repeatedly chose the 'Right' action throughout all steps, despite the environment feedback indicating that this move either led to a frozen tile (D) or hit the boundary and stayed in place. The initial grid layout was A D / D B, meaning the player started at position (0,0) with symbol 'A', and the goal was at (1,1) with symbol 'B'. The model's reasoning consistently assumed that 'D' was a hazard or obstacle, but its actions did not reflect this. Instead, it continued choosing 'Right', which was invalid or unproductive based on the environment feedback. The model failed to recognize that the player was at the edge of the grid and that moving 'Right' would not be possible beyond the first step. Additionally, the model did not update its understanding of the grid after each step, leading to repeated incorrect moves. The playbook entries [1] and [4] were referenced but misapplied, as the model did not evaluate the properties of the target cell before acting, nor did it adjust its strategy based on the environment feedback.",
  "error_identification": "The model failed to update its understanding of the grid after each step and continued choosing 'Right' without considering the environment feedback. It also misunderstood the grid layout and assumed that 'D' was an obstacle, but did not act on that knowledge. The model did not recognize that the player was at the edge of the grid and that moving 'Right' would be invalid after the first step.",
  "root_cause_analysis": "The model misunderstood the grid layout and failed to interpret the environment feedback properly. It did not update its internal state or adjust its strategy based on the observed outcomes. The model also misapplied playbook entry [1], which advocates for deterministic movement, without considering the actual grid boundaries or the consequences of each action. The model did not correctly evaluate the properties of each cell before taking action, as required by playbook entry [4].",
  "correct_approach": "The model should have updated its understanding of the grid after each step and considered the environment feedback to adjust its actions. It should have recognized that 'Right' was not a valid move beyond the first step and explored alternative paths, such as 'Down' to reach the goal. The model should have evaluated the properties of each potential target cell before taking action, as outlined in playbook entry [4], and used the environment feedback to refine its strategy, as suggested in playbook entry [2].",

[Reflector] Structured reflection captured
[Playbook] feedback (fallback): +0 helpful / +2 harmful / 0 neutral

[Curator raw]
{
  "reasoning": "The current playbook contains numerous strategies focused on ensuring valid JSON outputs from the Reflector and Generator, handling errors, and improving learning through feedback loops. However, the recent reflection indicates that the Reflector output was not valid JSON, and no structured diagnosis was available. This suggests that the playbook lacks a comprehensive strategy for diagnosing and resolving invalid Reflector outputs in real-time, especially when no structured feedback is provided. Additionally, the playbook does not explicitly include a strategy for dynamically adapting the Reflector’s training based on the frequency and nature of output errors. This is a critical gap, as it prevents the system from autonomously improving its feedback mechanism.",
  "operations": [
    {
      "type": "ADD",
      "content": "Implement a dynamic diagnostic and adaptation framework that continuously analyzes the frequency and nature of invalid Reflector outputs, identifies patterns, and automatically adjusts the Reflector’s training parameters to reduce the occurrence of such errors, ensuring ongoing improvement in output validity and structure."
    },
    {
      "type": "ADD",
      "content": "Introduce a fallback diagnostic system that generates a structured, default diagnostic response when Reflector outputs are completely invalid or non-compliant, including logging the incident, marking the output as invalid, and continuing the learning process with the most recent valid data to prevent system interruption."
    }
  ]
}
[Curator] Approved 2 delta items
[Playbook] apply_delta: +2 add (0 skipped)
[Playbook] Size now: 33

========================================
=== Episode 29 ===
========================================
[Attempt 1] Actions:  ['Left', 'Left', 'Up', 'Down', 'Right']
[Attempt 1] Feedback: Step 1: moved Left, hit the boundary, stayed in place. Step 2: moved Left, hit the boundary, stayed in place. Step 3: moved Up, hit the boundary, stayed in place. Step 4: moved Down, now on D (frozen tile). Step 5: moved Right, reached B (goal)!
[Attempt 1] Reward:   1

[Reflector raw]
{
  "reasoning": "The model's reasoning trace indicates that it attempted to navigate a 2x2 grid where 'A' is the starting position, 'B' is the goal, and 'D' represents obstacles. The model took the following steps: Left, Left, Up, Down, Right. However, the environment feedback shows that the model hit boundaries on the first three steps (Left, Left, Up) and was frozen on the fourth step (Down) because it stepped onto 'D'. Finally, on the fifth step, it moved Right and reached the goal 'B'. The model's reasoning was based on interpreting 'D' as obstacles and 'B' as the goal. However, the model did not correctly understand the grid layout or the boundaries, leading to incorrect movement choices. Despite the eventual success, the model wasted multiple steps on invalid moves. The playbook entries [1] and [4] were referenced, but the model did not effectively apply the risk assessment or deterministic strategy to avoid boundary and obstacle collisions.",
  "error_identification": "The model failed to correctly interpret the grid's boundaries and the positions of obstacles, leading to several invalid moves (e.g., moving left when already at the edge of the grid). It also did not recognize that the first two 'Left' moves would hit the boundary and stay in place. The model also moved 'Up' on step 3, which was invalid as it was already at the top row. This indicates a lack of accurate spatial awareness and failure to map the grid correctly.",
  "root_cause_analysis": "The model misunderstood the grid structure, particularly the boundaries of the grid and the positions of the player and obstacles. It assumed that 'A' was at the top-left, which is correct, but it did not map the grid correctly, leading to invalid moves. The model also did not account for the fact that moving beyond the grid's boundaries would result in staying in place, and that 'D' was a frozen tile rather than a wall that prevented movement entirely. This suggests a conceptual misunderstanding of the environment's rules and how the grid operates.",
  "correct_approach": "The model should have first mapped the grid accurately, ensuring that it understood the player's position, the goal's position, and the obstacle positions. It should have used the playbook entry [4] to evaluate the properties of each potential target cell before taking an action. Instead of moving 'Left' twice, it should have recognized that it was already at the leftmost
[Reflector] Structured reflection captured
[Playbook] feedback (fallback): +2 helpful / +0 harmful / 0 neutral

[Curator raw]
{
  "reasoning": "The reflection indicates that the Reflector's output was not valid JSON, but no structured diagnosis was provided. This suggests that the playbook needs additional strategies to not only validate Reflector outputs but also to generate actionable insights from invalid or unstructured feedback. The current playbook includes numerous validation steps for Reflector outputs, but it lacks a mechanism to actively analyze and improve the Reflector's output generation process based on the patterns of invalid or malformed outputs. This insight is critical for ensuring the system remains robust and adaptive in the face of unstructured feedback.",
  "operations": [
    {
      "type": "ADD",
      "content": "Implement a root-cause analysis system for invalid Reflector outputs that categorizes the type of error (e.g., missing fields, syntax errors) and correlates it with the input prompts or environmental conditions to identify patterns and improve the Reflector’s training and output generation process."
    }
  ]
}
[Curator] Approved 1 delta items
[Playbook] apply_delta: +1 add (0 skipped)
[Playbook] Size now: 34

========================================
=== Episode 30 ===
========================================
[Attempt 1] Actions:  ['Right', 'Right', 'Down', 'Right']
[Attempt 1] Feedback: Step 1: moved Right, now on D (frozen tile). Step 2: moved Right, now on D (frozen tile). Step 3: moved Down, now on D (frozen tile). Step 4: moved Right, stepped on C (hole), episode over.
[Attempt 1] Reward:   0

[Reflector raw]
{
  "reasoning": "The model's reasoning trace shows a consistent misunderstanding of the grid's symbols and their implications for movement. Specifically, the model assumes that 'D' represents a safe or passable cell, but the environment feedback indicates that 'D' is a frozen tile, which is not passable. The model also incorrectly interprets 'C' as a safe cell, but the environment feedback reveals that 'C' is a hole, which leads to the episode ending. This indicates a fundamental misunderstanding of the grid symbols. The model failed to apply playbook entry [4], which explicitly instructs to evaluate the properties of each potential target cell before taking an action. Instead, the model treated 'D' and 'C' as safe, leading to invalid moves and a reward of 0. The model's reasoning did not align with the environment feedback, and the playbook's guidance was not properly implemented.",
  "error_identification": "The model failed to correctly interpret the grid symbols 'D' and 'C' as frozen tiles and holes, respectively. This led to selecting actions that resulted in invalid moves or triggering the episode end. The model also did not apply the strategy outlined in playbook entry [4], which requires evaluating the risk and properties of target cells before taking an action.",
  "root_cause_analysis": "The root cause of this error is the model's incorrect interpretation of grid symbols. It assumed that 'D' and 'C' were safe or neutral cells, but in reality, 'D' is a frozen tile (which is not passable) and 'C' is a hole (which ends the episode). The model did not properly understand the definitions of these symbols as provided by the environment feedback, and it did not apply the playbook's instruction to evaluate the properties of each potential target cell before taking an action.",
  "correct_approach": "The model should have first interpreted the grid symbols correctly, treating 'D' as a frozen tile (non-passable) and 'C' as a hole (episode-ending). It should have used playbook entry [4] to evaluate the properties of each potential target cell before taking an action. Instead of choosing 'Right' or 'Down' without verifying the cell's properties, the model should have avoided cells marked 'D' and 'C' and instead identified a valid path to the goal using only passable cells.",
  "key_insight": "Always evaluate the properties and risks of each potential target cell before taking an action. Understand the meaning of grid
[Reflector] Structured reflection captured
[Playbook] feedback (fallback): +0 helpful / +2 harmful / 0 neutral

[Curator raw]
{
  "reasoning": "The reflection from the previous attempt indicates that the Reflector's output was not valid JSON, but no structured diagnosis was available. This highlights a critical gap in the playbook: the absence of a proactive strategy to ensure the Reflector is trained to consistently produce valid JSON outputs, especially in the absence of structured feedback. While the playbook includes several strategies for handling invalid Reflector outputs (e.g., validation, fallback mechanisms, reinforcement learning), it lacks a focused, proactive approach to train the Reflector itself to avoid such issues. This insight is not directly addressed by the existing playbook, which primarily focuses on post-processing and recovery rather than prevention. Adding a strategy that explicitly trains the Reflector using reinforcement learning with clear rewards for valid JSON outputs will complement the current playbook by addressing the root cause of the issue.",
  "operations": [
    {
      "type": "ADD",
      "content": "Implement a reinforcement learning training loop specifically for the Reflector that rewards it for generating valid JSON outputs and penalizes it for invalid or malformed feedback, ensuring that the Reflector learns to produce structured, actionable outputs without requiring extensive post-processing or fallback mechanisms."
    }
  ]
}
[Curator] Approved 1 delta items
[Playbook] apply_delta: +1 add (0 skipped)
[Playbook] Size now: 35
[Playbook] grow_and_refine: no duplicates found.

========================================
=== Episode 31 ===
========================================
[Attempt 1] Actions:  ['Right', 'Right', 'Right', 'Right', 'Right', 'Right', 'Right', 'Down']
[Attempt 1] Feedback: Step 1: moved Right, now on D (frozen tile). Step 2: moved Right, hit the boundary, stayed in place. Step 3: moved Right, hit the boundary, stayed in place. Step 4: moved Right, hit the boundary, stayed in place. Step 5: moved Right, hit the boundary, stayed in place. Step 6: moved Right, hit the boundary, stayed in place. Step 7: moved Right, hit the boundary, stayed in place. Step 8: moved Down, reached B (goal)!
[Attempt 1] Reward:   1

[Reflector raw]
{
  "reasoning": "The model's reasoning trace reveals a consistent misinterpretation of the grid layout and the player's initial position. The grid is given as: 'A D' on the first row and 'D B' on the second row. This indicates a 2x2 grid where the top-left cell is 'A', the top-right is 'D', the bottom-left is 'D', and the bottom-right is 'B'. The model repeatedly assumed the player starts at (0,0), which is 'A', and assumed that moving Right would take the player to (0,1), which is 'D'. However, the environment feedback indicates that after the first 'Right' move, the player is on 'D' (a frozen tile), and all subsequent 'Right' actions hit the boundary and stayed in place. This suggests the player was already at the rightmost cell in the first row (i.e., (0,1)), not at (0,0). The model's reasoning was based on an incorrect assumption about the player's initial position and the grid layout. The model also failed to account for the boundary conditions, assuming that 'Right' would always be valid. The final action 'Down' led to the goal at 'B', but this was only possible because the player had already been stuck in the rightmost cell for multiple steps. The model’s reasoning was flawed in its assumptions about the grid and player position, leading to repeated invalid actions that wasted steps. The playbook entries used were [1] and [4], which emphasize deterministic movement and evaluating target cell properties, but they were misapplied due to the model's incorrect understanding of the grid.",
  "error_identification": "The model incorrectly assumed the player's initial position was (0,0) and that moving 'Right' would move the player to a new cell, not hit a boundary. This led to repeated invalid 'Right' moves, which the environment feedback indicates were boundary collisions. The model also failed to update its understanding of the player's position after each step and continued to assume the same grid layout despite the feedback.",
  "root_cause_analysis": "The root cause of the error is a misunderstanding of the grid layout and the player's initial position. The model assumed that the player starts at (0,0) and that 'Right' would always be a valid move, but the environment feedback clearly shows that the player was already at (0,1), the rightmost cell. This suggests the model
[Reflector] Structured reflection captured
[Playbook] feedback (fallback): +2 helpful / +0 harmful / 0 neutral

[Curator raw]
{
  "reasoning": "The reflection indicates that the Reflector's output was not valid JSON, but no structured diagnosis was available. This suggests that the existing playbook lacks a comprehensive strategy to handle invalid Reflector outputs in the absence of structured feedback. While the playbook contains several entries focused on JSON validation and error recovery, these are primarily reactive and do not address the scenario where the Reflector fails to generate any structured feedback at all. A new strategy is needed to ensure the system can handle such situations gracefully, including logging, fallback responses, and resuming the learning process without disruption. This addition would complement the existing validation and recovery mechanisms by addressing a gap in handling completely unstructured Reflector outputs.",
  "operations": [
    {
      "type": "ADD",
      "content": "Implement a zero-feedback contingency plan that activates when the Reflector produces no structured output, including logging the event, using a pre-defined default diagnostic response, and resuming the learning process with the most recent valid data to maintain continuous progress."
    }
  ]
}
[Curator] Approved 1 delta items
[Playbook] apply_delta: +1 add (0 skipped)
[Playbook] Size now: 36

========================================
=== Episode 32 ===
========================================
[Attempt 1] Actions:  ['Down']
[Attempt 1] Feedback: Step 1: moved Down, stepped on C (hole), episode over.
[Attempt 1] Reward:   0

[Reflector raw]
{
  "reasoning": "The model's reasoning trace indicates that it attempted to move 'Down' from position A (top-left) to C (bottom-left), assuming that C was a safe or valid cell. However, the environment feedback revealed that C is actually a 'hole', which is a terminal state that ends the episode. This indicates that the model failed to recognize or evaluate the properties of the cell it was moving into. The playbook includes entry [4], which advises evaluating the properties of each potential target cell before taking action. Despite this, the model did not account for the risk of stepping on a hole, which is a critical error. The model's decision was based on an assumption about the grid layout without validating the actual properties of the target cell, leading to an immediate termination of the episode with a reward of 0.",
  "error_identification": "The model failed to evaluate the properties (e.g., hole, safe) of the target cell before taking the 'Down' action. It assumed that moving toward the bottom-left (C) was a safe and logical step without verifying whether the cell was hazardous.",
  "root_cause_analysis": "The model misunderstood the concept of evaluating the inherent risks of each cell before taking an action. It relied on a grid layout interpretation without incorporating the actual properties of the cells, which is a core principle of safe navigation. This reflects a misapplication of playbook entry [4], which explicitly advises assessing the properties of target cells before acting.",
  "correct_approach": "The model should have first validated the properties of the target cell (C) before taking the 'Down' action. It could have used prior knowledge or environmental feedback to determine whether the cell was safe. If the cell was unknown, it should have either avoided the action or implemented a fallback strategy, such as exploring the 'Right' direction to D instead.",
  "key_insight": "Before taking an action in a grid-based environment, the model must evaluate the properties of the target cell to determine whether it is safe or hazardous. This aligns with the principle of risk assessment in decision-making and is critical to avoid termination due to stepping on a hole.",
  "bullet_tags": [
    {"id": 1, "tag": "helpful"},
    {"id": 4, "tag": "helpful"},
    {"id": 2, "tag": "neutral"},
    {"id": 3, "tag": "neutral"},
    {"id": 5, "tag":
[Reflector] Structured reflection captured
[Playbook] feedback (fallback): +0 helpful / +2 harmful / 0 neutral

[Curator raw]
{
  "reasoning": "The reflection indicates that the Reflector's output was not valid JSON, which suggests a lack of robustness in handling malformed or unstructured feedback. The current playbook has several strategies focused on validating and handling invalid Reflector outputs, but none explicitly address the scenario where the Reflector fails to produce any structured output at all. This is a critical gap, as it could lead to system interruptions or learning halts. A zero-feedback contingency plan is already present, but it is not explicitly referenced in the existing playbook as a standalone strategy. Adding a dedicated bullet to emphasize this contingency plan will improve the playbook's completeness and ensure the system remains robust in such scenarios.",
  "operations": [
    {
      "type": "ADD",
      "content": "Implement a zero-feedback contingency plan that activates when the Reflector produces no structured output, including logging the event, using a pre-defined default diagnostic response, and resuming the learning process with the most recent valid data to maintain continuous progress."
    }
  ]
}
[Curator] Approved 1 delta items
[Playbook] apply_delta: +1 add (0 skipped)
[Playbook] Size now: 37

========================================
=== Episode 33 ===
========================================
[Attempt 1] Actions:  ['Down', 'Right', 'Right', 'Up', 'Down', 'Left', 'Right', 'Up']
[Attempt 1] Feedback: Step 1: moved Down, now on D (frozen tile). Step 2: moved Right, now on D (frozen tile). Step 3: moved Right, now on D (frozen tile). Step 4: moved Up, now on D (frozen tile). Step 5: moved Down, now on D (frozen tile). Step 6: moved Left, now on D (frozen tile). Step 7: moved Right, now on D (frozen tile). Step 8: moved Up, now on D (frozen tile). Maximum steps reached.
[Attempt 1] Reward:   0

[Reflector raw]
{
  "reasoning": "The model's reasoning trace shows that it consistently chose to move in directions that led it to 'D' cells, which are described in the environment feedback as 'frozen tiles.' Despite the model's reasoning suggesting that it was trying to move toward the goal ('B') and avoid hazards, it never reached the goal, and the final reward was 0, indicating failure. The model's reasoning assumed that 'D' was a safe tile, but the environment feedback indicates that 'D' is a frozen tile, which might not be a direct obstacle but could have been part of a path that didn't lead to the goal. The model's reasoning also misidentified the goal's position in later steps, suggesting that it was confused about the grid layout and the location of the goal. The model's decision to move 'Up' in Step 4 and 'Down' in Step 5 led it to cycle through 'D' tiles without progressing toward the goal. Additionally, in Step 6, the model incorrectly identified the position of 'A' and 'B' in the grid, leading to a mistaken belief that moving left would reach the goal when it actually did not. This confusion likely stemmed from an incorrect assumption about the grid layout or a failure to update the grid state correctly after each move. The model's reasoning trace did not incorporate the environment feedback effectively, which could have alerted it to the lack of progress and the need to adjust its path.",
  "error_identification": "The model misinterpreted the grid layout and the goal's position in multiple steps. It assumed that 'D' was a safe tile that could be traversed without issue, but it never reached the goal ('B'). The model also made incorrect assumptions about its own position in the grid and the positions of other symbols, such as 'C' and 'B,' in later steps, leading to a failure to reach the goal. The model did not adjust its path based on the environment feedback, which showed that it was not moving closer to the goal but instead remaining on 'D' tiles.",
  "root_cause_analysis": "The root cause of the error is a misunderstanding of the grid layout and the role of the 'D' symbol. The model assumed that 'D' was a safe tile that could be used to reach the goal, but the environment feedback indicates that it never reached the goal, and all the steps led it to 'D' tiles. This suggests that the model did not have a clear understanding of the
[Reflector] Structured reflection captured
[Playbook] feedback (fallback): +0 helpful / +3 harmful / 0 neutral

[Curator raw]
{
  "reasoning": "The reflection indicates that the Reflector's output was not valid JSON, and no structured diagnosis was available. This highlights a critical gap in the playbook: the lack of a comprehensive strategy for diagnosing and resolving invalid Reflector outputs in real-time. While the playbook includes numerous mechanisms for validation, fallbacks, and training, it does not explicitly address the need for a real-time diagnostic system that not only identifies the specific nature of invalid Reflector outputs (e.g., syntax errors, missing fields) but also provides actionable insights to correct or adapt the Reflector's behavior dynamically. This addition would ensure the system remains robust and self-correcting even in the absence of structured feedback.",
  "operations": [
    {
      "type": "ADD",
      "content": "Implement a real-time diagnostic system that identifies the specific type of error in Reflector outputs (e.g., syntax errors, missing fields, or schema mismatches) and dynamically adapts the Reflector’s training or prompting strategy to resolve the issue, ensuring continuous improvement and compliance with the expected JSON schema."
    }
  ]
}
[Curator] Approved 1 delta items
[Playbook] apply_delta: +1 add (0 skipped)
[Playbook] Size now: 38

========================================
=== Episode 34 ===
========================================
[Attempt 1] Actions:  ['Right', 'Right', 'Left', 'Right', 'Right', 'Left', 'Right', 'Right']
[Attempt 1] Feedback: Step 1: moved Right, now on D (frozen tile). Step 2: moved Right, now on D (frozen tile). Step 3: moved Left, now on D (frozen tile). Step 4: moved Right, now on D (frozen tile). Step 5: moved Right, now on D (frozen tile). Step 6: moved Left, now on D (frozen tile). Step 7: moved Right, now on D (frozen tile). Step 8: moved Right, hit the boundary, stayed in place. Maximum steps reached.
[Attempt 1] Reward:   0

[Reflector raw]
{
  "reasoning": "The model's reasoning trace reveals a consistent misunderstanding of the grid's symbols and their implications for movement. The model assumes that 'D' is a safe, navigable tile (e.g., 'D' is treated as a valid path), but the environment feedback clearly indicates that 'D' is a 'frozen tile'—a tile that the player can stand on but cannot move through. The model's actions repeatedly attempt to move through 'D' tiles, assuming they are safe, but this leads to the player staying in place, wasting steps, and ultimately not reaching the goal. The environment feedback confirms that the player remained on 'D' tiles after each move and eventually hit the boundary on the last move. The playbook entries used by the model (e.g., [1, 4]) emphasize deterministic movement and evaluation of cell properties, but the model failed to correctly interpret the environment's feedback that 'D' is not a valid path. This misunderstanding of the grid's tile properties and the lack of adjustment based on environment feedback led to the failure to reach the goal.",
  "error_identification": "The model incorrectly assumed that 'D' tiles were navigable and safe, leading to repeated attempts to move through them. The model did not account for the environment feedback that 'D' tiles are 'frozen tiles' and cannot be traversed, resulting in wasted steps and failure to reach the goal. Additionally, the model did not adapt its reasoning based on the environment's responses, which clearly indicated that 'D' was not a valid path.",
  "root_cause_analysis": "The root cause is a conceptual misunderstanding of the grid's symbols and their meaning. The model misinterpreted 'D' as a safe, navigable tile rather than a 'frozen tile' that cannot be moved through. This conceptual error led to a flawed decision-making process that ignored the environment's feedback. The model also failed to implement feedback loops (as suggested in playbook entries) to adjust its actions based on observed outcomes, which could have corrected the error.",
  "correct_approach": "The model should have interpreted the environment feedback that 'D' tiles are 'frozen tiles' and adjusted its reasoning accordingly. Instead of moving through 'D' tiles, the model should have explored alternative paths that avoid these tiles. The model should have used the environment feedback to refine its understanding of the grid and adjust its movement strategy dynamically. Additionally, the model should have applied the feedback loop strategy (Playbook Entry 
[Reflector] Structured reflection captured
[Playbook] feedback (fallback): +0 helpful / +2 harmful / 0 neutral

[Curator raw]
{
  "reasoning": "The recent reflection indicates that the Reflector's output was not valid JSON, but no structured diagnosis was available. The current playbook has several entries focused on ensuring valid JSON outputs from the Reflector, including validation, error recovery, and training mechanisms. However, there is a gap in addressing the root cause of why the Reflector might be failing to generate valid JSON in the first place. The playbook lacks a strategy that explicitly investigates and improves the Reflector's ability to understand and follow the JSON schema during its initial output generation. This would ensure that the Reflector not only recovers from errors but also avoids generating invalid outputs in the first place. Adding a focused operation to improve the Reflector's schema comprehension would complement the existing validation and recovery strategies.",
  "operations": [
    {
      "type": "ADD",
      "content": "Implement a schema comprehension training module for the Reflector that explicitly teaches it to understand and adhere to the required JSON schema, including field requirements, data types, and structure, to minimize the occurrence of invalid or malformed outputs during initial generation."
    }
  ]
}
[Curator] Approved 1 delta items
[Playbook] apply_delta: +1 add (0 skipped)
[Playbook] Size now: 39

========================================
=== Episode 35 ===
========================================
[Attempt 1] Actions:  ['Right', 'Down', 'Left', 'Right', 'Right', 'Right', 'Down', 'Down']
[Attempt 1] Feedback: Step 1: moved Right, now on D (frozen tile). Step 2: moved Down, now on D (frozen tile). Step 3: moved Left, now on D (frozen tile). Step 4: moved Right, now on D (frozen tile). Step 5: moved Right, now on D (frozen tile). Step 6: moved Right, now on D (frozen tile). Step 7: moved Down, now on D (frozen tile). Step 8: moved Down, reached B (goal)!
[Attempt 1] Reward:   1

[Reflector raw]
{
  "reasoning": "The model's reasoning trace shows that it consistently chose actions that moved the player in directions it believed would bring it closer to the goal ('B'). However, despite the actions being valid in terms of movement (i.e., not stepping out of bounds), the model failed to recognize that the environment feedback indicated that all 'D' tiles were 'frozen tiles'—which likely meant that the model could not move through them. The model's reasoning assumed that 'D' tiles were safe or traversable, but the environment feedback clearly indicated that these tiles were not passable. The model did not account for this feedback in its decision-making, which led to a sequence of actions that did not actually change the player's position (as seen in the environment feedback), wasting steps until the final move. The final move was successful, but only because the model eventually reached 'B' by accident, not by a planned and informed strategy. The model's playbook entries (1 and 4) were used to justify the actions, but they were misinterpreted or not applied correctly in the context of the environment feedback.",
  "error_identification": "The model assumed that 'D' tiles were safe and traversable, but the environment feedback explicitly indicated that 'D' tiles were 'frozen tiles'—implying they were not passable. The model failed to update its reasoning based on this feedback and continued to treat 'D' tiles as valid movement cells.",
  "root_cause_analysis": "The model misunderstood the meaning of the 'D' symbol in the environment. It treated 'D' as a neutral or safe tile, but the environment feedback indicated that 'D' tiles were 'frozen tiles,' which were not passable. This misunderstanding led to incorrect movement choices and a failure to adapt to the environment's rules.",
  "correct_approach": "The model should have used the environment feedback (that 'D' tiles are frozen and not passable) to update its understanding of the grid and avoid choosing those tiles as valid movement options. It should have re-evaluated its playbook entries (especially playbook entry [4], which explicitly mentions evaluating target cell properties) and interpreted 'D' as an obstacle rather than a safe tile.",
  "key_insight": "Always validate and update your understanding of grid symbols based on environment feedback, especially when the feedback contradicts initial assumptions. When evaluating target cell properties, ensure that you are interpreting them in the context of the environment's rules and feedback,
[Reflector] Structured reflection captured
[Playbook] feedback (fallback): +2 helpful / +0 harmful / 0 neutral

[Curator raw]
{
  "reasoning": "The reflection indicates that the Reflector's output was not valid JSON, but no structured diagnosis was available. This suggests that the current playbook has extensive mechanisms for validating and handling invalid JSON outputs from the Reflector, but lacks a specific strategy for diagnosing and addressing the root cause of invalid Reflector outputs when no structured feedback is available. While the playbook includes fallback strategies and error logging, there is no explicit focus on diagnosing the underlying reasons for invalid outputs, such as ambiguous prompts or environmental anomalies. Adding a strategy to analyze and adapt the Reflector’s prompts based on the nature of invalid outputs would complement the existing validation and recovery mechanisms, ensuring more robust and actionable feedback over time.",
  "operations": [
    {
      "type": "ADD",
      "content": "Implement a prompt adaptation mechanism that dynamically adjusts the Reflector's input prompts based on the type of error detected in its output (e.g., syntax errors, missing fields), aiming to resolve the root cause of invalid outputs and improve the quality of future feedback."
    }
  ]
}
[Curator] Approved 1 delta items
[Playbook] apply_delta: +1 add (0 skipped)
[Playbook] Size now: 40
[Playbook] grow_and_refine merged 1 near-duplicate entries.

========================================
=== Episode 36 ===
========================================
[Attempt 1] Actions:  ['Right']
[Attempt 1] Feedback: Step 1: moved Right, stepped on C (hole), episode over.
[Attempt 1] Reward:   0

[Reflector raw]
{
  "reasoning": "The model's reasoning trace indicates that it assumed the grid's symbols ('A', 'B', 'C', 'D') represented positions or safe paths, but it did not recognize that 'C' was a terminal hazard (hole) based on the environment feedback. The model used playbook entry 4, which emphasizes evaluating the properties of each potential target cell before taking an action. However, the model incorrectly assumed that 'C' was a safe path, likely due to a lack of explicit information about the meaning of the symbols. This led to the model selecting 'Right', which resulted in stepping on a hole and ending the episode prematurely. The model failed to incorporate the environment feedback that 'C' was a hole, which would have informed the decision-making process and prevented the move. The playbook entries focused on JSON validation, error handling, or training loops for the Reflector, but none provided specific guidance on interpreting the grid's symbols or their meanings in the context of the game.",
  "error_identification": "The model misinterpreted the meaning of the grid symbol 'C' and assumed it was a safe path, rather than recognizing it as a terminal hazard. This is a conceptual error rooted in a lack of understanding about the grid's semantics.",
  "root_cause_analysis": "The model did not have access to explicit information about the grid's symbols (e.g., 'C' being a hole) and relied on assumptions rather than incorporating environment feedback. The playbook entries used by the model were focused on JSON validation and error recovery, not on grid symbol interpretation or navigation strategy. This indicates a misunderstanding of the game's mechanics and the meaning of the grid symbols.",
  "correct_approach": "The model should have interpreted the grid symbols correctly, using the environment feedback to determine that 'C' is a hole and thus avoid stepping on it. It should have used a playbook entry that explicitly addresses symbol interpretation or grid navigation, such as identifying safe paths and avoiding hazards, rather than entries focused on JSON validation or error recovery.",
  "key_insight": "Grid navigation tasks require a clear understanding of the meaning of each symbol in the grid. The model should prioritize learning the semantics of the grid environment and use environment feedback to update its understanding of the grid's layout and hazards. Playbook entries that guide symbol interpretation or pathfinding should be prioritized in such scenarios.",
  "bullet_tags": [
    {"id": 1, "tag": "neutral"},
    {"id": 2, "
[Reflector] Structured reflection captured
[Playbook] feedback (fallback): +0 helpful / +2 harmful / 0 neutral

[Curator raw]
{
  "reasoning": "The reflection indicates that the Reflector's output was not valid JSON, but no structured diagnosis was available. This suggests that the current playbook lacks a comprehensive strategy for diagnosing and addressing the root causes of invalid Reflector outputs, especially when the feedback is not structured. While the playbook has several strategies for validating and handling invalid JSON, such as dynamic schema validation, fallback mechanisms, and reinforcement learning, none of them directly address the need for a structured root-cause analysis that correlates invalid outputs with specific environmental conditions or input prompts. Adding a focused strategy to address this gap will improve the playbook's ability to handle malformed Reflector outputs effectively and iteratively refine the Reflector's performance.",
  "operations": [
    {
      "type": "ADD",
      "content": "Implement a structured root-cause analysis system that correlates invalid Reflector outputs with specific environmental inputs or prompts, enabling targeted improvements in the Reflector’s training and output generation process."
    }
  ]
}
[Curator] Approved 1 delta items
[Playbook] apply_delta: +1 add (0 skipped)
[Playbook] Size now: 40

========================================
=== Episode 37 ===
========================================
[Attempt 1] Actions:  ['Left', 'Right', 'Right', 'Right', 'Down']
[Attempt 1] Feedback: Step 1: moved Left, hit the boundary, stayed in place. Step 2: moved Right, now on D (frozen tile). Step 3: moved Right, hit the boundary, stayed in place. Step 4: moved Right, hit the boundary, stayed in place. Step 5: moved Down, reached B (goal)!
[Attempt 1] Reward:   1

[Reflector raw]
{
  "reasoning": "The model's reasoning trace indicates a consistent misunderstanding of the grid layout and the meaning of symbols. In the initial step, the model correctly identifies that 'Right' and 'Down' lead to obstacles (D), but it concludes that 'Left' is the only valid action. However, based on the grid provided (A D / D B), the player starts at (0,0), where 'A' is located, and 'D' is at (0,1). 'Left' is out of bounds, so it should not be considered a valid move. Instead, the only valid move is 'Down' to (1,0), which is also an obstacle (D). This indicates a fundamental misinterpretation of the grid and the movement rules. In subsequent steps, the model continues to make moves that lead to invalid positions or frozen tiles, such as moving 'Right' into a boundary or 'D' tile. Despite environment feedback indicating that 'Down' eventually leads to the goal (B), the model's reasoning does not properly connect this information to the correct path. The model also fails to recognize that 'D' is not always an obstacle, as it was able to reach the goal (B) via 'Down' in step 5. This suggests a conceptual misunderstanding of the grid symbols and their interactions with movement.",
  "error_identification": "The model incorrectly assumed that 'Left' was a valid move in step 1, despite it being out of bounds. Additionally, it failed to recognize that 'D' was not always an obstacle and that 'Down' could lead to the goal (B). The model's reasoning trace also shows a lack of consistency in how it interpreted 'D'—sometimes as an obstacle, sometimes as a passable tile. This inconsistency led to invalid moves and a failure to reach the goal in the most efficient way.",
  "root_cause_analysis": "The root cause of the error is the model's misunderstanding of the grid layout and the symbolic meaning of 'D'. The model failed to correctly map the grid positions and did not interpret the environment feedback accurately. It appears that the model did not treat the grid as a 2x2 grid with specific positions and instead treated the symbols in a way that did not align with the actual grid structure. This conceptual misunderstanding led to incorrect action selection and inefficient navigation.",
  "correct_approach": "The model should have correctly identified the player's starting position (A at (0,0)) and mapped
[Reflector] Structured reflection captured
[Playbook] feedback (fallback): +2 helpful / +0 harmful / 0 neutral

[Curator raw]
{
  "reasoning": "The reflection indicates that the Reflector's output was not valid JSON, but no structured diagnosis was available. This suggests that the existing playbook has several strategies focused on validating and handling invalid Reflector outputs, but there is no explicit strategy to proactively ensure the Reflector's output is valid before it is even generated. The current playbook contains multiple items related to schema validation, fallback mechanisms, and training loops for the Reflector, but none directly address the initial generation of valid JSON by the Reflector. Therefore, a new strategy should be added that focuses on explicitly training or prompting the Reflector to generate valid JSON feedback from the beginning, without requiring extensive post-processing or fallback mechanisms.",
  "operations": [
    {
      "type": "ADD",
      "content": "Implement a pre-generation schema instruction system that explicitly trains the Reflector to recognize and adhere to the required JSON schema before generating any feedback, ensuring that the initial output is valid and compliant with the expected structure without requiring additional validation or correction steps."
    }
  ]
}
[Curator] Approved 1 delta items
[Playbook] apply_delta: +1 add (0 skipped)
[Playbook] Size now: 41

========================================
=== Episode 38 ===
========================================
[Attempt 1] Actions:  ['Right', 'Right', 'Left', 'Up', 'Right', 'Right']
[Attempt 1] Feedback: Step 1: moved Right, now on D (frozen tile). Step 2: moved Right, now on D (frozen tile). Step 3: moved Left, now on D (frozen tile). Step 4: moved Up, hit the boundary, stayed in place. Step 5: moved Right, now on D (frozen tile). Step 6: moved Right, stepped on C (hole), episode over.
[Attempt 1] Reward:   0

[Reflector raw]
{
  "reasoning": "The model's reasoning trace shows that it initially moved the player 'Right' twice, then 'Left', 'Up', 'Right', and 'Right' again. The environment feedback indicates that the player ended up on a 'C' (a hole) on step 6, leading to the episode being over with a reward of 0. The key issue is that the model did not properly evaluate the grid layout or the properties of each cell before making decisions, despite referencing playbook entry [4], which explicitly instructs to evaluate the properties of each potential target cell. The model's reasoning consistently assumed that the player was moving in a direction that would lead to the goal, but it failed to account for the actual grid layout and the positions of obstacles and hazards. For instance, in step 5, the model decided to move 'Right' even though the cell was a 'C', which was later confirmed by the environment feedback. This suggests a failure to correctly interpret the grid symbols and their implications, as well as a lack of feedback integration, which is critical for adjusting future actions.",
  "error_identification": "The model failed to correctly interpret the grid and the positions of the player, goal, and hazards. It also did not evaluate the actual properties of the target cells before moving, as instructed by playbook entry [4]. Specifically, in step 5, the model moved 'Right' into a 'C' cell, which was identified as a hazard by the environment feedback. This indicates a failure to align the reasoning with the actual grid state.",
  "root_cause_analysis": "The root cause is a misunderstanding of the grid symbols and their implications. The model did not accurately map the player's position on the grid, nor did it verify the safety of the target cell before moving. This led to a misalignment between the model's reasoning and the actual environment state. Additionally, the model did not properly use the environment feedback to adjust its future actions, despite playbook entry [2] emphasizing the need for a feedback loop to optimize performance.",
  "correct_approach": "The model should have used the grid layout more effectively to map the player's position and the positions of obstacles and the goal. It should have evaluated the properties of the target cell before moving (as instructed by playbook entry [4]) and incorporated environment feedback to adjust its path. The model should have validated that a move into a cell would not result in a hazard (like stepping on 'C') before committing to that action.",

[Reflector] Structured reflection captured
[Playbook] feedback (fallback): +0 helpful / +2 harmful / 0 neutral

[Curator raw]
{
  "reasoning": "The current playbook has several strategies focused on ensuring the Reflector produces valid JSON outputs, including validation steps, reinforcement learning components, and fallback mechanisms. However, there is no explicit strategy in place to proactively train the Reflector to understand and adhere to the JSON schema before generating outputs. This is critical to reduce the occurrence of invalid or malformed outputs from the outset. Additionally, the playbook lacks a strategy that explicitly focuses on teaching the Reflector to comprehend the required JSON schema in a structured and explicit manner, which would prevent the need for extensive post-processing or fallback mechanisms. These insights are not fully addressed in the current playbook and would be valuable additions.",
  "operations": [
    {
      "type": "ADD",
      "content": "Implement a schema comprehension training module that explicitly trains the Reflector to recognize and adhere to the required JSON schema, including field requirements, data types, and structure, to minimize the occurrence of invalid or malformed outputs during initial generation."
    }
  ]
}
[Curator] Approved 1 delta items
[Playbook] apply_delta: +1 add (0 skipped)
[Playbook] Size now: 42

========================================
=== Episode 39 ===
========================================
[Attempt 1] Actions:  ['Right', 'Right']
[Attempt 1] Feedback: Step 1: moved Right, now on D (frozen tile). Step 2: moved Right, stepped on C (hole), episode over.
[Attempt 1] Reward:   0

[Reflector raw]
{
  "reasoning": "The model's reasoning trace shows that it attempted to move 'Right' twice, assuming that these actions would lead to safe or informative cells. However, the environment feedback reveals that the first move to the right landed the player on a 'D' (frozen tile), which is a valid cell but not a goal, and the second move to the right led to a 'C' (hole), which is an invalid cell that ended the episode. The model's reasoning appears to be based on an incorrect assumption about the grid layout, specifically the positions of 'A', 'D', 'C', and 'B'. The model assumed that the player starts at 'A' and that 'Right' would lead to 'C', but in reality, the player starts at 'A' and the grid is structured as follows: Row 1: A D C; Row 2: D D C; Row 3: D D B. This means the player's initial position is at the top-left corner, and the first 'Right' move leads to 'D', not 'C'. The model's reasoning did not account for this and incorrectly assumed that 'Right' would lead to a safe or unexplored cell. The playbook entries referenced (1 and 4) emphasize deterministic movement and evaluating target cell properties, but the model failed to accurately interpret the grid's symbols and their implications, leading to an incorrect action sequence.",
  "error_identification": "The model incorrectly assumed the grid layout and the meaning of the symbols, leading to a mistaken belief that moving 'Right' twice would be safe. Specifically, it failed to recognize that the first 'Right' move leads to 'D' (a frozen tile), and the second 'Right' leads to 'C' (a hole), which ends the episode. This indicates a misunderstanding of the grid's structure and the symbolic meanings of the cells.",
  "root_cause_analysis": "The root cause of the error is a misinterpretation of the grid layout and the symbolic meanings of the cells. The model failed to accurately map the player's starting position and the direction of movement to the correct grid coordinates. This suggests a conceptual misunderstanding of the grid's structure and the implications of each cell's symbol (e.g., 'D' as a frozen tile, 'C' as a hole, 'B' as the goal). The model did not correctly apply the playbook's guidance on evaluating target cell properties before taking an action (Playbook [4])
[Reflector] Structured reflection captured
[Playbook] feedback (fallback): +0 helpful / +2 harmful / 0 neutral

[Curator raw]
{
  "reasoning": "The reflection indicates that the Reflector's output was not valid JSON, which suggests a systemic issue with the Reflector's ability to generate structured feedback. The current playbook contains numerous strategies focused on validating and handling invalid Reflector outputs, including schema validation, error recovery, and training mechanisms. However, there is no explicit focus on proactively training the Reflector to understand and adhere to the JSON schema before generating feedback. The existing playbook addresses the consequences of invalid outputs but lacks a comprehensive, upfront training strategy to ensure the Reflector is capable of producing valid JSON from the start. Adding a focused operation that explicitly trains the Reflector to comprehend and generate valid JSON outputs will address this gap and complement the existing strategies.",
  "operations": [
    {
      "type": "ADD",
      "content": "Implement a schema comprehension training module that explicitly trains the Reflector to recognize and adhere to the required JSON schema, including field requirements, data types, and structure, before generating any feedback, ensuring that the initial output is valid and compliant with the expected structure without requiring additional validation or correction steps."
    }
  ]
}
[Curator] Approved 1 delta items
[Playbook] apply_delta: +1 add (0 skipped)
[Playbook] Size now: 43

========================================
=== Episode 40 ===
========================================
[Attempt 1] Actions:  ['Right', 'Down', 'Down', 'Down', 'Left', 'Down', 'Down', 'Right']
[Attempt 1] Feedback: Step 1: moved Right, now on D (frozen tile). Step 2: moved Down, now on D (frozen tile). Step 3: moved Down, now on D (frozen tile). Step 4: moved Down, now on D (frozen tile). Step 5: moved Left, now on D (frozen tile). Step 6: moved Down, now on D (frozen tile). Step 7: moved Down, hit the boundary, stayed in place. Step 8: moved Right, now on D (frozen tile). Maximum steps reached.
[Attempt 1] Reward:   0

[Reflector raw]
{
  "reasoning": "The model's reasoning trace shows that it consistently attempted to move in directions that it believed would lead toward the goal (B), such as 'Right' and 'Down'. However, the environment feedback indicates that all the actions taken led the model to 'D' tiles, which are described as 'frozen tiles' and did not contribute to progress toward the goal. This suggests that the model's understanding of the grid layout was incorrect. The model assumed the player started at position A, but based on the grid layout provided, the player likely starts at position (0,0), where 'A' is located. The model's reasoning consistently failed to account for the actual positions of the player and the obstacles (C) that block direct paths to the goal. Additionally, the model did not recognize that the repeated use of 'Down' and 'Right' actions led to a loop on the same tile, without making progress. The model's reasoning also assumed that 'D' tiles were safe and open, but the environment feedback clarifies that 'D' tiles are 'frozen tiles' and do not allow progress toward the goal. The model failed to correctly interpret the grid's structure and the implications of the environment feedback.",
  "error_identification": "The model's reasoning incorrectly assumed that the player was at a different position than the actual starting point (0,0). It also failed to recognize that the repeated 'Down' and 'Right' actions were leading to the same 'D' tile, not progressing toward the goal. Additionally, the model did not correctly interpret the meaning of 'D' as 'frozen tiles' that do not contribute to reaching the goal. The model also incorrectly assumed that all 'D' tiles were safe and open paths, which led to a lack of progress.",
  "root_cause_analysis": "The model misunderstood the grid layout, assuming that the player started at position (0,1) instead of (0,0). It also failed to correctly interpret the role of 'D' tiles in the grid and assumed they were safe paths rather than 'frozen tiles' that do not contribute to reaching the goal. The model's reasoning was based on an incorrect interpretation of the grid, which led to a failure in identifying a valid path to the goal. Additionally, the model did not use the environment feedback effectively to adjust its reasoning and correct its path.",
  "correct_approach": "The model should have correctly identified the player's starting position at (0,0
[Reflector] Structured reflection captured
[Playbook] feedback (fallback): +0 helpful / +2 harmful / 0 neutral

[Curator raw]
{
  "reasoning": "The recent reflection indicates that the Reflector's output was not valid JSON, and no structured diagnosis was available. This suggests that the playbook lacks a comprehensive strategy to handle cases where the Reflector produces non-compliant or unstructured outputs. While the current playbook includes several mechanisms for validating and handling invalid Reflector outputs, such as JSON schema validation, fallback strategies, and reinforcement learning for the Reflector, there is a gap in explicitly addressing the root cause of malformed outputs and ensuring the Reflector is trained to produce structured outputs from the start. A new insight is needed to focus on pre-training the Reflector with schema comprehension and structured prompts to avoid invalid outputs altogether, thereby reducing the need for extensive validation and recovery mechanisms.",
  "operations": [
    {
      "type": "ADD",
      "content": "Implement a pre-training schema comprehension module for the Reflector that explicitly teaches it the required JSON structure, including field names, data types, and nested formats, to ensure that it generates valid outputs from the initial training phase, reducing the need for post-processing or fallback mechanisms."
    }
  ]
}
[Curator] Approved 1 delta items
[Playbook] apply_delta: +1 add (0 skipped)
[Playbook] Size now: 44
[Playbook] grow_and_refine merged 1 near-duplicate entries.

========================================
SUMMARY (FrozenLake, 40 episodes)
========================================
Success rate: 10/40 (25.0%)
  running @ K= 10: 20.0%
  running @ K= 20: 25.0%
  running @ K= 30: 23.3%
  running @ K= 40: 25.0%
Episode | Reward | Playbook Size
--------+--------+--------------
1       | 0      | 3            
2       | 0      | 4            
3       | 0      | 6            
4       | 0      | 8            
5       | 0      | 9            
6       | 1      | 10           
7       | 0      | 11           
8       | 0      | 12           
9       | 0      | 13           
10      | 1      | 14           
11      | 0      | 15           
12      | 0      | 16           
13      | 0      | 17           
14      | 0      | 18           
15      | 1      | 19           
16      | 0      | 20           
17      | 0      | 21           
18      | 1      | 23           
19      | 1      | 24           
20      | 0      | 25           
21      | 0      | 26           
22      | 1      | 27           
23      | 0      | 28           
24      | 0      | 29           
25      | 0      | 29           
26      | 0      | 30           
27      | 0      | 31           
28      | 0      | 33           
29      | 1      | 34           
30      | 0      | 35           
31      | 1      | 36           
32      | 0      | 37           
33      | 0      | 38           
34      | 0      | 39           
35      | 1      | 39           
36      | 0      | 40           
37      | 1      | 41           
38      | 0      | 42           
39      | 0      | 43           
40      | 0      | 43           
Saved to /gscratch/h2lab/mohanc3/projects/ERL_repo/runs/qwen3-14b-ace-notebook-empty-k40-both-34997217/outputs/results_ace_frozen_lake.json
LM traces will be saved to /gscratch/h2lab/mohanc3/projects/ERL_repo/runs/qwen3-14b-ace-notebook-empty-k40-both-34997217/outputs/llm_calls_ace_sokoban.jsonl
Connected to LM server at http://127.0.0.1:30000/v1
Model: Qwen/Qwen3-14B
ACE Method ready.

========================================
=== Episode 1 ===
========================================
[Attempt 1] Actions:  ['Up']
[Attempt 1] Feedback: Step 1: moved Up, pushed B onto C (goal)! All boxes are on targets. Puzzle solved!
[Attempt 1] Reward:   1

[Reflector raw]
{
  "reasoning": "The model's reasoning trace indicates that it believed moving 'Up' would bring the player closer to the goal ('C'), as it was interpreting the grid as a simple pathfinding problem where the goal is directly above the player. However, the environment feedback reveals that the actual outcome was not just moving closer to the goal, but that the action resulted in pushing the box ('B') onto the goal ('C'), which solved the puzzle. This implies that the model misunderstood the grid's structure and the mechanics of the game, specifically the role of boxes ('B', 'D', etc.) and how movement affects them. The model did not recognize that the player's movement could affect other objects (like boxes) on the grid, which is a critical aspect of the puzzle-solving process. This conceptual misunderstanding led to an incorrect assumption about the path to the goal.",
  "error_identification": "The model incorrectly assumed that the player could move directly toward the goal ('C') without considering the presence of other objects (like the box 'B') that could be moved or interacted with. It failed to recognize that the puzzle required moving boxes onto goals, not just reaching the goal directly.",
  "root_cause_analysis": "The model misunderstood the game mechanics, specifically the interaction between the player, boxes, and goals. It treated the grid as a simple pathfinding task rather than a puzzle where boxes must be moved onto goals. This conceptual error caused the model to make an incorrect assumption about the nature of the task and the consequences of its actions.",
  "correct_approach": "The model should have analyzed the grid more thoroughly to identify the presence of boxes and goals, and considered the mechanics of pushing boxes. It should have recognized that the player's movement could affect the position of boxes and that the ultimate goal is to move all boxes onto their respective targets. A more systematic analysis of the grid and its objects would have led to a more accurate strategy.",
  "key_insight": "In grid-based puzzles involving boxes and goals, the primary objective is to move boxes onto goals, not to reach the goal directly. The model must account for the presence and movement of boxes when planning its actions, as these interactions are central to solving the puzzle.",
  "bullet_tags": [
    {"id": 1, "tag": "neutral"},
    {"id": 2, "tag": "harmful"}
  ]
}
[Reflector] Structured reflection captured

[Curator raw]
{
  "reasoning": "The reflection highlights a critical misunderstanding of grid-based puzzle mechanics, specifically the role of boxes and goals. The model treated the task as simple pathfinding, but the actual objective was to move boxes onto goals. This indicates that the playbook must include strategies that emphasize analyzing the grid for boxes and goals, and planning movements that manipulate boxes toward their targets. Since no strategies are currently recorded in the playbook, this insight is entirely new and actionable.",
  "operations": [
    {
      "type": "ADD",
      "content": "In grid-based puzzles, prioritize identifying boxes and goals. Movement should be planned to push boxes onto their respective goals, not just to reach the goal directly. Always evaluate how player movement affects surrounding objects."
    }
  ]
}
[Curator] Approved 1 delta items
[Playbook] apply_delta: +1 add (0 skipped)
[Playbook] Size now: 1

========================================
=== Episode 2 ===
========================================
[Attempt 1] Actions:  ['Right', 'Up', 'Right', 'Left', 'Right', 'Right', 'Left', 'Left']
[Attempt 1] Feedback: Step 1: moved Right. Step 2: moved Up. Step 3: moved Right, hit E (wall), stayed in place. Step 4: moved Left, pushed B. Step 5: moved Right. Step 6: moved Right, hit E (wall), stayed in place. Step 7: moved Left. Step 8: moved Left, pushed B. Maximum steps reached.
[Attempt 1] Reward:   0

[Reflector raw]
{
  "reasoning": "The model's reasoning trace shows a consistent focus on pushing the box ('B') toward the goal ('C'), which is the correct overall objective. However, the environment feedback indicates that the model's action sequence did not successfully push the box onto the goal. The key issue lies in the model's failure to accurately assess the spatial relationships between the player, the box, and the goal in each step. For example, in Step 3, the model attempted to move 'Right' but hit a wall ('E'), which suggests that the model's understanding of the grid layout was incorrect. In Step 6, the model again attempted to move 'Right' and hit a wall, further confirming that the model had a flawed perception of the grid. Additionally, the model moved 'Left' in Step 4, which pushed the box, but this action was not followed up with a way to continue moving the box toward the goal. The model's repeated use of playbook entry [1] without updating its spatial understanding of the grid led to incorrect movement decisions. The model failed to account for the actual grid configuration and the positions of walls and other objects in real time, which is essential for solving such puzzles.",
  "error_identification": "The model incorrectly assumed the spatial relationships between the player, box, and goal in several steps. For example, in Step 3, the model thought it could move right to get closer to the box, but it hit a wall instead. Similarly, in Step 6, it attempted to move right again and hit a wall. The model also failed to plan a sequence of moves that would allow it to push the box all the way to the goal. The reasoning was based on an outdated or incorrect understanding of the grid layout, which led to ineffective actions.",
  "root_cause_analysis": "The model misunderstood the grid's actual layout and the positions of the player, box, and goal. It failed to update its spatial awareness after each move, leading to incorrect assumptions about where the box and the goal were located. The model's reliance on a single playbook entry [1], which emphasizes pushing boxes toward goals, was not sufficient without an accurate understanding of the grid. The model did not take into account the walls and the limited movement options, which are critical in grid-based puzzles.",
  "correct_approach": "The model should have updated its spatial understanding of the grid after each move, ensuring that each action was based on the current state of the grid. It should have
[Reflector] Structured reflection captured
[Playbook] feedback (fallback): +0 helpful / +1 harmful / 0 neutral

[Curator raw]
{
  "reasoning": "The current playbook has one entry that outlines a general approach to grid-based puzzles by prioritizing boxes and goals. However, it lacks specific strategies for deterministic grid-navigation tasks, where the Generator must predict one action per step and receive feedback. The reflection indicates that no new insight was identified, but the context suggests that the playbook could benefit from a more deterministic, step-by-step approach to movement and feedback integration. Adding a bullet point that emphasizes the importance of deterministic feedback loops and action prediction would complement the existing playbook and address the specific task context.",
  "operations": [
    {
      "type": "ADD",
      "content": "In deterministic grid-navigation tasks, use feedback from the environment after each action to refine future predictions. Predict one action at a time, ensuring that movement aligns with the goal state and adapts to environmental constraints based on real-time feedback."
    }
  ]
}
[Curator] Approved 1 delta items
[Playbook] apply_delta: +1 add (0 skipped)
[Playbook] Size now: 2

========================================
=== Episode 3 ===
========================================
[Attempt 1] Actions:  ['Right', 'Left', 'Right', 'Up', 'Down', 'Right', 'Left', 'Right']
[Attempt 1] Feedback: Step 1: moved Right, hit E (wall), stayed in place. Step 2: moved Left. Step 3: moved Right. Step 4: moved Up. Step 5: moved Down. Step 6: moved Right, hit E (wall), stayed in place. Step 7: moved Left. Step 8: moved Right. Maximum steps reached.
[Attempt 1] Reward:   0

[Reflector raw]
{
  "reasoning": "The model's reasoning trace shows a series of decisions based on the assumption that 'E' represents an empty space, and that the player's goal is to reach a target (B, C, or D) or push boxes onto goals. However, the environment feedback reveals that 'E' is actually a wall, not an empty space, as the model was penalized for moving into 'E' and remaining in place. This indicates a fundamental misunderstanding of the grid symbols and the rules of the environment. The model incorrectly interpreted 'E' as a navigable space, while the environment feedback shows that 'E' is a wall. As a result, the model's path repeatedly led to invalid moves, such as in steps 1 and 6, where it moved into 'E' and stayed in place. The model also failed to adapt its reasoning based on real-time feedback, which is a key component of playbook entry [2]. Instead, it continued to make assumptions about the grid layout without incorporating the environment's responses. This led to the final outcome of reward 0, meaning no goal was achieved, and the path was invalid.",
  "error_identification": "The model misinterpreted the symbol 'E' as an empty space, when in fact, it is a wall. This led to invalid moves that did not contribute to reaching the goal. Additionally, the model failed to adapt its strategy based on real-time feedback, continuing to make the same incorrect assumptions about the grid layout.",
  "root_cause_analysis": "The model misunderstood the meaning of the grid symbols, particularly 'E', which was treated as a navigable space rather than a wall. This conceptual error in symbol interpretation led to invalid movement choices. The model also did not properly apply the feedback from the environment, as outlined in playbook entry [2], which emphasizes using real-time feedback to refine future actions.",
  "correct_approach": "The model should have interpreted 'E' as a wall and avoided moving into it. It should have used environment feedback after each move to update its understanding of the grid. Specifically, after step 1, when the model moved into 'E' and stayed in place, it should have inferred that 'E' is a wall and adjusted its strategy accordingly. The model should also have evaluated each move based on the feedback from the environment, rather than making assumptions about the grid's structure.",
  "key_insight": "Always verify the meaning of grid symbols based on environment feedback. Use real-time
[Reflector] Structured reflection captured
[Playbook] feedback (fallback): +0 helpful / +2 harmful / 0 neutral

[Curator raw]
{
  "reasoning": "The current playbook lacks a specific strategy for handling deterministic grid-navigation tasks with feedback loops. Although the existing entries mention using feedback and planning movement, there is no explicit guidance on how to systematically integrate feedback into decision-making. This insight would enhance the playbook by providing a clear, actionable method for refining predictions based on environmental feedback, which is critical for deterministic tasks.",
  "operations": [
    {
      "type": "ADD",
      "content": "In deterministic grid-navigation tasks, after each action, explicitly compare the predicted outcome with the actual feedback received. Use this discrepancy to update the internal model of the environment, adjusting future predictions to better align with real-world outcomes. This iterative refinement ensures accurate and adaptive navigation."
    }
  ]
}
[Curator] Approved 1 delta items
[Playbook] apply_delta: +1 add (0 skipped)
[Playbook] Size now: 3

========================================
=== Episode 4 ===
========================================
[Attempt 1] Actions:  ['Down']
[Attempt 1] Feedback: Step 1: moved Down, pushed B onto C (goal)! All boxes are on targets. Puzzle solved!
[Attempt 1] Reward:   1

[Reflector raw]
{
  "reasoning": "The model's reasoning trace suggests that the player ('A') is located at position (1,2) and that the boxes ('B', 'C', 'D') are arranged vertically below the player. The model correctly identifies that the only valid action is to move Down, as other directions are blocked by walls ('D'). The model also aligns its reasoning with the playbook, specifically referencing entries 1, 2, and 3, which emphasize prioritizing goals, using feedback, and refining predictions. The model's action of moving Down was correct and led to a successful outcome: pushing box 'B' onto 'C' (which is interpreted as a goal), resulting in all boxes being on targets and the puzzle being solved. However, the reasoning trace contains a conceptual misunderstanding: it assumes that the player can push a box directly downward, but based on the grid layout, the player is not adjacent to any box at the start. This suggests that the model incorrectly inferred the grid state and the relationships between the player and boxes. Despite this, the action was correct, and the environment feedback confirmed that the puzzle was solved. This highlights a case where the model’s reasoning was flawed, but the action was still correct due to the environment’s feedback.",
  "error_identification": "The model incorrectly assumed that the player was adjacent to a box ('B') and that pushing it downward would be possible, based on its reasoning trace. However, the grid clearly shows that the player is at (1,2), and the box 'B' is at (2,2), meaning the player must move Down to be adjacent to the box before pushing. The model's reasoning did not explicitly account for the mechanics of pushing boxes, leading to a misinterpretation of the grid state.",
  "root_cause_analysis": "The model misunderstood the mechanics of box pushing in grid-based puzzles. It assumed that moving Down would directly push a box, but it did not consider that the player must first be adjacent to the box before a push is possible. This reflects a conceptual misunderstanding of how movement and interaction with objects work in such environments.",
  "correct_approach": "The model should have explicitly checked whether the player is adjacent to a box before assuming that a push is possible. It should have considered the mechanics of pushing—i.e., that a box can only be pushed if the player is directly next to it and there is space for the box to move into. This would have clarified that the correct action (
[Reflector] Structured reflection captured
[Playbook] feedback (fallback): +3 helpful / +0 harmful / 0 neutral

[Curator raw]
{
  "reasoning": "The current playbook contains three strategies focused on deterministic grid-navigation tasks, including using feedback for prediction refinement and updating internal models based on discrepancies between predicted and actual outcomes. However, the reflection indicates that the previous attempt had an invalid JSON output, which suggests a need for improved error handling and validation procedures when generating playbook content. This insight highlights the importance of ensuring that any generated content adheres to structured formats and is validated before being added to the playbook. This is a new and actionable insight that complements the existing strategies by addressing the procedural integrity of the playbook creation process.",
  "operations": [
    {
      "type": "ADD",
      "content": "Before finalizing any new playbook entry, validate the structure and format of the content to ensure it adheres to the required JSON schema. This helps prevent errors like invalid JSON outputs and ensures consistency across the playbook."
    }
  ]
}
[Curator] Approved 1 delta items
[Playbook] apply_delta: +1 add (0 skipped)
[Playbook] Size now: 4

========================================
=== Episode 5 ===
========================================
[Attempt 1] Actions:  ['Up']
[Attempt 1] Feedback: Step 1: moved Up, pushed B onto C (goal)! All boxes are on targets. Puzzle solved!
[Attempt 1] Reward:   1

[Reflector raw]
{
  "reasoning": "The model's reasoning trace indicates that it identified the player's position (A) and the goal (C) correctly, and attempted to move directly toward the goal by choosing 'Up'. However, the environment feedback reveals that the action 'Up' resulted in pushing the box (B) onto the goal (C), which completed the puzzle. This suggests that the model did not fully understand the mechanics of how movement affects objects in the grid, particularly how pushing boxes works. The playbook entry [1] emphasizes the importance of planning movement to push boxes onto their goals, but the model's reasoning did not account for the fact that moving up would push the box (B) directly onto the goal (C), which is the correct and intended outcome. However, the model's reasoning trace shows it was focused on reaching the goal directly, not on pushing the box, which indicates a conceptual misunderstanding of the game mechanics.",
  "error_identification": "The model assumed that the player could move directly toward the goal (C) without considering that the box (B) was in the adjacent cell. It failed to recognize that the 'Up' action would push the box (B) onto the goal (C), which is the correct and intended action in this scenario. This shows a failure to fully apply the concept of pushing boxes as described in playbook entry [1].",
  "root_cause_analysis": "The model misunderstood the interaction between the player and the box. It treated the box as a static object that could be avoided rather than recognizing that movement into a cell containing a box would push it in the same direction. The model's reasoning did not integrate the concept of pushing boxes, even though it was referenced in the playbook. This indicates a conceptual gap in understanding the mechanics of the game.",
  "correct_approach": "The model should have recognized that the 'Up' action would push the box (B) onto the goal (C), which is the correct move to solve the puzzle. It should have focused on evaluating how the player's movement affects surrounding objects, as emphasized in playbook entry [1]. The model should have considered the implications of moving into a cell with a box, rather than assuming it could be bypassed or ignored.",
  "key_insight": "In grid-based puzzles where boxes must be pushed onto goals, the model must always evaluate how movement affects surrounding objects, particularly boxes. The principle to remember is that moving into a cell with a box will push it in the same direction, and
[Reflector] Structured reflection captured
[Playbook] feedback (fallback): +3 helpful / +0 harmful / 0 neutral

[Curator raw]
{
  "reasoning": "The current playbook lacks a strategy that explicitly addresses the importance of integrating reward signals into the decision-making process during deterministic grid-navigation tasks. While the existing playbook emphasizes prediction refinement and environmental feedback, it does not highlight how reward information can guide the selection of actions to maximize cumulative rewards. This is a critical missing insight, as reward signals provide direct feedback on the quality of the chosen trajectory, which can be used to prioritize actions that lead to higher rewards. Adding this insight would complement the existing playbook by enhancing the strategic depth of the navigation approach.",
  "operations": [
    {
      "type": "ADD",
      "content": "In deterministic grid-navigation tasks, incorporate reward signals into the decision-making process by prioritizing actions that lead to higher immediate or cumulative rewards. This helps align the agent's behavior with the objective of maximizing total reward, ensuring that the navigation strategy is not only accurate but also optimal in terms of outcome."
    }
  ]
}
[Curator] Approved 1 delta items
[Playbook] apply_delta: +1 add (0 skipped)
[Playbook] Size now: 5
[Playbook] grow_and_refine: no duplicates found.

========================================
=== Episode 6 ===
========================================
[Attempt 1] Actions:  ['Right', 'Right', 'Up']
[Attempt 1] Feedback: Step 1: moved Right, hit E (wall), stayed in place. Step 2: moved Right, hit E (wall), stayed in place. Step 3: moved Up, pushed B onto C (goal)! All boxes are on targets. Puzzle solved!
[Attempt 1] Reward:   1

[Reflector raw]
{
  "reasoning": "The model's reasoning trace indicates that it believed the player (A) was in a position where moving 'Right' would lead to an empty space (E) or a box (B) that could be pushed toward the goal (C). However, the environment feedback clarifies that in both Step 1 and Step 2, the player attempted to move 'Right' but encountered an 'E', which is actually a wall, not an empty space. The model incorrectly interpreted 'E' as an empty space, which led to invalid movement and no progress. In Step 3, moving 'Up' resulted in the box (B) being pushed onto the goal (C), which solved the puzzle, but this success was not due to the model's initial understanding of the environment. The model's reasoning failed to correctly interpret the grid symbols and their meanings, leading to a flawed initial strategy that only coincidentally led to a correct outcome. The playbook entries [1], [2], and [3] are relevant and helpful, but the model's application of them was based on a misunderstanding of the grid's symbols.",
  "error_identification": "The model misinterpreted the symbol 'E' in the grid as an empty space (E) rather than a wall (E). This led to invalid movement decisions in Steps 1 and 2. Additionally, the model did not accurately map the positions of the player, box, and goal based on the grid, leading to a flawed understanding of the environment.",
  "root_cause_analysis": "The root cause of the error is a conceptual misunderstanding of the grid's symbols. The model assumed that 'E' represented an empty space, but in the context of this environment, 'E' represents a wall, which the player cannot move into. This misunderstanding of the grid's semantics led to invalid movement choices and a flawed internal model of the environment.",
  "correct_approach": "The model should have correctly interpreted the grid symbols as defined in the environment. It should have recognized that 'E' represents a wall and therefore should not have attempted to move into those positions. Additionally, the model should have used the environment feedback after each step to update its internal model of the grid and adjust future actions accordingly, as outlined in playbook entry [3].",
  "key_insight": "Grid-based navigation tasks require precise understanding of the environment's symbol semantics. Always verify and update the internal model of the environment using real-time feedback after each action to ensure accurate decision
[Reflector] Structured reflection captured
[Playbook] feedback (fallback): +3 helpful / +0 harmful / 0 neutral

[Curator raw]
{
  "reasoning": "The reflection indicates that the previous output was not valid JSON, which suggests that there may be an issue with the formatting or structure of the playbook entries. While the current playbook contains strategies for deterministic grid-navigation tasks, it lacks a specific focus on ensuring that the JSON structure of new entries is validated prior to inclusion. This is already partially addressed in entry [4], but it can be expanded to explicitly emphasize the importance of validating not only the structure but also the semantic content of new entries to avoid errors during execution. Additionally, there is no explicit mention of leveraging reward signals in conjunction with environmental feedback for more robust decision-making in grid-navigation tasks, which could provide a missing complementary strategy.",
  "operations": [
    {
      "type": "ADD",
      "content": "Before adding new entries to the playbook, validate both the JSON structure and the semantic consistency of the content to ensure compatibility with existing entries and prevent errors in execution. This includes checking for proper formatting, adherence to the schema, and alignment with the overall purpose of the playbook."
    },
    {
      "type": "ADD",
      "content": "In deterministic grid-navigation tasks, combine reward signals with environmental feedback to refine decision-making. Use the cumulative reward as a guide to prioritize actions that not only align with the goal state but also contribute positively to the overall reward, enabling more adaptive and optimal navigation strategies."
    }
  ]
}
[Curator] Approved 2 delta items
[Playbook] apply_delta: +2 add (0 skipped)
[Playbook] Size now: 7

========================================
=== Episode 7 ===
========================================
[Attempt 1] Actions:  ['Up', 'Up', 'Right', 'Right', 'Right', 'Right', 'Up']
[Attempt 1] Feedback: Step 1: moved Up, pushed B. Step 2: moved Up, pushed B. Step 3: moved Right, hit E (wall), stayed in place. Step 4: moved Right, hit E (wall), stayed in place. Step 5: moved Right, hit E (wall), stayed in place. Step 6: moved Right, hit E (wall), stayed in place. Step 7: moved Up, pushed B onto C (goal)! All boxes are on targets. Puzzle solved!
[Attempt 1] Reward:   1

[Reflector raw]
{
  "reasoning": "The model's reasoning trace shows that it attempted to push the box ('B') toward the goal ('C') by initially moving Up twice to push the box. However, after that, the model made a series of Right moves, which led to hitting walls ('E') and not progressing toward the goal. The key issue is that the model failed to realize that the box had already been pushed into the goal after Step 2. Instead of recognizing this and stopping further movement, it continued to move Right, which was ineffective and wasted steps. The environment feedback clearly indicates that the box was pushed onto the goal in Step 7, which should have been the final step. The model did not correctly update its internal model of the environment after Step 2, leading to unnecessary and invalid movements. The playbook entries emphasize the importance of using environment feedback and comparing predicted outcomes with actual results, but the model did not apply this effectively.",
  "error_identification": "The model did not update its internal understanding of the environment after Step 2, where the box ('B') was pushed toward the goal ('C'). As a result, it continued moving Right, assuming that the box was still in its original position, leading to wasted steps and unnecessary actions. This failure to recognize the change in the environment's state is a clear error in the model's reasoning.",
  "root_cause_analysis": "The model misunderstood the deterministic nature of the environment and the importance of real-time feedback. Specifically, it did not realize that pushing the box in Step 2 had already moved it closer to the goal, and that further movement in the same direction would not be necessary. The model failed to apply the principle of using environment feedback to refine its internal model of the state, which is a core concept emphasized in the playbook entries.",
  "correct_approach": "The model should have used the environment feedback after each action to update its internal model of the grid. After Step 2, where the box was pushed, the model should have realized that the box was now in a new position and adjusted its strategy accordingly. Instead of continuing to move Right, it should have moved Up again in Step 7 to push the box onto the goal directly, which was the correct action.",
  "key_insight": "In deterministic grid-based puzzles, it is essential to use real-time environment feedback after each action to update the internal model of the grid state. This ensures that the model's reasoning is based on the current, accurate state of the
[Reflector] Structured reflection captured
[Playbook] feedback (fallback): +3 helpful / +0 harmful / 0 neutral

[Curator raw]
{
  "reasoning": "The reflection indicates that the previous output was not valid JSON, which suggests a formatting or structural error in the playbook content. This highlights the need to emphasize strict validation of JSON structure and semantic consistency when creating or updating playbook entries. Additionally, the current playbook lacks a specific strategy for handling reward signals in conjunction with environmental feedback in deterministic grid-navigation tasks, which could improve decision-making accuracy and efficiency. A new entry should be added to explicitly address this gap.",
  "operations": [
    {
      "type": "ADD",
      "content": "In deterministic grid-navigation tasks, explicitly integrate reward signals with environmental feedback by using a weighted combination of both to guide decision-making. This ensures that actions are selected not only based on immediate rewards but also in alignment with long-term environmental outcomes, enhancing both adaptability and performance."
    }
  ]
}
[Curator] Approved 1 delta items
[Playbook] apply_delta: +1 add (0 skipped)
[Playbook] Size now: 8

========================================
=== Episode 8 ===
========================================
[Attempt 1] Actions:  ['Right']
[Attempt 1] Feedback: Step 1: moved Right, pushed B onto C (goal)! All boxes are on targets. Puzzle solved!
[Attempt 1] Reward:   1

[Reflector raw]
{
  "reasoning": "The model's reasoning trace indicates that it chose to move 'Right' based on the assumption that this would push box B closer to the goal D. However, the environment feedback reveals that the action actually pushed box B onto box C, which was already at the goal position. This outcome indicates that the model's understanding of the grid layout and the consequences of pushing boxes was incomplete or incorrect. Specifically, the model did not realize that box C was already at the goal (D), and moving B onto C would not be a valid or optimal move. The model also failed to consider that pushing a box onto another box would not achieve the objective of placing all boxes on their respective goals. The playbook entries used by the model (1, 2, 3) are all focused on planning and adapting movement based on environment feedback, but the model did not apply them correctly in this scenario.",
  "error_identification": "The model made a conceptual error by assuming that moving right would push box B toward the goal, without verifying whether that action would result in a valid configuration. Specifically, it did not recognize that box C was already on the goal (D), and pushing B onto C would not be a valid move. This indicates a failure to fully interpret the grid state and the implications of pushing boxes.",
  "root_cause_analysis": "The root cause of the error is a misunderstanding of the grid environment, particularly the positions of the boxes and the goal. The model assumed that pushing a box closer to the goal was the correct strategy, but it did not account for the fact that box C was already at the goal and that pushing B onto C would not fulfill the objective of placing each box on its own goal. This shows a conceptual gap in the model's understanding of how to evaluate the validity of box movements.",
  "correct_approach": "The model should have first evaluated the positions of all boxes and goals to ensure that pushing a box would lead to a valid configuration. It should have considered whether the target cell for a box is already occupied before attempting to move a box into that position. Additionally, the model should have used the playbook entry [2] or [3], which emphasize the importance of using environment feedback after each action to refine future decisions. Instead of assuming the outcome of the move, it should have analyzed the grid more carefully before taking action.",
  "key_insight": "In grid-based puzzles involving box pushing, it is critical to verify the target positions of all boxes before attempting
[Reflector] Structured reflection captured
[Playbook] feedback (fallback): +3 helpful / +0 harmful / 0 neutral

[Curator raw]
{
  "reasoning": "The current playbook contains several strategies for deterministic grid-navigation tasks, including using feedback, refining predictions, incorporating reward signals, and validating JSON structure. However, the recent reflection indicates that there was an issue with the output format (invalid JSON) and no structured diagnosis was available. This suggests that the playbook could benefit from an additional entry focused on ensuring the output format is strictly adhered to, especially when generating new content or reflecting on previous attempts. This would help avoid issues like invalid JSON in future outputs and improve consistency in the playbook's use.",
  "operations": [
    {
      "type": "ADD",
      "content": "When generating reflections or new playbook entries, always validate the output format against the required JSON schema before finalizing. This ensures that the content is not only semantically correct but also structurally valid, preventing errors like invalid JSON and ensuring seamless integration with existing playbook entries."
    }
  ]
}
[Curator] Approved 1 delta items
[Playbook] apply_delta: +1 add (0 skipped)
[Playbook] Size now: 9

========================================
=== Episode 9 ===
========================================
[Attempt 1] Actions:  ['Right']
[Attempt 1] Feedback: Step 1: moved Right, pushed B onto C (goal)! All boxes are on targets. Puzzle solved!
[Attempt 1] Reward:   1

[Reflector raw]
{
  "reasoning": "The model's reasoning trace indicates that it correctly identified the position of the player ('A') at (5,3) and the presence of 'B' at (5,4). It then evaluated the action 'Right' as a strategic move based on playbook entry [1], which emphasizes pushing boxes onto goals. The model's decision was reinforced by the environment feedback, which confirmed that moving right pushed 'B' onto 'C' (the goal), solving the puzzle. However, upon deeper analysis, the model's reasoning did not explicitly consider that the action 'Right' would result in the box 'B' being pushed onto 'C'—a critical detail that would have confirmed the correctness of the action beforehand. Despite this, the model's reasoning was still accurate and led to a successful outcome, as the environment feedback validated the action as correct. Therefore, the model did not make an error in reasoning, and the action was the optimal choice.",
  "error_identification": "No specific error was identified in the reasoning trace. The model's reasoning was sound and led to a correct action that resulted in a reward of 1, solving the puzzle.",
  "root_cause_analysis": "No root cause of an error was identified. The model's reasoning and action were correct and aligned with the playbook guidance, as well as the environment's feedback.",
  "correct_approach": "The model's approach was correct. It followed the playbook's guidance, assessed the grid state accurately, and made a strategic decision that led to the puzzle being solved.",
  "key_insight": "When evaluating actions in grid-based puzzles, it's important to consider how movement affects surrounding objects, especially if those objects are boxes or goals. Prioritizing actions that align with the goal of pushing boxes onto their targets is a strong strategy.",
  "bullet_tags": [
    {"id": 1, "tag": "helpful"},
    {"id": 2, "tag": "neutral"}
  ]
}
[Reflector] Structured reflection captured
[Playbook] feedback (reflector): +1 helpful / +0 harmful / 1 neutral

[Curator raw]
{
  "reasoning": "The reflection highlights that the model correctly identified the optimal action but did not explicitly consider the outcome of the action (i.e., pushing 'B' onto 'C') before executing it. This suggests that while the current playbook emphasizes planning and aligning movement with goals, it lacks a specific strategy for explicitly verifying the consequences of each action before execution. Adding a playbook entry that emphasizes this verification step would complement the existing advice, ensuring that the model not only plans effectively but also validates its predictions against the expected environmental consequences.",
  "operations": [
    {
      "type": "ADD",
      "content": "In deterministic grid-navigation tasks, before executing an action, explicitly verify that the movement will produce the intended environmental effect (e.g., pushing a box onto a goal). This step ensures that the action aligns with both the playbook strategy and the actual state of the environment, reducing the risk of unintended consequences."
    }
  ]
}
[Curator] Approved 1 delta items
[Playbook] apply_delta: +1 add (0 skipped)
[Playbook] Size now: 10

========================================
=== Episode 10 ===
========================================
[Attempt 1] Actions:  ['Left']
[Attempt 1] Feedback: Step 1: moved Left, pushed B onto C (goal)! All boxes are on targets. Puzzle solved!
[Attempt 1] Reward:   1

[Reflector raw]
{
  "reasoning": "The model's reasoning trace indicates that it correctly identified the initial player position at (1,5), the box at (1,4), and the goal at (1,3). It also correctly reasoned that moving 'Left' would place the player next to the box, which is a necessary step for pushing it toward the goal. The environment feedback confirmed that the action 'Left' successfully pushed the box onto the goal, solving the puzzle. However, the model's reasoning did not consider that the box was already adjacent to the goal, and moving left would directly push the box onto the goal in one move. This was not a mistake in reasoning, but rather an optimal and correct action based on the initial state of the grid. The model's playbook entries were appropriately used to justify the action, and the feedback validated the decision. Thus, the reasoning was sound, and the action was correct.",
  "error_identification": "There was no error in the model's reasoning or action selection. The model correctly identified the most efficient action to solve the puzzle, and the environment confirmed its success with a reward of 1.",
  "root_cause_analysis": "The reasoning did not contain any conceptual or calculation errors. The model correctly applied the playbook's guidance to prioritize box and goal interactions and to evaluate the consequences of each action.",
  "correct_approach": "The model's approach was correct. It identified the most efficient action based on the initial grid state and executed it successfully. No alternative approach was needed.",
  "key_insight": "In grid-based puzzles, it is crucial to assess the spatial relationships between the player, boxes, and goals from the outset. Directly pushing a box onto a goal when adjacent is the optimal strategy and should be prioritized in such cases.",
  "bullet_tags": [
    {"id": 1, "tag": "helpful"},
    {"id": 2, "tag": "helpful"},
    {"id": 3, "tag": "helpful"},
    {"id": 4, "tag": "neutral"},
    {"id": 5, "tag": "neutral"},
    {"id": 6, "tag": "neutral"},
    {"id": 7, "tag": "neutral"},
    {"id": 8, "tag": "neutral"},
    {"id": 9, "tag": "neutral"},
    {"id": 10, "tag": "neutral"}
  ]
}
[Reflector] Structured reflection captured
[Playbook] feedback (reflector): +3 helpful / +0 harmful / 7 neutral

[Curator raw]
{
  "reasoning": "The reflection highlights that the model correctly identified the optimal action of pushing the box directly onto the goal when adjacent. However, the current playbook lacks a specific strategy that emphasizes recognizing and leveraging such direct opportunities in grid-based puzzles. Adding a playbook entry that explicitly encourages identifying and prioritizing direct box-to-goal pushes when possible would complement the existing playbook by reinforcing this key insight. This addition would enhance the model's ability to recognize optimal moves in similar scenarios.",
  "operations": [
    {
      "type": "ADD",
      "content": "In grid-based puzzles, if a box is already adjacent to a goal, prioritize pushing it directly onto the goal in a single move. This is the most efficient strategy and should be evaluated first in such scenarios to maximize reward and minimize steps."
    }
  ]
}
[Curator] Approved 1 delta items
[Playbook] apply_delta: +1 add (0 skipped)
[Playbook] Size now: 11
[Playbook] grow_and_refine: no duplicates found.

========================================
=== Episode 11 ===
========================================
[Attempt 1] Actions:  ['Left']
[Attempt 1] Feedback: Step 1: moved Left, pushed B onto C (goal)! All boxes are on targets. Puzzle solved!
[Attempt 1] Reward:   1

[Reflector raw]
{
  "reasoning": "The model's reasoning trace indicates that it correctly identified the player's position at (5,6), the box ('B') at (5,5), and the target ('C') at (5,4). The model's analysis of the action 'Left' is accurate: moving left would push the box onto the target, achieving the goal in one move. The environment feedback confirms that this action successfully solved the puzzle, with a reward of 1. The model's decision was sound and aligned with the objective of pushing the box onto the target. The playbook entries [1] and [11] are appropriately referenced, as they emphasize identifying boxes and goals and pushing boxes directly onto goals when adjacent. There is no error in the model's reasoning or action selection. The model executed the correct strategy based on the grid layout and the playbook guidance.",
  "error_identification": "No error was identified in the model's reasoning or action selection. The model correctly predicted and executed the optimal action to solve the puzzle.",
  "root_cause_analysis": "There is no root cause of an error, as the model's reasoning and action were correct and led to a successful outcome.",
  "correct_approach": "The model's approach was correct and should be followed in similar scenarios. When a box is adjacent to a target, pushing it directly onto the target is the optimal and most efficient action.",
  "key_insight": "When a box is adjacent to a target, prioritize pushing it directly onto the target in a single move. This is the most efficient strategy and should be evaluated first in such scenarios.",
  "bullet_tags": [
    {"id": 1, "tag": "helpful"},
    {"id": 11, "tag": "helpful"}
  ]
}
[Reflector] Structured reflection captured
[Playbook] feedback (reflector): +2 helpful / +0 harmful / 0 neutral

[Curator raw]
{
  "reasoning": "The reflection highlights that the model successfully executed a strategy where a box was directly pushed onto a target in a single move, which aligns with playbook entry [11]. However, the reflection also emphasizes that this action was the most efficient and should be evaluated first in similar scenarios. While [11] already addresses the priority of pushing boxes directly onto goals when adjacent, there is no explicit guidance on how to systematically prioritize this action over other potential moves. Therefore, the playbook could benefit from a new entry that explicitly outlines the prioritization order for actions in grid-based puzzles, especially when multiple strategies are possible. This would enhance the clarity and effectiveness of the playbook in guiding the model's decision-making process.",
  "operations": [
    {
      "type": "ADD",
      "content": "In grid-based puzzles, when multiple actions are viable, prioritize the one that directly pushes a box onto a target first. This ensures optimal efficiency and maximizes immediate reward. If no such action exists, evaluate secondary strategies that move the player closer to the goal or reposition the box for future steps."
    }
  ]
}
[Curator] Approved 1 delta items
[Playbook] apply_delta: +1 add (0 skipped)
[Playbook] Size now: 12

========================================
=== Episode 12 ===
========================================
[Attempt 1] Actions:  ['Right']
[Attempt 1] Feedback: Step 1: moved Right, pushed B onto C (goal)! All boxes are on targets. Puzzle solved!
[Attempt 1] Reward:   1

[Reflector raw]
{
  "reasoning": "The model's reasoning trace indicates that the generator chose to move 'Right' in Step 1 based on the playbook entries [1, 11]. The generator believed that this action would position the player adjacent to box 'B', which could lead to future pushes. However, the environment feedback revealed that this single action actually resulted in box 'B' being pushed onto 'C' (which is interpreted as the goal), completing the puzzle in one move. The generator's reasoning did not anticipate this outcome because it assumed that box 'B' was not yet on a target and that pushing it would require additional steps. This shows a misunderstanding of the game mechanics and the potential for a single action to achieve the goal, especially when the box is already adjacent to the target. The playbook entry [11] specifically advises that if a box is already adjacent to a goal, it should be pushed directly onto the goal in one move, which is exactly what happened here. The generator failed to apply this rule directly, instead relying on a more general strategy of positioning the player for future pushes.",
  "error_identification": "The model's reasoning incorrectly assumed that box 'B' was not yet on a target and that pushing it would require multiple steps. It failed to recognize that the box was already adjacent to a target and that a single 'Right' action would complete the task. This indicates a failure to apply the specific guidance from playbook entry [11], which explicitly advises pushing a box onto a goal if it is already adjacent.",
  "root_cause_analysis": "The error stems from a conceptual misunderstanding of the game's mechanics and the specific guidance in the playbook. The model treated the situation as requiring a multi-step process to push the box onto a target, rather than recognizing that the box was already in a position to be pushed directly onto the goal with the current action. This suggests a lack of application of the playbook entry [11], which emphasizes efficiency in such scenarios.",
  "correct_approach": "The model should have immediately recognized that box 'B' was already adjacent to a target (box 'C'), and that the 'Right' action would push it directly onto the goal. It should have applied the guidance from playbook entry [11], which states that if a box is already adjacent to a goal, the priority should be to push it directly onto the goal in a single move. This would have led to the correct and optimal action without unnecessary steps.",
  "key_insight":
[Reflector] Structured reflection captured
[Playbook] feedback (fallback): +2 helpful / +0 harmful / 0 neutral

[Curator raw]
{
  "reasoning": "The reflection indicates that the previous output was not valid JSON, which suggests a structural or formatting error. This highlights a critical need to emphasize the importance of validating JSON structure before finalizing any playbook entries. While the playbook already includes entries about validating JSON structure (e.g., bullet [4], [6], [9]), none explicitly address the issue of ensuring the JSON output from the reflector is valid. This is a new insight that should be added to the playbook to prevent similar errors in the future.",
  "operations": [
    {
      "type": "ADD",
      "content": "Before generating any reflection or playbook update, explicitly validate the output JSON structure to ensure it conforms to the required schema. This prevents errors like invalid JSON and ensures compatibility with downstream systems that rely on structured data."
    }
  ]
}
[Curator] Approved 1 delta items
[Playbook] apply_delta: +1 add (0 skipped)
[Playbook] Size now: 13

========================================
=== Episode 13 ===
========================================
[Attempt 1] Actions:  ['Right', 'Right', 'Right']
[Attempt 1] Feedback: Step 1: moved Right, pushed B. Step 2: moved Right, pushed B. Step 3: moved Right, pushed B onto C (goal)! All boxes are on targets. Puzzle solved!
[Attempt 1] Reward:   1

[Reflector raw]
{
  "reasoning": "The model's reasoning trace indicates a consistent strategy of pushing the box ('B') to the right, based on playbook entries [1], [11], and [12], which emphasize pushing boxes onto goals. The model correctly identified that the box was adjacent to the goal ('C') and executed three consecutive 'Right' actions, which successfully pushed the box onto the goal. The environment feedback confirms that the puzzle was solved in three steps, with the reward of 1, indicating that the model's actions were correct and optimal. However, the analysis must confirm whether the model's reasoning was sound and whether any playbook entries were misused or misunderstood.",
  "error_identification": "No specific error in reasoning was identified. The model's reasoning was consistent with the environment feedback and led to a successful outcome. The model correctly applied playbook entries [1], [11], and [12], which all support the strategy of pushing boxes toward goals and onto goals when adjacent.",
  "root_cause_analysis": "There is no root cause of an error in this case, as the model's reasoning and actions were correct and led to the puzzle being solved. The model's understanding of the grid environment, the position of the box relative to the goal, and the application of relevant playbook strategies were all accurate.",
  "correct_approach": "The model's approach was correct. It successfully used the playbook strategies to guide the player's movement and achieved the goal in the most efficient manner. No changes are needed to the approach, as the outcome was optimal.",
  "key_insight": "When a box is adjacent to a goal, the most efficient and rewarding action is to push it directly onto the goal. This aligns with playbook entries [1], [11], and [12], and should be prioritized in such scenarios.",
  "bullet_tags": [
    {"id": 1, "tag": "helpful"},
    {"id": 2, "tag": "helpful"},
    {"id": 3, "tag": "helpful"},
    {"id": 4, "tag": "neutral"},
    {"id": 5, "tag": "neutral"},
    {"id": 6, "tag": "neutral"},
    {"id": 7, "tag": "neutral"},
    {"id": 8, "tag": "neutral"},
    {"id": 9, "tag": "neutral"},
    {"id": 10
[Reflector] Structured reflection captured
[Playbook] feedback (fallback): +5 helpful / +0 harmful / 0 neutral

[Curator raw]
{
  "reasoning": "The recent reflection indicates that the output from the Reflector was not valid JSON, which suggests a formatting or structural issue in the generated content. While the current playbook includes several entries about validating JSON structure and ensuring consistency, there is no specific guidance on handling invalid JSON outputs during the reflection phase. This is a critical gap since invalid JSON can disrupt downstream systems that rely on structured data. Adding a new playbook entry that explicitly addresses handling invalid JSON during reflection would complement the existing validation-focused entries and prevent similar issues in the future.",
  "operations": [
    {
      "type": "ADD",
      "content": "During the reflection phase, if the output is invalid JSON, explicitly identify and correct the structural issues before proceeding. This includes validating the JSON schema, ensuring proper syntax, and resolving any formatting inconsistencies to maintain compatibility with downstream systems that rely on structured data."
    }
  ]
}
[Curator] Approved 1 delta items
[Playbook] apply_delta: +1 add (0 skipped)
[Playbook] Size now: 14

========================================
=== Episode 14 ===
========================================
[Attempt 1] Actions:  ['Right']
[Attempt 1] Feedback: Step 1: moved Right, pushed B onto C (goal)! All boxes are on targets. Puzzle solved!
[Attempt 1] Reward:   1

[Reflector raw]
{
  "reasoning": "The model's reasoning trace shows that it selected the action 'Right' at step 1, moving the player from position (2,2) to (2,3), which is adjacent to box 'B'. The model's logic was that this action would allow pushing 'B' toward the goal in the next step, as per the playbook's guidance on pushing boxes onto goals. However, the environment feedback indicates that moving right resulted in pushing box 'B' directly onto box 'C', which was already on a goal (marked as 'D'). This is not a valid move in most grid-based puzzle logic, where boxes cannot be pushed onto other boxes unless the target is a goal. The model failed to recognize that box 'C' was already on a goal and that pushing 'B' onto 'C' would not be a valid or rewarded action. Despite this, the environment feedback claims the puzzle was solved, suggesting that pushing 'B' onto 'C' was interpreted as placing 'B' on a goal. This implies a misunderstanding of the game's rules or the meaning of symbols (e.g., whether 'C' is a box or a goal). The model's reasoning relied on playbook entries that emphasize pushing boxes onto goals, but it did not account for the actual state of the environment or the correct interpretation of the symbols.",
  "error_identification": "The model incorrectly assumed that pushing box 'B' onto box 'C' (which is on a goal) would be a valid move that contributes to solving the puzzle. This indicates a misunderstanding of the game's rules and the meaning of symbols on the grid, particularly whether 'C' is a box or a goal. The model did not verify whether pushing 'B' onto 'C' would place 'B' on a goal or simply collide with another box.",
  "root_cause_analysis": "The root cause lies in the model's misinterpretation of the grid symbols and the rules of the game. It appears the model treated 'C' as a goal rather than a box, or it failed to recognize that pushing a box onto another box is not a valid move unless the target is a goal. This misunderstanding led the model to believe that moving 'B' onto 'C' would contribute to the puzzle solution, when in fact it likely did not. The model did not apply playbook entry [10], which advises verifying that movement will produce the intended environmental effect.",
  "correct_approach": "The model should have
[Reflector] Structured reflection captured
[Playbook] feedback (fallback): +5 helpful / +0 harmful / 0 neutral

[Curator raw]
{
  "reasoning": "The recent reflection indicates that the previous output was not valid JSON, which suggests a need for stricter validation and error-handling procedures during the generation of reflections and playbook updates. Although the playbook already includes several entries about validating JSON structure and ensuring compatibility, there is no specific emphasis on handling invalid JSON feedback during the reflection phase. This gap needs to be addressed to prevent future occurrences of invalid JSON outputs and ensure the reliability of the reflection process.",
  "operations": [
    {
      "type": "ADD",
      "content": "During the reflection phase, explicitly implement a validation step to detect and handle invalid JSON feedback. If invalid JSON is encountered, log the error, identify the root cause, and generate a structured error message that includes the malformed JSON and the expected schema. This ensures that the reflection process remains robust and prevents downstream errors in playbook updates."
    }
  ]
}
[Curator] Approved 1 delta items
[Playbook] apply_delta: +1 add (0 skipped)
[Playbook] Size now: 15

========================================
=== Episode 15 ===
========================================
[Attempt 1] Actions:  ['Left']
[Attempt 1] Feedback: Step 1: moved Left, pushed B onto C (goal)! All boxes are on targets. Puzzle solved!
[Attempt 1] Reward:   1

[Reflector raw]
{
  "reasoning": "The model's reasoning trace indicates that it correctly identified the box (B) to the left of the player (A) and the goal (C) to the right. It reasoned that moving left would allow the player to push the box (B) toward the goal (C) in the next step. This was indeed the correct action, as evidenced by the environment feedback, which confirmed that moving left pushed the box (B) directly onto the goal (C), solving the puzzle in one move. The model's reasoning was logically sound, and the action taken was optimal. The playbook entries referenced (1, 11, 12) all emphasize the importance of pushing boxes toward goals, especially when they are adjacent to a goal, which was the case here. The model's decision to move left was directly informed by the playbook and the grid state. The reward of 1 confirms that the action was successful. There is no clear error in the model's reasoning or the action taken.",
  "error_identification": "No specific error was identified in the model's reasoning. The model accurately assessed the grid state, applied the correct strategy from the playbook, and executed the optimal action.",
  "root_cause_analysis": "There is no root cause of an error, as the model's reasoning and action were correct. The model correctly interpreted the grid and applied the playbook strategy to achieve the goal in the most efficient way.",
  "correct_approach": "The model's approach was correct. It is not necessary to change anything, as the model identified the optimal action based on the grid state and playbook guidance.",
  "key_insight": "When a box is directly adjacent to a goal, the optimal strategy is to push it onto the goal in a single move, as this maximizes reward and solves the puzzle efficiently. This aligns with playbook entries 1, 11, and 12.",
  "bullet_tags": [
    {"id": 1, "tag": "helpful"},
    {"id": 2, "tag": "neutral"},
    {"id": 11, "tag": "helpful"},
    {"id": 12, "tag": "helpful"}
  ]
}
[Reflector] Structured reflection captured
[Playbook] feedback (reflector): +3 helpful / +0 harmful / 1 neutral

[Curator raw]
{
  "reasoning": "The reflection highlights that the model successfully executed a strategy where a box was directly adjacent to a goal, and the optimal action was to push the box onto the goal in a single move. This aligns with existing playbook entries 11 and 12, which already emphasize pushing boxes directly onto goals when they are adjacent. However, the reflection also implies that the model's success was informed by a broader understanding of efficiency and reward maximization. To complement the existing playbook, a new entry could be added to explicitly emphasize the importance of evaluating the entire grid state for such opportunities and prioritizing them in the decision-making process. This addition would enhance the playbook's focus on efficiency without duplicating existing content.",
  "operations": [
    {
      "type": "ADD",
      "content": "In deterministic grid-navigation tasks, systematically scan the grid for opportunities where boxes are adjacent to goals and prioritize those scenarios in the decision-making process. This ensures that the most efficient and reward-maximizing actions are executed first, improving the likelihood of solving the puzzle in the fewest steps."
    }
  ]
}
[Curator] Approved 1 delta items
[Playbook] apply_delta: +1 add (0 skipped)
[Playbook] Size now: 16
[Playbook] grow_and_refine: no duplicates found.

========================================
=== Episode 16 ===
========================================
[Attempt 1] Actions:  ['Left', 'Right', 'Right', 'Right', 'Right', 'Right', 'Right', 'Right']
[Attempt 1] Feedback: Step 1: moved Left, pushed B. Step 2: moved Right. Step 3: moved Right. Step 4: moved Right, hit E (wall), stayed in place. Step 5: moved Right, hit E (wall), stayed in place. Step 6: moved Right, hit E (wall), stayed in place. Step 7: moved Right, hit E (wall), stayed in place. Step 8: moved Right, hit E (wall), stayed in place. Maximum steps reached.
[Attempt 1] Reward:   0

[Reflector raw]
{
  "reasoning": "The model's reasoning trace begins with a correct initial action: 'Left' to push the box ('B') directly onto the goal ('C') in the first step. However, after this, the model repeatedly chooses 'Right' in subsequent steps, leading to invalid actions where the player hits walls ('E') and remains in place. This indicates that the model failed to update its internal representation of the environment after the first move, specifically after the box was pushed onto the goal. The environment feedback clearly states that after Step 1, the box was pushed onto the goal, and the player was no longer adjacent to the box. However, the model continued to treat the box and goal as if they were in their original positions. This led to repeated invalid 'Right' actions as the model attempted to push a box that no longer existed in the original configuration. The model's reasoning also misinterpreted the symbols in the grid after the first step, assuming the box and goal were still adjacent, which was no longer the case. The environment feedback shows that the model's actions after the first step did not result in any further progress, and the reward remained zero. The playbook entries referenced by the model, such as [11] and [12], emphasize pushing boxes onto goals when they are adjacent, but the model failed to recognize that this condition no longer applied after the first action. This indicates a failure to update the internal model of the environment based on real-time feedback, as outlined in playbook entries [2] and [3].",
  "error_identification": "The model repeatedly chose 'Right' in subsequent steps, assuming that the box and goal were still adjacent, even after the box was pushed onto the goal in Step 1. This led to invalid actions where the player hit walls and remained in place. The model failed to update its internal state based on the environment feedback and did not recognize that the puzzle had already been solved in the first step.",
  "root_cause_analysis": "The model misunderstood the dynamics of the grid environment and failed to update its internal state after the first move. It assumed that the box and goal were still in their original positions and that the player could continue pushing the box in subsequent steps, even though the box had already been moved onto the goal. This is a failure to incorporate real-time environmental feedback into the decision-making process, as emphasized in playbook entries [2] and [3].",
  "correct_approach": "After the first action ('Left')
[Reflector] Structured reflection captured
[Playbook] feedback (fallback): +0 helpful / +4 harmful / 0 neutral

[Curator raw]
{
  "reasoning": "The reflection indicates that the previous output was not valid JSON, which suggests a missing validation step in the playbook generation process. Although there are existing entries that mention validating JSON structure (e.g., entries 4, 6, 9, 13, 14, 15), none explicitly address the validation of the reflection output itself before incorporating it into the playbook. This is a critical step to ensure that structured feedback is properly processed and that errors in the reflection do not propagate into the playbook. Therefore, a new addition is needed to explicitly address the validation of the reflection output in addition to the playbook entries.",
  "operations": [
    {
      "type": "ADD",
      "content": "During the reflection phase, explicitly validate the reflection output against the required JSON schema before using it to update the playbook. This ensures that the feedback is structured correctly and prevents errors from invalid or malformed reflection data from affecting the playbook's integrity and usability."
    }
  ]
}
[Curator] Approved 1 delta items
[Playbook] apply_delta: +1 add (0 skipped)
[Playbook] Size now: 17

========================================
=== Episode 17 ===
========================================
[Attempt 1] Actions:  ['Left', 'Right', 'Right', 'Left', 'Right', 'Right', 'Down', 'Right']
[Attempt 1] Feedback: Step 1: moved Left. Step 2: moved Right. Step 3: moved Right. Step 4: moved Left. Step 5: moved Right. Step 6: moved Right. Step 7: moved Down. Step 8: moved Right. Maximum steps reached.
[Attempt 1] Reward:   0

[Reflector raw]
{
  "reasoning": "The model's reasoning trace indicates that it attempted to push box 'B' toward goal 'C' by moving left, right, and down in a sequence of steps. However, the final reward was 0, indicating that the goal was not achieved. The model's strategy was based on playbook entries that emphasize pushing boxes directly onto goals when possible (e.g., playbook entries 11, 12, 16), but the model failed to correctly identify the actual positions of the boxes and goals in the grid. In particular, the model assumed that box 'B' was adjacent to goal 'C' and could be pushed directly onto it, but this was not the case based on the initial grid. The model did not properly validate its assumptions with environmental feedback, leading to a series of actions that did not align with the actual grid state. This failure to correctly map the grid and update the internal model based on real-time feedback is a critical issue that led to the incorrect sequence of actions and the failure to achieve the goal.",
  "error_identification": "The model incorrectly assumed that box 'B' was adjacent to goal 'C' and that it could be pushed directly onto the goal in a single move. It failed to recognize the actual positions of the boxes and goals in the grid and did not validate its assumptions with environmental feedback.",
  "root_cause_analysis": "The root cause of the error was a misunderstanding of the grid layout and the relationship between boxes and goals. The model relied on playbook entries that prioritize pushing boxes directly onto goals (e.g., entries 11, 12, 16), but it did not properly interpret the actual grid positions. This indicates a conceptual misunderstanding of the game mechanics, specifically the requirement that a box must be directly adjacent to a goal for a push to be successful, and the failure to use environmental feedback to correct its internal model.",
  "correct_approach": "The model should have first mapped the grid accurately and identified the positions of boxes and goals. It should have validated its assumptions about the grid state using the environment feedback after each move. Instead of blindly following playbook entries that prioritize pushing boxes onto goals, it should have evaluated whether the conditions for such a move were actually met in the current state of the grid.",
  "key_insight": "In grid-based puzzles, always verify the current state of the grid before taking an action. Use environment feedback after each step to update the internal model of the grid and ensure that
[Reflector] Structured reflection captured
[Playbook] feedback (fallback): +0 helpful / +5 harmful / 0 neutral

[Curator raw]
{
  "reasoning": "The recent reflection indicates that the Reflector output was not valid JSON, which suggests a need to strengthen the validation and error-handling processes during the reflection phase. While the playbook already includes several entries about validating JSON structure and handling invalid feedback, there is a gap in explicitly addressing the root causes of invalid JSON outputs and implementing corrective measures during the reflection process. This insight should be added to the playbook to ensure robustness in the reflection phase and prevent similar issues in the future.",
  "operations": [
    {
      "type": "ADD",
      "content": "During the reflection phase, explicitly implement a root-cause analysis step for invalid JSON outputs. Identify the specific syntax or structural issues causing the error, and generate a detailed error report that includes the malformed JSON, expected schema, and potential fixes. This ensures that the reflection process is not only structurally valid but also diagnosable and correctable, improving the reliability of playbook updates."
    }
  ]
}
[Curator] Approved 1 delta items
[Playbook] apply_delta: +1 add (0 skipped)
[Playbook] Size now: 18

========================================
=== Episode 18 ===
========================================
[Attempt 1] Actions:  ['Left', 'Up', 'Right', 'Right', 'Right', 'Right', 'Right', 'Right']
[Attempt 1] Feedback: Step 1: moved Left. Step 2: moved Up. Step 3: moved Right, B (box) cannot be pushed, move failed. Step 4: moved Right, B (box) cannot be pushed, move failed. Step 5: moved Right, B (box) cannot be pushed, move failed. Step 6: moved Right, B (box) cannot be pushed, move failed. Step 7: moved Right, B (box) cannot be pushed, move failed. Step 8: moved Right, B (box) cannot be pushed, move failed. Maximum steps reached.
[Attempt 1] Reward:   0

[Reflector raw]
{
  "reasoning": "The model's reasoning trace indicates a consistent strategy of attempting to push the box ('B') toward the goal ('C') by moving right repeatedly after initially moving left and then up. However, the environment feedback reveals that the model's actions failed to push the box at every step from step 3 onward. The grid shows that the player ('A') starts at (4,4), and the box ('B') is directly to the left at (4,3). When the model moves 'Up' in step 2, it would have moved from (4,4) to (3,4), which is not adjacent to the box ('B') at (4,3). Thus, the box is not in a position to be pushed by the player. From there, the model begins moving 'Right' repeatedly, but the player is not adjacent to the box, so pushing is not possible. The model misunderstood the grid layout and the mechanics of box pushing, assuming that moving toward the box would allow it to be pushed, but it failed to account for the player's actual position relative to the box. The playbook entry [11] was misapplied because the box was not adjacent to the goal or to the player at the time of the action. The model did not adjust its strategy based on the feedback that the box could not be pushed, which is a critical failure in the decision-making process.",
  "error_identification": "The model incorrectly assumed that moving toward the box would allow it to be pushed, without verifying whether the player was in a position to push the box. The model also misapplied playbook entry [11], which states that a box should be pushed onto a goal only if it is already adjacent to the goal. In this scenario, the box was not adjacent to the goal or to the player, so pushing was not possible. The model failed to update its internal model of the environment based on feedback that the box could not be pushed, leading to repeated incorrect actions.",
  "root_cause_analysis": "The model misunderstood the mechanics of box pushing and the spatial relationships in the grid. It assumed that simply moving toward the box would allow it to be pushed, without checking whether the player was in a position to push the box. This reflects a conceptual misunderstanding of the game mechanics and a failure to use environmental feedback to refine its reasoning, as emphasized in playbook entries [2] and [3]. The model did not properly implement the strategy of validating predicted outcomes against
[Reflector] Structured reflection captured
[Playbook] feedback (fallback): +0 helpful / +5 harmful / 0 neutral

[Curator raw]
{
  "reasoning": "The recent reflection indicates that the output from the Reflector was not valid JSON, which suggests a lack of structured diagnosis in the current playbook. This points to a gap in the playbook's ability to handle and correct invalid JSON outputs during the reflection phase. While several playbook entries focus on validating JSON structure and handling errors, none explicitly address the need for structured diagnosis when invalid JSON is encountered. Adding a focused strategy to handle this scenario will improve the robustness of the reflection process and ensure the playbook remains reliable and usable.",
  "operations": [
    {
      "type": "ADD",
      "content": "During the reflection phase, if invalid JSON is detected, implement a structured diagnostic framework that identifies the specific error type (e.g., syntax, schema mismatch) and provides actionable insights to correct it. This ensures that the reflection process is both robust and informative, enabling accurate playbook updates."
    }
  ]
}
[Curator] Approved 1 delta items
[Playbook] apply_delta: +1 add (0 skipped)
[Playbook] Size now: 19

========================================
=== Episode 19 ===
========================================
[Attempt 1] Actions:  ['Right', 'Right', 'Left', 'Up', 'Left', 'Left', 'Up', 'Up']
[Attempt 1] Feedback: Step 1: moved Right. Step 2: moved Right. Step 3: moved Left. Step 4: moved Up. Step 5: moved Left, pushed B. Step 6: moved Left, pushed B. Step 7: moved Up. Step 8: moved Up. Maximum steps reached.
[Attempt 1] Reward:   0

[Reflector raw]
{
  "reasoning": "The model's reasoning trace shows that it attempted to push the box (B) toward the goal (C) but failed to achieve the objective. The predicted action sequence was ['Right', 'Right', 'Left', 'Up', 'Left', 'Left', 'Up', 'Up'], and the environment feedback indicates that the box was pushed twice (Step 5 and Step 6), but the final reward was 0, meaning the goal was never reached. The model's reasoning at each step suggested it was trying to position the player to push the box toward the goal, but this did not result in the box being placed on the goal. Upon analyzing the grid and the movement sequence, it appears that the model misunderstood the spatial relationships and the correct path to push the box onto the goal. For example, the box was initially at position (4,3), and the goal was at (2,3). The model's movement sequence did not position the player to push the box directly northward, which would have been the correct direction. Instead, the model moved the player right and left multiple times, which may have led to confusion about the actual layout of the grid and the correct pushing direction. Additionally, the model did not account for the fact that pushing a box requires the player to be adjacent to it and move in the direction of the box to push it. The failure to align the player's position with the box and the goal in the correct orientation is the key issue.",
  "error_identification": "The model failed to correctly position the player to push the box (B) onto the goal (C). Specifically, the model moved the player in directions that did not lead to the box being pushed directly toward the goal. The model's reasoning at Step 5 and Step 6 claimed that the box was being pushed, but the final reward of 0 indicates that the goal was not reached. This suggests that the model's understanding of the spatial relationships in the grid was incorrect or incomplete.",
  "root_cause_analysis": "The root cause of the error was a misinterpretation of the grid layout and the required movement to push the box onto the goal. The model did not correctly identify the relative positions of the box and the goal, nor did it account for the fact that pushing the box in the correct direction (north in this case) required the player to be directly adjacent to the box and move in the direction of the box. The model's reasoning was based on a flawed spatial
[Reflector] Structured reflection captured
[Playbook] feedback (fallback): +0 helpful / +5 harmful / 0 neutral

[Curator raw]
{
  "reasoning": "The current playbook contains strategies for deterministic grid-navigation tasks, including using feedback, reward signals, and validating JSON structure. However, the recent reflection indicates that the Reflector output was not valid JSON, which suggests a need for improved error handling and validation during the reflection phase. The playbook lacks a specific strategy that explicitly addresses handling malformed JSON feedback in the reflection process by implementing a structured diagnostic framework. This would ensure that invalid JSON is not only detected but also analyzed and corrected, maintaining the integrity of the playbook and downstream systems. Adding this insight will complement existing validation strategies and improve robustness.",
  "operations": [
    {
      "type": "ADD",
      "content": "During the reflection phase, implement a structured diagnostic framework that identifies specific error types (e.g., syntax, schema mismatch) in invalid JSON outputs and generates actionable insights for correction. This ensures that the reflection process is robust, diagnosable, and enables accurate playbook updates."
    }
  ]
}
[Curator] Approved 1 delta items
[Playbook] apply_delta: +1 add (0 skipped)
[Playbook] Size now: 20

========================================
=== Episode 20 ===
========================================
[Attempt 1] Actions:  ['Up', 'Up', 'Up']
[Attempt 1] Feedback: Step 1: moved Up, pushed B. Step 2: moved Up, pushed B. Step 3: moved Up, pushed B onto C (goal)! All boxes are on targets. Puzzle solved!
[Attempt 1] Reward:   1

[Reflector raw]
{
  "reasoning": "The model's reasoning trace indicates that it made the correct decision to move 'Up' in all three steps, which ultimately resulted in pushing the box ('B') onto the goal ('C') and solving the puzzle. However, the reasoning process appears to contain conceptual misunderstandings about the grid layout and the positioning of the player, box, and goal. Specifically, the model assumes that the player ('A') is located at (6, 4) and that the box ('B') is directly above the player at (4, 4), but this contradicts the actual grid layout. In the given grid, the player ('A') is located at (6, 4), and the box ('B') is at (5, 4), while the goal ('C') is at (2, 4). This means that moving 'Up' three times would move the player from (6, 4) to (3, 4), pushing the box from (5, 4) to (4, 4), and then finally to (3, 4) and (2, 4), which is the goal. Despite this, the model's reasoning incorrectly assumes the box is further away, leading to a flawed but coincidentally correct sequence of actions. The model also fails to explicitly reference the feedback from the environment after each action, which would have clarified the actual positions and allowed for more accurate reasoning.",
  "error_identification": "The model made an incorrect assumption about the relative positions of the player, box, and goal on the grid. It assumed the box was further away than it actually was, leading to a flawed reasoning process. While the final action sequence was correct, the reasoning did not reflect the actual environment state accurately.",
  "root_cause_analysis": "The root cause of this error is a conceptual misunderstanding of grid-based spatial relationships. The model did not accurately interpret the grid, leading to an incorrect internal model of the environment. This suggests a lack of proper grid-reading or spatial reasoning skills, or an inability to update the internal state based on the actual grid layout.",
  "correct_approach": "The model should have accurately interpreted the grid and updated its internal state with the correct positions of the player, box, and goal. It should have also explicitly referenced the environment feedback after each action to refine its understanding of the environment and adjust its reasoning accordingly.",
  "key_insight": "In grid-based navigation tasks, always verify the actual positions of the
[Reflector] Structured reflection captured
[Playbook] feedback (fallback): +4 helpful / +0 harmful / 0 neutral

[Curator raw]
{
  "reasoning": "The recent reflection indicates that the output was not valid JSON, but no structured diagnosis was available. This suggests that the system lacks a robust mechanism to handle and diagnose invalid JSON outputs during the reflection phase. While several playbook entries address JSON validation, they focus on the generation of new entries or reflections rather than providing structured error handling or root-cause analysis when invalid JSON is encountered. A new insight is needed to explicitly define a structured error-handling framework that can identify, log, and resolve invalid JSON outputs during the reflection phase, ensuring the integrity of the feedback loop and the playbook update process.",
  "operations": [
    {
      "type": "ADD",
      "content": "During the reflection phase, implement a structured error-handling framework that identifies, logs, and resolves invalid JSON outputs. This includes detecting the error type (e.g., syntax, schema mismatch), generating a detailed error report, and providing actionable insights for correction. This ensures the reflection process is robust, diagnosable, and maintains the integrity of the playbook update mechanism."
    }
  ]
}
[Curator] Approved 1 delta items
[Playbook] apply_delta: +1 add (0 skipped)
[Playbook] Size now: 21
[Playbook] grow_and_refine: no duplicates found.

========================================
=== Episode 21 ===
========================================
[Attempt 1] Actions:  ['Right', 'Left', 'Right', 'Right', 'Left', 'Right', 'Right', 'Left']
[Attempt 1] Feedback: Step 1: moved Right. Step 2: moved Left. Step 3: moved Right. Step 4: moved Right. Step 5: moved Left. Step 6: moved Right. Step 7: moved Right, hit E (wall), stayed in place. Step 8: moved Left. Maximum steps reached.
[Attempt 1] Reward:   0

[Reflector raw]
{
  "reasoning": "The model's reasoning trace indicates a consistent misinterpretation of the grid layout and the positions of the player, boxes, and goals. The model assumed that 'E' tiles were goals, which is not supported by the environment feedback or the initial grid description. The model also failed to correctly interpret the player's position and the spatial relationships between the player, boxes, and other tiles. For example, in Step 7, the model incorrectly believed that moving 'Right' would push a box onto a goal, but the environment feedback indicates that this action resulted in a collision with a wall ('E'), leading to no movement. This suggests a fundamental misunderstanding of the grid's layout and the nature of the tiles. Additionally, the model did not adapt its reasoning based on the environment feedback, which is critical in deterministic grid navigation tasks. The playbook entries, especially [1], [2], [3], and [16], emphasize the importance of using feedback and adapting strategies accordingly, but the model failed to do so.",
  "error_identification": "The model misinterpreted the meaning of the 'E' tile as a goal instead of an empty space or wall. It also failed to correctly track the player's position and the spatial relationships between objects on the grid. The model did not account for the environment feedback from previous steps, such as the collision with a wall in Step 7, and continued to make decisions based on incorrect assumptions about the grid state.",
  "root_cause_analysis": "The root cause of the error is a conceptual misunderstanding of the grid symbols. The model assumed that 'E' represented a goal, which is not supported by the initial problem description or environment feedback. Additionally, the model failed to use real-time feedback to update its internal model of the grid, as recommended by playbook entries [2] and [3]. This lack of adaptation led to repeated incorrect actions and a failure to reach the goal.",
  "correct_approach": "The model should have correctly interpreted the grid symbols based on the initial description and environment feedback. Specifically, 'E' should be treated as an empty space or wall, not a goal. The model should have used environment feedback from each step to update its internal representation of the grid and adjust its strategy accordingly. It should have prioritized actions that align with the actual grid state and validated each movement against the environment feedback before proceeding.",
  "key_insight": "In grid-based navigation tasks, it is essential to accurately interpret the meaning of grid symbols based
[Reflector] Structured reflection captured
[Playbook] feedback (fallback): +0 helpful / +7 harmful / 0 neutral

[Curator raw]
{
  "reasoning": "The reflection indicates that the previous output was not valid JSON, which suggests a need for stronger validation and error-handling mechanisms during the reflection phase. The existing playbook contains several entries focused on JSON validation and structured error handling, but there is a gap in explicitly addressing the root cause of invalid JSON outputs and ensuring that error logs are detailed enough to guide corrections. This insight highlights the need to add a specific operation that emphasizes diagnosing and resolving invalid JSON outputs by providing actionable insights for correction.",
  "operations": [
    {
      "type": "ADD",
      "content": "During the reflection phase, explicitly implement a root-cause diagnostic step for invalid JSON outputs. Identify the exact syntax or structural issue (e.g., missing quotes, incorrect brackets, schema mismatch), generate a detailed error log that includes the malformed JSON, expected schema, and suggested fixes. This ensures that invalid JSON errors are not only detected but also resolved effectively, preventing disruptions in the playbook update process."
    }
  ]
}
[Curator] Approved 1 delta items
[Playbook] apply_delta: +1 add (0 skipped)
[Playbook] Size now: 22

========================================
=== Episode 22 ===
========================================
[Attempt 1] Actions:  ['Right']
[Attempt 1] Feedback: Step 1: moved Right, pushed B onto C (goal)! All boxes are on targets. Puzzle solved!
[Attempt 1] Reward:   1

[Reflector raw]
{
  "reasoning": "The model's reasoning correctly identified that the player ('A') is positioned between boxes ('B' and 'C') and that the 'D' tiles may represent goals. The model's decision to move 'Right' was based on the idea that this would allow the player to push box 'B' toward a goal. This reasoning was supported by playbook entries [1], [11], and [16], which emphasize identifying boxes and goals, prioritizing pushing boxes directly onto goals, and scanning for opportunities where boxes are adjacent to goals. However, the model's reasoning did not account for the fact that the move to the right would actually push box 'B' directly onto box 'C', which is already on a goal tile. This resulted in a successful outcome, as the environment feedback confirmed that the puzzle was solved. The model's reasoning was not flawed in this case and led to the correct action.",
  "error_identification": "There was no error in the model's reasoning. The action 'Right' was correctly chosen based on the available playbook entries and the model's assessment of the grid. The model's reasoning did not misinterpret the grid or the rules of the game, and the outcome confirmed that the action was correct.",
  "root_cause_analysis": "No conceptual error occurred. The model correctly applied the strategy of pushing boxes toward goals and made an optimal move based on the available information. The environment feedback validated the correctness of the model's action.",
  "correct_approach": "The model's approach was correct. It used the playbook entries effectively and made the optimal move to solve the puzzle in one step.",
  "key_insight": "When a box is adjacent to a goal, pushing it directly onto the goal is the most efficient and optimal strategy. This aligns with playbook entries that prioritize pushing boxes onto goals directly when possible.",
  "bullet_tags": [
    {"id": 1, "tag": "helpful"},
    {"id": 11, "tag": "helpful"},
    {"id": 16, "tag": "helpful"}
  ]
}
[Reflector] Structured reflection captured
[Playbook] feedback (reflector): +3 helpful / +0 harmful / 0 neutral

[Curator raw]
{
  "reasoning": "The reflection highlights that the model's reasoning was correct in identifying the optimal move to push box 'B' directly onto a goal, even though it resulted in pushing box 'B' onto box 'C' which was already on a goal tile. This outcome was successful, confirming the validity of the strategy. However, the current playbook lacks a specific strategy that addresses scenarios where pushing one box onto another that is already on a goal tile can still lead to a successful solution. This insight is not explicitly covered in the existing playbook entries, which focus on pushing boxes directly onto goals, but do not explicitly address the scenario where this action results in multiple boxes being on goal tiles. Adding this insight would complement the existing playbook by covering edge cases where such interactions are valid and lead to a solution.",
  "operations": [
    {
      "type": "ADD",
      "content": "In deterministic grid-navigation tasks, recognize that pushing a box onto another box that is already on a goal tile can still result in a successful solution, especially when it aligns with the puzzle's objective. This scenario should be evaluated as a valid and efficient strategy when it leads to the completion of the puzzle in a single move."
    }
  ]
}
[Curator] Approved 1 delta items
[Playbook] apply_delta: +1 add (0 skipped)
[Playbook] Size now: 23

========================================
=== Episode 23 ===
========================================
[Attempt 1] Actions:  ['Up', 'Left', 'Right', 'Up']
[Attempt 1] Feedback: Step 1: moved Up, pushed B. Step 2: moved Left. Step 3: moved Right. Step 4: moved Up, pushed B onto C (goal)! All boxes are on targets. Puzzle solved!
[Attempt 1] Reward:   1

[Reflector raw]
{
  "reasoning": "The model's reasoning trace indicates that it attempted to move the player ('A') toward the box ('B') in order to push it toward the goal ('C'). The actions taken were ['Up', 'Left', 'Right', 'Up'], which ultimately resulted in the box being pushed onto the goal. However, the reasoning in the trace shows a fundamental misunderstanding of the grid's structure and the initial positions of the player, box, and goal. In the initial step, the model assumed the player was at (4,3), the box at (3,3), and the goal at (1,2). However, based on the grid provided, the player ('A') is actually at (4,3), the box ('B') is at (3,3), and the goal ('C') is at (1,2). The model correctly identified that pushing the box toward the goal was the priority, but the reasoning for the 'Left' and 'Right' actions in steps 2 and 3 was based on an incorrect assumption of the grid layout and the box's position. For example, in step 2, the model decided to move 'Left', but the player was already adjacent to the box, so this action did not contribute to pushing the box. In step 3, the model moved 'Right', which pushed the box toward the goal. However, the reasoning in that step incorrectly assumed the box was already close to the goal and that 'Right' would push it directly, which was actually correct in this case. Despite the correct final outcome, the model's reasoning was inconsistent with the actual positions and movement rules of the grid, which led to unnecessary steps and misinterpretations of the grid layout.",
  "error_identification": "The model's reasoning in steps 2 and 3 was based on a misunderstanding of the player's position relative to the box and the goal. Specifically, the model incorrectly assumed that the player was not adjacent to the box in step 2, which led to an unnecessary 'Left' move. Additionally, the model did not fully consider the grid's symmetry and the consequences of moving in directions that were not directly aligned with the box or the goal.",
  "root_cause_analysis": "The root cause of the error was a misinterpretation of the grid's spatial relationships. The model assumed the player was not adjacent to the box in step 2, which contradicted the actual grid layout. This conceptual misunderstanding led to the selection of a
[Reflector] Structured reflection captured
[Playbook] feedback (fallback): +3 helpful / +0 harmful / 0 neutral

[Curator raw]
{
  "reasoning": "The previous reflection indicates that the output was not valid JSON, and no structured diagnosis was available. This suggests a critical gap in the playbook's ability to handle and resolve invalid JSON outputs during the reflection phase. While the playbook contains several entries about validating JSON structure and handling errors, there is no explicit strategy for systematically diagnosing and resolving invalid JSON in the reflection output before it impacts playbook updates. The existing entries focus on validation and error prevention but lack a step that actively identifies and corrects malformed JSON in the reflection phase. This insight is missing and should be added to ensure robustness in the reflection process.",
  "operations": [
    {
      "type": "ADD",
      "content": "During the reflection phase, if invalid JSON is detected, implement a structured diagnostic framework that identifies the specific error type (e.g., syntax, schema mismatch) and provides actionable insights to correct it. This ensures that the reflection process is both robust and informative, enabling accurate and reliable playbook updates."
    }
  ]
}
[Curator] Approved 1 delta items
[Playbook] apply_delta: +1 add (0 skipped)
[Playbook] Size now: 24

========================================
=== Episode 24 ===
========================================
[Attempt 1] Actions:  ['Right', 'Right', 'Right', 'Right', 'Right', 'Right', 'Right', 'Right']
[Attempt 1] Feedback: Step 1: moved Right. Step 2: moved Right. Step 3: moved Right. Step 4: moved Right, hit E (wall), stayed in place. Step 5: moved Right, hit E (wall), stayed in place. Step 6: moved Right, hit E (wall), stayed in place. Step 7: moved Right, hit E (wall), stayed in place. Step 8: moved Right, hit E (wall), stayed in place. Maximum steps reached.
[Attempt 1] Reward:   0

[Reflector raw]
{
  "reasoning": "The model's reasoning trace consistently suggests that the player ('A') is located to the left of the box ('B'), and the box is adjacent to the goal ('C'). The model assumes that moving Right would push the box ('B') toward the goal ('C'), with the final move completing the puzzle. However, the environment feedback clearly indicates that the player's movement to the Right resulted in hitting a wall ('E') and not moving. This discrepancy arises from a fundamental misunderstanding of the grid's actual configuration and the player's starting position. The model incorrectly interpreted the player's initial position as being adjacent to the box, when in reality, the player is at position (5,3), and the box is at (5,2), with the goal at (5,6). The surrounding tiles are 'D', which are walls or obstacles, and the player is not in a position to push the box toward the goal in the way the model believed. The repeated actions of 'Right' resulted in no progress, as the player was blocked by walls on the right side. The model failed to correctly interpret the grid structure, leading to a series of invalid moves that did not align with the actual environment.",
  "error_identification": "The model's reasoning incorrectly assumed the player's position relative to the box and the goal, and that moving Right would push the box toward the goal. It did not account for the surrounding walls ('D') and the actual grid layout, leading to a sequence of invalid moves that resulted in no progress and a final reward of 0.",
  "root_cause_analysis": "The root cause of the error is a fundamental misunderstanding of the grid's structure and the player's actual position relative to the box and the goal. The model misinterpreted the grid, assuming the player was positioned to the left of the box and able to push it toward the goal, when in fact, the player was in a position where the right side was blocked by walls. This indicates a failure to accurately parse and analyze the grid layout, as well as a lack of proper environmental feedback integration during decision-making.",
  "correct_approach": "The model should have first accurately identified the player's starting position, the position of the box, the goal, and the surrounding obstacles. It should have used the environment feedback after each action to update its internal model of the grid, recognizing that the player was unable to move right due to the presence of walls. Based on this, the model should have re
[Reflector] Structured reflection captured
[Playbook] feedback (fallback): +0 helpful / +6 harmful / 0 neutral

[Curator raw]
{
  "reasoning": "The reflection indicates that the previous output was not valid JSON, and no structured diagnosis was available. This suggests that the playbook lacks a comprehensive strategy for handling invalid JSON outputs during the reflection phase. While several entries focus on validating JSON structure and handling errors, there is no unified, proactive approach to detecting and resolving invalid JSON before it impacts the playbook update process. Adding a new entry that explicitly outlines a multi-step validation and correction framework for invalid JSON outputs would provide a structured, actionable solution to prevent such issues in the future.",
  "operations": [
    {
      "type": "ADD",
      "content": "During the reflection phase, implement a multi-step validation and correction framework for invalid JSON outputs. This includes: (1) detecting invalid JSON using schema validation tools, (2) logging the error with detailed context, (3) identifying the specific type of error (e.g., syntax, schema mismatch), (4) generating a structured error report with the malformed JSON, expected schema, and suggested fixes, and (5) automatically attempting to correct the error or flagging it for manual review. This ensures robustness in the reflection process and maintains the integrity of the playbook update mechanism."
    }
  ]
}
[Curator] Approved 1 delta items
[Playbook] apply_delta: +1 add (0 skipped)
[Playbook] Size now: 25

========================================
=== Episode 25 ===
========================================
[Attempt 1] Actions:  ['Right', 'Right', 'Left', 'Right', 'Up', 'Right', 'Right', 'Right']
[Attempt 1] Feedback: Step 1: moved Right, hit E (wall), stayed in place. Step 2: moved Right, hit E (wall), stayed in place. Step 3: moved Left. Step 4: moved Right. Step 5: moved Up. Step 6: moved Right, hit E (wall), stayed in place. Step 7: moved Right, hit E (wall), stayed in place. Step 8: moved Right, hit E (wall), stayed in place. Maximum steps reached.
[Attempt 1] Reward:   0

[Reflector raw]
{
  "reasoning": "The model's reasoning trace shows a consistent misunderstanding of the grid's layout and the meaning of symbols. It repeatedly assumed that 'E' represented walls or obstacles, when in fact, based on the environment feedback, 'E' represents empty floor (as the player was able to move into 'E' spaces). The model also incorrectly identified the player's starting position and the positions of the other entities. For example, in Step 1, it assumed that the player was at (2,5) and that moving right would lead to 'B', but the environment feedback clearly states that moving right resulted in hitting 'E', which is a wall, not 'B'. This indicates that the model's state assessment was based on incorrect assumptions about the grid, leading to invalid actions. The playbook entries referenced by the model, such as [1], [11], and [16], emphasize pushing boxes onto goals, but the model did not correctly identify the positions of boxes or goals in the grid, leading to incorrect action sequences. Additionally, the model failed to adapt its reasoning based on environment feedback, as seen in Step 1 where it moved right into a wall, yet in Step 2, it repeated the same action without learning from the feedback. This shows a failure to implement the playbook strategy [2] and [3], which emphasize using environment feedback to refine future predictions and update the internal model of the environment.",
  "error_identification": "The model made incorrect assumptions about the grid layout, misinterpreted the symbol 'E' as a wall instead of an empty floor, and failed to adapt its reasoning based on environment feedback. It also incorrectly identified the positions of the player and other entities, leading to invalid actions such as moving into walls or attempting to push boxes that did not exist.",
  "root_cause_analysis": "The model misunderstood the meaning of the grid symbols, particularly the 'E' symbol, and failed to correctly parse the initial grid configuration. This led to a flawed internal representation of the grid state, which in turn caused all subsequent reasoning steps to be based on incorrect assumptions. Additionally, the model did not apply playbook strategies [2] and [3], which emphasize using environment feedback to refine future actions and update the internal model. Instead, it relied on static assumptions about the grid and did not adjust its reasoning based on observed outcomes.",
  "correct_approach": "The model should have first accurately parsed the grid layout, correctly identifying the positions of the player, goals, and
[Reflector] Structured reflection captured
[Playbook] feedback (fallback): +0 helpful / +3 harmful / 0 neutral

[Curator raw]
{
  "reasoning": "The reflection indicates that the previous output was not valid JSON, but no structured diagnosis was available. This suggests a gap in the playbook regarding the handling of invalid JSON outputs during the reflection phase. While the playbook already includes several entries about validating JSON structure and handling invalid JSON, there is a need for a more comprehensive and explicit strategy that ensures not only validation but also automatic correction or logging of invalid JSON feedback. This would prevent disruptions in the playbook update process and ensure robustness in the reflection mechanism. The current playbook lacks a consolidated, multi-step framework for handling invalid JSON feedback that includes automatic correction or flagging for manual review, which is essential for maintaining the integrity of the playbook update mechanism.",
  "operations": [
    {
      "type": "ADD",
      "content": "During the reflection phase, implement a multi-step validation and correction framework for invalid JSON outputs. This includes: (1) detecting invalid JSON using schema validation tools, (2) logging the error with detailed context, (3) identifying the specific type of error (e.g., syntax, schema mismatch), (4) generating a structured error report with the malformed JSON, expected schema, and suggested fixes, and (5) automatically attempting to correct the error or flagging it for manual review. This ensures robustness in the reflection process and maintains the integrity of the playbook update mechanism."
    }
  ]
}
[Curator] Approved 1 delta items
[Playbook] apply_delta: +1 add (0 skipped)
[Playbook] Size now: 26
[Playbook] grow_and_refine merged 2 near-duplicate entries.

========================================
=== Episode 26 ===
========================================
[Attempt 1] Actions:  ['Left']
[Attempt 1] Feedback: Step 1: moved Left, pushed B onto C (goal)! All boxes are on targets. Puzzle solved!
[Attempt 1] Reward:   1

[Reflector raw]
{
  "reasoning": "The model's reasoning trace indicates that it correctly identified the player ('A') being adjacent to a box ('B') and a target ('C'), and that the action 'Left' would push the box directly onto the target. This action is indeed the most efficient and aligns with the objective of the puzzle. The environment feedback confirms that the action successfully solved the puzzle in one move, and the reward was 1. The model correctly applied playbook entries [1], [11], and [16], which emphasize the importance of identifying boxes and goals, pushing boxes onto goals when adjacent, and prioritizing such actions. The model's reasoning was sound and aligned with the goal of the puzzle. No conceptual error or calculation mistake was present in the reasoning trace.",
  "error_identification": "There was no error in the model's reasoning. The model correctly identified the most optimal action based on the grid and playbook guidance, and the environment confirmed that the action was successful.",
  "root_cause_analysis": "The model executed the correct action and reasoning. There was no root cause for an error in this scenario, as the model's approach was valid and effective in solving the puzzle.",
  "correct_approach": "The model's approach was correct and should be maintained. There was no need for a different action or reasoning strategy.",
  "key_insight": "When a box is adjacent to a target, pushing it directly onto the target is the most efficient and optimal action. This aligns with the principles found in playbook entries [1], [11], and [16], and should be prioritized in such scenarios.",
  "bullet_tags": [
    {"id": 1, "tag": "helpful"},
    {"id": 11, "tag": "helpful"},
    {"id": 16, "tag": "helpful"}
  ]
}
[Reflector] Structured reflection captured
[Playbook] feedback (reflector): +3 helpful / +0 harmful / 0 neutral

[Curator raw]
{
  "reasoning": "The reflection confirms that the model successfully executed the optimal action by pushing a box directly onto a target, aligning with the playbook entries [1], [11], and [16]. These entries already emphasize the importance of identifying boxes and goals, prioritizing direct pushes onto targets, and scanning the grid for such opportunities. However, the reflection also highlights the importance of the model's ability to recognize and execute this action in a single move, which is a critical insight. While the playbook includes strategies for identifying and prioritizing such scenarios, it lacks a specific entry that emphasizes the efficiency of completing the puzzle in a single move when possible. This insight complements the existing playbook by reinforcing the value of one-step solutions and could serve as a new, actionable strategy for future scenarios.",
  "operations": [
    {
      "type": "ADD",
      "content": "In deterministic grid-navigation tasks, when a box is adjacent to a target, prioritize executing the action that pushes the box directly onto the target in a single move. This one-step solution is the most efficient and maximizes reward by completing the puzzle with minimal steps, ensuring optimal performance."
    }
  ]
}
[Curator] Approved 1 delta items
[Playbook] apply_delta: +1 add (0 skipped)
[Playbook] Size now: 25

========================================
=== Episode 27 ===
========================================
[Attempt 1] Actions:  ['Down', 'Up', 'Down', 'Left', 'Down']
[Attempt 1] Feedback: Step 1: moved Down, pushed B. Step 2: moved Up. Step 3: moved Down. Step 4: moved Left, hit E (wall), stayed in place. Step 5: moved Down, pushed B onto C (goal)! All boxes are on targets. Puzzle solved!
[Attempt 1] Reward:   1

[Reflector raw]
{
  "reasoning": "The model's reasoning trace shows that it attempted to solve the grid puzzle by navigating the player ('A') toward the goals ('B', 'C', 'D'), using playbook strategies that emphasize pushing boxes toward goals. The sequence of actions taken was ['Down', 'Up', 'Down', 'Left', 'Down'], and the environment feedback indicated that these actions eventually led to all boxes being on targets. However, the model's reasoning at each step contained conceptual misunderstandings and misapplications of the playbook. For example, in Step 1, the model incorrectly identified the player's position as (3,1), but the grid shows that 'A' is at (4,1), not (3,1). Additionally, the model's reasoning in Step 4 suggested that moving left would lead to open space, but the environment feedback indicated that the player hit a wall ('E') and stayed in place. This suggests that the model failed to accurately interpret the grid and the environmental feedback. The model also misapplied playbook entry [11], which prioritizes pushing boxes onto goals when they are adjacent, but the model's reasoning did not fully align with the actual environment feedback. Finally, in Step 5, the model correctly identified that moving down would push box 'B' onto 'C', which was the final step to solve the puzzle.",
  "error_identification": "The model's reasoning contained several conceptual errors, including misinterpreting the player's position on the grid, failing to account for environmental feedback (such as hitting a wall), and misapplying playbook entries that prioritize pushing boxes onto goals when they are adjacent. The model also did not consistently update its internal model of the environment based on the feedback after each step.",
  "root_cause_analysis": "The root cause of these errors is a failure to accurately interpret and update the internal representation of the grid based on the environment feedback. This indicates a conceptual misunderstanding of how the grid is structured and how the environment reacts to the player's movements. The model also failed to apply the playbook strategies correctly, particularly those that emphasize using environmental feedback to refine future decisions.",
  "correct_approach": "The model should have consistently updated its internal state after each action based on the environment feedback. It should have used the feedback to correct its understanding of the player's position and the grid's layout. Additionally, it should have applied playbook strategies like [10] and [2] more effectively, which emphasize verifying the intended effect of an action
[Reflector] Structured reflection captured
[Playbook] feedback (fallback): +5 helpful / +0 harmful / 0 neutral

[Curator raw]
{
  "reasoning": "The recent reflection indicates that the output from the Reflector was not valid JSON, which suggests a critical flaw in the validation and error-handling process during the reflection phase. While the playbook contains multiple entries related to JSON validation and error handling (e.g., entries 4, 6, 9, 13, 14, 15, 17, 18, 19, 20, 21, 22, 25), none of them explicitly address the need for a centralized or automated JSON validation framework that is applied before any reflection output is used to update the playbook. This gap could lead to repeated issues with invalid JSON outputs and prevent the playbook from being updated effectively. Therefore, a new entry should be added to explicitly mandate a centralized JSON validation framework for all reflection outputs to ensure robustness and usability.",
  "operations": [
    {
      "type": "ADD",
      "content": "Implement a centralized JSON validation framework that automatically checks all reflection outputs against the required schema before they are used to update the playbook. This ensures that only structurally valid and semantically correct reflection data is integrated, preventing downstream errors and maintaining the integrity of the playbook update process."
    }
  ]
}
[Curator] Approved 1 delta items
[Playbook] apply_delta: +1 add (0 skipped)
[Playbook] Size now: 26

========================================
=== Episode 28 ===
========================================
[Attempt 1] Actions:  ['Right', 'Left', 'Right', 'Left', 'Right', 'Left', 'Right', 'Left']
[Attempt 1] Feedback: Step 1: moved Right, hit E (wall), stayed in place. Step 2: moved Left, pushed B. Step 3: moved Right. Step 4: moved Left. Step 5: moved Right. Step 6: moved Left. Step 7: moved Right. Step 8: moved Left. Maximum steps reached.
[Attempt 1] Reward:   0

[Reflector raw]
{
  "reasoning": "The model's reasoning trace reveals a consistent but incorrect pattern of alternating between 'Right' and 'Left' actions, which led to no progress in solving the puzzle and a final reward of 0. The environment feedback indicates that the model failed to push the box (B) onto the goal (C) at any point. The grid layout shows that the player (A) starts at position (2, 4), with the box (B) at (2, 3) and the goal (C) at (2, 2). The model attempted to push the box left, but the feedback shows that the first move to the right hit a wall (E), meaning the model misunderstood the grid's initial layout. The model repeatedly attempted to push the box left or right, but due to the grid's structure and the initial misinterpretation of the player's position, the box was never successfully moved toward the goal. The playbook entries [11] and [27] emphasize pushing a box onto a goal when it is adjacent, but the model did not apply these correctly. Instead, the model seems to have misaligned the box and goal positions and did not recognize when the box was adjacent to the goal for a successful push.",
  "error_identification": "The model incorrectly assumed that the box was in a position where it could be pushed onto the goal, but the initial grid state and the environment feedback indicate that the model's understanding of the player's and box's positions was flawed. Specifically, the model did not recognize that the box was already adjacent to the goal and that a simple left push would have completed the puzzle. Additionally, the model failed to account for the wall (E) to the right of the player in the first step, which prevented the initial movement from being effective.",
  "root_cause_analysis": "The root cause of the error is a misunderstanding of the grid layout and the relative positions of the player, box, and goal. The model incorrectly assumed that the box was not adjacent to the goal and that pushing it required more complex movement. This suggests a conceptual misunderstanding of the grid navigation task and a failure to apply the playbook entries correctly. Specifically, the model did not recognize that the box was already in a position where it could be pushed directly onto the goal, as outlined in playbook entry [11] and [27].",
  "correct_approach": "The model should have first verified the exact positions of the player, box, and goal
[Reflector] Structured reflection captured
[Playbook] feedback (fallback): +0 helpful / +4 harmful / 0 neutral

[Curator raw]
{
  "reasoning": "The reflection indicates that the output was not valid JSON, and no structured diagnosis was available. This suggests a gap in the playbook regarding handling invalid JSON outputs during the reflection phase. While the playbook contains several entries about validating JSON structure and handling errors, there is no explicit strategy for automatically diagnosing and resolving invalid JSON feedback in a structured and actionable way. The existing playbook focuses on validation and error logging, but it lacks a unified framework for diagnosing and resolving invalid JSON errors during the reflection phase. This is a new insight that should be added to ensure robustness in the reflection process.",
  "operations": [
    {
      "type": "ADD",
      "content": "During the reflection phase, implement a structured diagnostic framework that automatically identifies the specific error type (e.g., syntax, schema mismatch) in invalid JSON outputs and generates a detailed error report with actionable insights for correction. This ensures that invalid JSON errors are not only detected but also resolved effectively, maintaining the integrity of the playbook update process."
    }
  ]
}
[Curator] Approved 1 delta items
[Playbook] apply_delta: +1 add (0 skipped)
[Playbook] Size now: 27

========================================
=== Episode 29 ===
========================================
[Attempt 1] Actions:  ['Right', 'Right', 'Up', 'Right', 'Left', 'Right', 'Right', 'Up']
[Attempt 1] Feedback: Step 1: moved Right. Step 2: moved Right, hit E (wall), stayed in place. Step 3: moved Up. Step 4: moved Right, hit E (wall), stayed in place. Step 5: moved Left, pushed B. Step 6: moved Right. Step 7: moved Right, hit E (wall), stayed in place. Step 8: moved Up. Maximum steps reached.
[Attempt 1] Reward:   0

[Reflector raw]
{
  "reasoning": "The model's reasoning trace indicates that it attempted to navigate the player through the grid in order to push the box (B) onto the goal (C). However, the environment feedback shows that the model's actions led to a reward of 0, indicating that the puzzle was not solved. The model's error stems from a misinterpretation of the grid layout and the positions of the player, boxes, and goals. For example, in Step 2, the model attempted to move 'Right' again, but the environment feedback indicates that this action resulted in hitting a wall (E), which suggests the model did not correctly understand the player's position or the grid's boundaries. Additionally, in Step 4, the model again attempted to move 'Right', but the environment feedback again indicated that this action hit a wall. This suggests the model failed to track its position and the consequences of its actions in real-time. The model also seems to have misunderstood the relationship between the player, the box, and the goal, as it attempted to move toward the goal without first positioning itself correctly to push the box. The environment feedback indicates that the model did not successfully push the box onto the goal, which was the key objective. The playbook entries referenced by the model (e.g., [1, 11, 16, 27]) emphasize pushing boxes onto goals, but the model's execution of these strategies was flawed due to a lack of accurate position tracking and failure to incorporate environmental feedback into its decision-making process.",
  "error_identification": "The model's primary error was a failure to correctly interpret the grid layout and the consequences of its actions. Specifically, the model attempted to move 'Right' multiple times when the environment feedback indicated that this action resulted in hitting a wall (E), which means the model did not correctly track the player's position or the grid's boundaries. Additionally, the model did not successfully push the box (B) onto the goal (C), indicating a failure to execute the playbook strategies correctly.",
  "root_cause_analysis": "The root cause of the error was a lack of accurate position tracking and an inability to dynamically adjust the model's reasoning based on real-time environmental feedback. The model assumed that the player could move freely in certain directions, but it failed to update its internal model of the environment based on the feedback received after each step. This resulted in repeated invalid moves and an inability to reach the goal. Furthermore, the model did not correctly interpret the grid
[Reflector] Structured reflection captured
[Playbook] feedback (fallback): +0 helpful / +8 harmful / 0 neutral

[Curator raw]
{
  "reasoning": "The reflection indicates that the output was not valid JSON, and no structured diagnosis was available. This suggests that the playbook lacks specific strategies for handling and diagnosing invalid JSON outputs during the reflection phase. While several entries in the playbook address JSON validation, they focus on the generation of new entries or the validation of reflection outputs, not on diagnosing and resolving invalid JSON feedback from the environment. The existing playbook does not provide a comprehensive, structured approach to identifying the root cause of invalid JSON feedback and generating actionable insights for correction. This gap needs to be filled to ensure robustness in the reflection process and maintain the integrity of the playbook update mechanism.",
  "operations": [
    {
      "type": "ADD",
      "content": "During the reflection phase, implement a structured root-cause diagnostic framework that identifies invalid JSON feedback from the environment, categorizes the error type (e.g., syntax, schema mismatch), and generates a detailed error report with actionable insights for correction. This ensures that invalid JSON feedback is not only detected but also resolved effectively, maintaining the integrity of the reflection process and enabling accurate playbook updates."
    }
  ]
}
[Curator] Approved 1 delta items
[Playbook] apply_delta: +1 add (0 skipped)
[Playbook] Size now: 28

========================================
=== Episode 30 ===
========================================
[Attempt 1] Actions:  ['Right', 'Down', 'Left', 'Right', 'Right', 'Up', 'Down', 'Up']
[Attempt 1] Feedback: Step 1: moved Right. Step 2: moved Down. Step 3: moved Left, B (box) cannot be pushed, move failed. Step 4: moved Right. Step 5: moved Right. Step 6: moved Up. Step 7: moved Down. Step 8: moved Up. Maximum steps reached.
[Attempt 1] Reward:   0

[Reflector raw]
{
  "reasoning": "The model's reasoning trace shows a series of actions that initially seem logical but ultimately fail to achieve the goal. The key issue is that the model assumed it could push box B toward a goal (C or E), but in reality, the movement failed at Step 3 when the model tried to move Left. The environment feedback explicitly states that 'B (box) cannot be pushed, move failed,' indicating that the player's position relative to the box and the environment (e.g., walls or other obstacles) did not allow for the push. The model did not account for this constraint, leading to a failed action and a chain of ineffective moves thereafter. The model also failed to adapt its strategy after the failure, continuing to push forward without reevaluating the environment and the validity of its assumptions. Additionally, the model's reasoning did not incorporate the environment feedback properly, as outlined in playbook entries like [2] and [3], which emphasize the need to refine future predictions based on real-time feedback. The model's failure to account for the inability to push the box and its lack of adaptation to the environment feedback are the root causes of the error.",
  "error_identification": "The model incorrectly assumed that it could push box B at Step 3, but the environment feedback explicitly states that the move failed because the box could not be pushed. The model also continued with actions that did not address the failure, instead of reevaluating its strategy based on the feedback. This indicates a failure to apply playbook entry [2], which advises using feedback from the environment to refine future predictions.",
  "root_cause_analysis": "The model misunderstood the mechanics of pushing boxes. It assumed that moving adjacent to a box would automatically allow it to be pushed, but in reality, the box can only be pushed if the player is adjacent and the direction of movement is toward the box. Additionally, the model did not recognize that box B could not be pushed in its current position, possibly due to a wall or other box blocking the path. This reflects a lack of understanding of the grid mechanics and failure to use environment feedback to update its internal model of the environment, as emphasized in playbook entries [2] and [3].",
  "correct_approach": "The model should have stopped and reassessed the environment after Step 3, when the move to the left failed. It should have verified that box B could actually be pushed by checking the surrounding grid for obstructions. If the box could not be pushed, the
[Reflector] Structured reflection captured
[Playbook] feedback (fallback): +0 helpful / +4 harmful / 0 neutral

[Curator raw]
{
  "reasoning": "The recent reflection indicates that the output from the Reflector was not valid JSON, and no structured diagnosis was available. This highlights a critical gap in the playbook: there is no explicit strategy for handling invalid JSON outputs during the reflection phase. While several entries focus on validating JSON structure and implementing error-handling frameworks, the playbook lacks a specific, actionable strategy that explicitly addresses invalid JSON feedback from the environment and ensures that it is properly logged, diagnosed, and corrected before proceeding with playbook updates. This insight is crucial for ensuring the robustness of the reflection process and maintaining the integrity of the playbook update mechanism.",
  "operations": [
    {
      "type": "ADD",
      "content": "During the reflection phase, implement an explicit error-handling protocol for invalid JSON feedback from the environment. This includes: (1) detecting the error, (2) logging the malformed JSON with contextual details, (3) identifying the error type (e.g., syntax, schema mismatch), (4) generating a structured error report that includes the malformed JSON, the expected schema, and suggested fixes, and (5) applying automated corrections where possible or flagging the issue for manual review. This ensures the reflection process remains robust, diagnosable, and maintains the integrity of the playbook update mechanism."
    }
  ]
}
[Curator] Approved 1 delta items
[Playbook] apply_delta: +1 add (0 skipped)
[Playbook] Size now: 29
[Playbook] grow_and_refine: no duplicates found.

========================================
=== Episode 31 ===
========================================
[Attempt 1] Actions:  ['Right']
[Attempt 1] Feedback: Step 1: moved Right, pushed B onto C (goal)! All boxes are on targets. Puzzle solved!
[Attempt 1] Reward:   1

[Reflector raw]
{
  "reasoning": "The model's reasoning trace indicates that it chose to move 'Right' to position itself adjacent to box 'B', with the intent of pushing it toward the goal. However, the environment feedback reveals that this single action was sufficient to solve the puzzle: moving Right pushed box 'B' onto box 'C', which was already on a goal tile. The model failed to recognize that this action would immediately complete the puzzle, as it assumed that pushing a box directly onto a goal tile was the only way to achieve success. However, according to playbook entry [23], pushing a box onto another box that is already on a goal tile can still result in a successful solution, especially when it aligns with the puzzle's objective. The model's reasoning did not take this scenario into account, and it assumed a more extended sequence of actions was necessary. This oversight led to an unnecessary overcomplication of the reasoning process.",
  "error_identification": "The model assumed that pushing a box directly onto a goal tile was the only way to complete the puzzle and failed to recognize that pushing a box onto another box that is already on a goal tile also constitutes a valid and successful move. This conceptual misunderstanding led to an unnecessary choice of 'Right' without fully evaluating the immediate outcome of the action.",
  "root_cause_analysis": "The root cause of the error was a misunderstanding of the rules of the game, specifically the condition under which a puzzle is considered solved. The model assumed that only direct pushes onto goal tiles (not onto other boxes on goal tiles) count toward completion, which is not the case. This conceptual error stemmed from an incomplete or incorrect internal model of the environment and its success criteria.",
  "correct_approach": "The model should have recognized that pushing a box onto another box that is on a goal tile also completes the puzzle. It should have evaluated this possibility directly and chosen the 'Right' action with full confidence, knowing that it would immediately solve the puzzle. The model should have referenced playbook entry [23], which explicitly states that pushing a box onto another box on a goal tile is a valid and efficient strategy for completing the puzzle.",
  "key_insight": "In grid-based puzzles, it is essential to understand that pushing a box onto another box that is already on a goal tile can still be considered a successful move. This principle should be explicitly integrated into the model's reasoning to avoid overcomplicating the decision-making process and to recognize immediate puzzle completion opportunities.",
  "
[Reflector] Structured reflection captured
[Playbook] feedback (fallback): +4 helpful / +0 harmful / 0 neutral

[Curator raw]
{
  "reasoning": "The reflection indicates that the previous output was not valid JSON, but no structured diagnosis was provided. This suggests that the playbook lacks a comprehensive strategy for handling and diagnosing invalid JSON feedback during the reflection phase. While the current playbook includes multiple entries about validating JSON and handling errors, these are focused on the structure of the playbook itself rather than the reflection output. To address the issue identified in the reflection, the playbook should explicitly include a strategy for diagnosing invalid JSON feedback from the environment, including identifying the root cause and providing actionable insights for correction. This would ensure that future reflections are not only structurally valid but also semantically useful for playbook updates.",
  "operations": [
    {
      "type": "ADD",
      "content": "During the reflection phase, implement a structured diagnostic framework that not only identifies the specific error type (e.g., syntax, schema mismatch) in invalid JSON feedback but also provides a root-cause analysis and actionable insights for correction. This includes logging the malformed JSON, comparing it to the expected schema, and suggesting fixes to ensure that the reflection data is both valid and useful for updating the playbook."
    }
  ]
}
[Curator] Approved 1 delta items
[Playbook] apply_delta: +1 add (0 skipped)
[Playbook] Size now: 30

========================================
=== Episode 32 ===
========================================
[Attempt 1] Actions:  ['Right', 'Up', 'Up', 'Left', 'Right', 'Up', 'Right', 'Left']
[Attempt 1] Feedback: Step 1: moved Right. Step 2: moved Up. Step 3: moved Up. Step 4: moved Left. Step 5: moved Right. Step 6: moved Up. Step 7: moved Right, hit E (wall), stayed in place. Step 8: moved Left. Maximum steps reached.
[Attempt 1] Reward:   0

[Reflector raw]
{
  "reasoning": "The model's reasoning trace shows that it attempted to push boxes ('B', 'C') toward goals ('D', 'C') using a strategy that prioritizes moving toward the goal and pushing boxes in the direction of the goal. However, the model's predicted action sequence resulted in a reward of 0, indicating that the goal was not achieved. The environment feedback reveals that in step 7, the model attempted to move 'Right', but it hit a wall ('E') and did not move, which indicates a misunderstanding of the grid layout and the position of the player relative to the boxes and goals. Additionally, the model's reasoning consistently assumed that the player could push boxes in certain directions without checking for walls or invalid moves. This suggests that the model failed to account for environmental constraints and the actual positions of the player and boxes, leading to incorrect movement choices and ultimately not solving the puzzle. The playbook entries that the model used (e.g., [1], [11], [16], [27]) emphasize pushing boxes onto goals and aligning with goals, but they do not address how to verify that such actions are possible (i.e., checking for walls or invalid positions).",
  "error_identification": "The model made a conceptual error by assuming that the player could push boxes toward the goal without verifying that the movement was valid or that the box could be pushed. Specifically, in step 7, the model attempted to move 'Right' when the player was already adjacent to a wall, resulting in no movement and a failure to push the box. The model also failed to correctly map the player's position and the box's position relative to the goal, leading to incorrect decisions.",
  "root_cause_analysis": "The model misunderstood the grid's structure and the rules of movement. It assumed that moving in a certain direction would always allow the player to push a box toward a goal, without checking for walls or whether the box is in a position that allows it to be pushed. The model also incorrectly interpreted the grid symbols and the relative positions of the player, boxes, and goals. This is a conceptual error related to spatial reasoning and failure to incorporate environmental feedback in decision-making.",
  "correct_approach": "The model should have explicitly checked for walls or invalid positions before attempting to push boxes. It should have validated that the player is adjacent to a box and that the space beyond the box is empty before attempting to push. Additionally, the model should have used the environment feedback
[Reflector] Structured reflection captured
[Playbook] feedback (fallback): +0 helpful / +7 harmful / 0 neutral

[Curator raw]
{
  "reasoning": "The reflection indicates that the previous output was not valid JSON, and no structured diagnosis was available. This suggests that the system lacks a robust mechanism for handling and diagnosing invalid JSON outputs during the reflection phase. While the playbook includes several entries related to validating JSON structure and handling errors, there is no explicit strategy for automatically detecting and resolving invalid JSON feedback from the environment. The current playbook emphasizes validating JSON structure before finalizing entries but does not provide a comprehensive, multi-step framework for handling invalid JSON feedback during the reflection process. A new strategy is needed to address this gap and ensure the reflection process is both robust and self-correcting.",
  "operations": [
    {
      "type": "ADD",
      "content": "During the reflection phase, implement a multi-step error-handling and correction framework for invalid JSON feedback. This includes: (1) automatically detecting invalid JSON using schema validation tools, (2) logging the malformed JSON with contextual details, (3) identifying the specific error type (e.g., syntax, schema mismatch), (4) generating a structured error report that includes the malformed JSON, expected schema, and suggested fixes, and (5) applying automated corrections where possible or flagging the issue for manual review. This ensures that the reflection process is robust, diagnosable, and maintains the integrity of the playbook update mechanism."
    }
  ]
}
[Curator] Approved 1 delta items
[Playbook] apply_delta: +1 add (0 skipped)
[Playbook] Size now: 31

========================================
=== Episode 33 ===
========================================
[Attempt 1] Actions:  ['Up', 'Up', 'Right', 'Up', 'Left', 'Up', 'Right', 'Right']
[Attempt 1] Feedback: Step 1: moved Up, pushed B. Step 2: moved Up, pushed B. Step 3: moved Right. Step 4: moved Up. Step 5: moved Left, pushed B. Step 6: moved Up. Step 7: moved Right. Step 8: moved Right, hit E (wall), stayed in place. Maximum steps reached.
[Attempt 1] Reward:   0

[Reflector raw]
{
  "reasoning": "The model's reasoning trace indicates that it attempted to push the box ('B') toward the goal ('C') by moving up and left, but the final action sequence failed to complete the task successfully. According to the environment feedback, the model pushed the box ('B') twice upward (Steps 1 and 2), then moved right (Step 3), up (Step 4), left (Step 5), and up again (Step 6). This should have placed the box ('B') at the goal ('C') at position (3,5), but the final steps (Steps 7 and 8) involved moving right twice, and in Step 8, the model hit a wall ('E') and remained in place, leading to a reward of 0. The error is not in the initial box-pushing logic but in the final steps where the model failed to verify that the box was already on the goal and instead moved unnecessarily, hitting a wall. The model's reasoning trace shows a consistent belief that the box was still off the goal, suggesting a lack of awareness of the environment's state after each move, and an overreliance on playbook strategies that prioritize pushing boxes onto goals without incorporating real-time feedback to confirm the success of such actions.",
  "error_identification": "The model incorrectly assumed that the box was not yet on the goal in the final steps, leading it to move the player unnecessarily. The model failed to recognize that the box had already been pushed onto the goal in Step 6, which should have completed the task, and thus, the remaining steps were unnecessary and led to a wall collision.",
  "root_cause_analysis": "The root cause of this error lies in the model's failure to incorporate real-time feedback into its reasoning after each action. While the playbook emphasizes pushing boxes onto goals (e.g., playbook entries [11, 27]), it does not explicitly mandate verifying the success of each action. The model assumed that pushing the box upward in Step 6 would place it on the goal, but it did not check the environment's feedback to confirm this, leading to a continuation of actions that were no longer necessary or relevant.",
  "correct_approach": "The model should have verified after each action whether the goal had been achieved. Upon pushing the box upward in Step 6, the model should have checked the environment feedback to confirm that the box had been successfully placed on the goal. If the box was on the goal,
[Reflector] Structured reflection captured
[Playbook] feedback (fallback): +0 helpful / +6 harmful / 0 neutral

[Curator raw]
{
  "reasoning": "The reflection from the previous attempt indicates that the output was not valid JSON, which suggests a structural or formatting issue in the generated content. While the playbook already contains multiple entries focused on validating JSON structure, handling invalid JSON feedback, and ensuring schema compliance, there is a gap in explicitly addressing the scenario where the environment feedback itself is invalid or malformed. The current playbook emphasizes validating outputs and reflections but does not include a specific strategy for handling invalid or inconsistent feedback from the environment before it is used for updates. This insight is critical for ensuring robustness in the reflection and playbook update process. Therefore, a new bullet point should be added to address this specific scenario.",
  "operations": [
    {
      "type": "ADD",
      "content": "When receiving feedback from the environment, explicitly validate the structure and consistency of the data before using it for reflection or playbook updates. If the feedback is malformed or invalid, log the issue, identify the error type, and generate a structured error report with actionable insights to correct or flag the data for manual review. This ensures that only valid and reliable feedback is used to inform playbook updates, maintaining the integrity of the knowledge base."
    }
  ]
}
[Curator] Approved 1 delta items
[Playbook] apply_delta: +1 add (0 skipped)
[Playbook] Size now: 32

========================================
=== Episode 34 ===
========================================
[Attempt 1] Actions:  ['Right', 'Right', 'Right', 'Down', 'Left', 'Left', 'Right', 'Right']
[Attempt 1] Feedback: Step 1: moved Right. Step 2: moved Right, hit E (wall), stayed in place. Step 3: moved Right, hit E (wall), stayed in place. Step 4: moved Down. Step 5: moved Left, pushed B. Step 6: moved Left, pushed B. Step 7: moved Right. Step 8: moved Right. Maximum steps reached.
[Attempt 1] Reward:   0

[Reflector raw]
{
  "reasoning": "The model's reasoning trace shows that it consistently chose to move the player toward the center of the grid in the first few steps, believing that this would allow for efficient access to the boxes and goals. However, the environment feedback reveals that the player was blocked by walls (E) after the first two 'Right' moves, which the model did not account for. This indicates a failure to properly interpret the grid layout and the implications of movement in that environment. The model also misidentified the positions of the boxes and goals, leading to incorrect assumptions about the player's ability to reach them. For example, in Step 5, the model assumes the player is at position (2,6) and that the box is at (2,5), but the actual grid layout indicates that these positions are walls (E), not open spaces or boxes. The model also fails to recognize that pushing boxes onto goals requires direct adjacency and that the player must first move into position to do so. The reward of 0 indicates that the model's sequence of actions did not result in any box being pushed onto a goal, and the environment feedback confirms that the player was unable to interact with the boxes or goals effectively.",
  "error_identification": "The model incorrectly assumed the player's movement path and the positions of the boxes and goals, leading to invalid moves that did not align with the actual grid structure. The model also failed to consider environmental constraints, such as walls, when making decisions, and did not properly assess whether the player could actually reach the boxes or push them onto the goals.",
  "root_cause_analysis": "The model misunderstood the grid layout and the mechanics of box pushing in the environment. It failed to account for the fact that the player is surrounded by walls on the right side of the grid and that movement must be planned carefully to avoid hitting walls. The model also did not properly interpret the grid symbols, leading to incorrect assumptions about the player's location and the positions of the boxes and goals.",
  "correct_approach": "The model should have first analyzed the grid layout to determine the player's starting position and the positions of the boxes and goals. It should have carefully considered the consequences of each movement, including the presence of walls and the need to position the player adjacent to boxes in order to push them. The model should have also used the environment feedback after each step to adjust its strategy and avoid invalid moves.",
  "key_insight": "In grid-based puzzles, it is essential to accurately
[Reflector] Structured reflection captured
[Playbook] feedback (fallback): +0 helpful / +4 harmful / 0 neutral

[Curator raw]
{
  "reasoning": "The reflection indicates that the previous output was not valid JSON, and no structured diagnosis was available. This highlights a critical gap in the playbook: the need for a structured, multi-step validation and correction framework specifically for handling invalid JSON feedback during the reflection phase. While several playbook entries address JSON validation and error handling, they lack a comprehensive, step-by-step protocol for diagnosing and resolving invalid JSON feedback. The existing playbook includes checks for JSON structure, semantic consistency, and error logging, but these are not explicitly combined into a centralized, multi-step framework for handling invalid JSON feedback. Adding such a framework would ensure that the reflection process is not only robust but also diagnosable and correctable, maintaining the integrity of the playbook update mechanism.",
  "operations": [
    {
      "type": "ADD",
      "content": "During the reflection phase, implement a multi-step validation and correction framework for invalid JSON outputs. This includes: (1) detecting invalid JSON using schema validation tools, (2) logging the error with detailed context, (3) identifying the specific type of error (e.g., syntax, schema mismatch), (4) generating a structured error report with the malformed JSON, expected schema, and suggested fixes, and (5) automatically attempting to correct the error or flagging it for manual review. This ensures robustness in the reflection process and maintains the integrity of the playbook update mechanism."
    }
  ]
}
[Curator] Approved 1 delta items
[Playbook] apply_delta: +1 add (0 skipped)
[Playbook] Size now: 33

========================================
=== Episode 35 ===
========================================
[Attempt 1] Actions:  ['Right', 'Left', 'Up']
[Attempt 1] Feedback: Step 1: moved Right. Step 2: moved Left. Step 3: moved Up, pushed B onto C (goal)! All boxes are on targets. Puzzle solved!
[Attempt 1] Reward:   1

[Reflector raw]
{
  "reasoning": "The model's reasoning trace shows that it believed that the player could push the box directly onto the goal in one move. However, the actual grid positions suggest that the player's initial position (A) was at (6,5), the box (B) was at (5,5), and the goal (C) was at (4,5). The model's reasoning in Step 1 claimed that moving 'Right' would push the box directly onto the goal. However, this is incorrect because the player is already adjacent to the box, and to push it onto the goal, the player must move **toward** the box, not **away** from it. In Step 2, the model moved 'Left', which further distanced the player from the box and made it impossible to push the box onto the goal. In Step 3, the model moved 'Up', which actually pushed the box onto the goal, but this was only possible because the player had moved away from the box in Step 2, which was a prior error. The model's reasoning was based on a misunderstanding of the direction of movement required to push a box, specifically that moving toward the box (not away) is necessary to push it. This misunderstanding led to a sequence of actions that only resulted in the correct outcome by accident, not by proper reasoning.",
  "error_identification": "The model incorrectly assumed that moving 'Right' would push the box toward the goal. However, the player's position relative to the box and the goal required the player to move **toward** the box (i.e., 'Left') to push it in the desired direction. Additionally, the model's reasoning in Step 2 and Step 3 was inconsistent with the grid layout, as it moved the player away from the box instead of toward it.",
  "root_cause_analysis": "The root cause was a fundamental misunderstanding of how pushing a box works in grid navigation. The model failed to recognize that pushing a box requires the player to move **toward** the box, not away from it. The model's reasoning was based on a flawed conceptual model of direction and movement in grid-based puzzles, which led to incorrect action selection.",
  "correct_approach": "The model should have recognized that to push the box toward the goal, the player must move **Left** (toward the box) in Step 1. This would align the player's position with the box, enabling the subsequent 'Right' action
[Reflector] Structured reflection captured
[Playbook] feedback (fallback): +6 helpful / +0 harmful / 0 neutral

[Curator raw]
{
  "reasoning": "The reflection indicates that the previous output was not valid JSON, and no structured diagnosis was available. This suggests that the playbook lacks specific guidance on handling invalid JSON outputs during the reflection phase. While several entries in the playbook address JSON validation and error handling, there is no explicit strategy for automatically detecting and correcting invalid JSON outputs in the reflection process. The current playbook includes multiple entries about validating JSON structure, logging errors, and generating error reports, but none explicitly outline a multi-step automated correction process that integrates these steps seamlessly. Adding a focused operation that emphasizes a fully automated, multi-step correction process for invalid JSON outputs during the reflection phase would complement the existing playbook by filling this specific gap.",
  "operations": [
    {
      "type": "ADD",
      "content": "During the reflection phase, implement an automated multi-step correction process for invalid JSON outputs that includes: (1) detecting invalid JSON using schema validation tools, (2) logging the error with detailed context, (3) identifying the specific error type (e.g., syntax, schema mismatch), (4) generating a structured error report with the malformed JSON, the expected schema, and suggested fixes, and (5) automatically applying corrections where possible or flagging the issue for manual review. This ensures robustness in the reflection process and maintains the integrity of the playbook update mechanism."
    }
  ]
}
[Curator] Approved 1 delta items
[Playbook] apply_delta: +1 add (0 skipped)
[Playbook] Size now: 34
[Playbook] grow_and_refine merged 1 near-duplicate entries.

========================================
=== Episode 36 ===
========================================
[Attempt 1] Actions:  ['Left']
[Attempt 1] Feedback: Step 1: moved Left, pushed B onto C (goal)! All boxes are on targets. Puzzle solved!
[Attempt 1] Reward:   1

[Reflector raw]
{
  "reasoning": "The model's reasoning trace shows that it correctly identified the 'B' symbol as an object that might need to be pushed. It decided to move 'Left', which placed the player adjacent to 'B' and ultimately resulted in the successful push of 'B' onto 'C', solving the puzzle. However, the model's reasoning did not explicitly consider whether 'C' was a target or a box, nor did it verify whether the movement would result in the correct action based on the environment's constraints. Despite the successful outcome, the model's reasoning process lacked a thorough check of the environment's state before executing the move, which could have led to unintended consequences in other scenarios. The model also relied on playbook entries that emphasize pushing boxes toward goals, which was helpful in this case, but it could have been more precise in its decision-making.",
  "error_identification": "The model's reasoning did not explicitly check whether the target (i.e., the tile where 'C' is located) was a valid goal. While it correctly identified that moving left would bring the player next to 'B', it did not confirm that pushing 'B' onto 'C' would result in a goal state. This oversight could have led to an incorrect action in a different scenario where 'C' was not a target.",
  "root_cause_analysis": "The model misunderstood the concept of what constitutes a valid 'goal' in the environment. It assumed that pushing a box onto another box ('C') would be sufficient to complete the puzzle, without verifying whether 'C' was itself a target. This is a conceptual misunderstanding of the puzzle's rules and how the environment feedback should be used to validate the action's outcome.",
  "correct_approach": "The model should have first validated whether 'C' was a target or a box before deciding to push 'B' onto it. It should have used the environment feedback and the playbook's emphasis on verifying the intended environmental effect of an action (as described in playbook entry [10]) to ensure that the movement would result in the correct outcome. This would have made the decision more robust and less dependent on assumptions about the environment.",
  "key_insight": "In grid-based navigation puzzles, always verify the nature of the target tile (whether it's a goal or an obstacle) before executing an action that involves pushing or moving objects. Use environment feedback and playbook strategies that emphasize validating the outcome of an action before taking it.",
  "bullet_tags": [
    {"
[Reflector] Structured reflection captured
[Playbook] feedback (fallback): +4 helpful / +0 harmful / 0 neutral

[Curator raw]
{
  "reasoning": "The reflection indicates that the previous output was not valid JSON, and no structured diagnosis was available. This suggests that the playbook lacks a comprehensive strategy for handling invalid JSON feedback during the reflection phase. While several entries mention validating JSON structure and handling errors, none explicitly outline a full, multi-step process for detecting, diagnosing, and resolving invalid JSON feedback in a structured manner. The current playbook includes various error-handling steps, but they are fragmented and not unified into a cohesive framework. Adding a centralized, structured error-handling protocol for invalid JSON feedback will enhance the robustness and reliability of the reflection process and ensure consistent playbook updates.",
  "operations": [
    {
      "type": "ADD",
      "content": "During the reflection phase, implement a centralized, multi-step error-handling protocol for invalid JSON feedback that includes: (1) detecting invalid JSON using schema validation tools, (2) logging the malformed JSON with detailed context, (3) identifying the specific error type (e.g., syntax, schema mismatch), (4) generating a structured error report that includes the malformed JSON, expected schema, and suggested fixes, and (5) applying automated corrections where possible or flagging the issue for manual review. This ensures a robust, diagnosable, and reliable reflection process, maintaining the integrity of the playbook update mechanism."
    }
  ]
}
[Curator] Approved 1 delta items
[Playbook] apply_delta: +1 add (0 skipped)
[Playbook] Size now: 34

========================================
=== Episode 37 ===
========================================
[Attempt 1] Actions:  ['Right', 'Right']
[Attempt 1] Feedback: Step 1: moved Right, pushed B. Step 2: moved Right, pushed B onto C (goal)! All boxes are on targets. Puzzle solved!
[Attempt 1] Reward:   1

[Reflector raw]
{
  "reasoning": "The model's reasoning trace indicates that it correctly identified the player's position at (1, 3), the box at (1, 4), and the goal at (1, 6). The model's first action was to move Right, which pushed the box 'B' from (1, 4) to (1, 5). The second action was again to move Right, which pushed the box 'B' from (1, 5) to (1, 6), the goal 'C'. The environment feedback confirmed that the puzzle was solved in two steps. However, the model's reasoning did not explicitly recognize that the box was already adjacent to the goal (1, 6) on the first step, which could have been pushed directly in one move. The model's reasoning was overly cautious and did not fully leverage playbook entry [11], which explicitly states that if a box is adjacent to a goal, it should be pushed directly onto it in one move. The model did not take full advantage of this optimal strategy, instead choosing to push the box in two steps. The reasoning process was correct in identifying the box and goal, but it did not fully apply the most efficient playbook strategy.",
  "error_identification": "The model did not recognize that the box was already adjacent to the goal on the first step and could have been pushed directly onto the goal in one move. The model instead pushed the box in two steps, which is less efficient and could have been avoided by following playbook entry [11] more explicitly.",
  "root_cause_analysis": "The model misunderstood or under-applied the principle from playbook entry [11], which states that if a box is adjacent to a goal, it should be pushed directly onto it in a single move. The model's reasoning did not fully incorporate this concept, leading to a suboptimal action sequence that could have been completed in one move.",
  "correct_approach": "The model should have immediately recognized that the box was adjacent to the goal and executed the action to push it directly onto the goal in one move, as explicitly advised by playbook entry [11]. This would have resulted in a more efficient solution and maximized reward.",
  "key_insight": "When a box is adjacent to a goal, the optimal strategy is to push it directly onto the goal in a single move, as this is the most efficient and reward-maximizing action. This principle should be prioritized in all grid
[Reflector] Structured reflection captured
[Playbook] feedback (fallback): +5 helpful / +0 harmful / 0 neutral

[Curator raw]
{
  "reasoning": "The reflection indicates that the previous output was not valid JSON, and no structured diagnosis was available. This suggests that the playbook lacks explicit guidance on how to handle invalid JSON outputs during the reflection phase. While several playbook entries discuss JSON validation and error handling, none provide a comprehensive, step-by-step protocol for resolving invalid JSON feedback. The current playbook emphasizes validation and logging but does not fully address the need for a systematic, multi-step correction process that includes automated fixes and manual review. Adding a focused strategy that outlines a complete error-handling framework will enhance the playbook's robustness and ensure consistent, reliable updates.",
  "operations": [
    {
      "type": "ADD",
      "content": "During the reflection phase, implement a comprehensive, multi-step error-handling framework for invalid JSON feedback. This includes: (1) detecting invalid JSON using schema validation tools, (2) logging the malformed JSON with detailed contextual information, (3) identifying the specific error type (e.g., syntax, schema mismatch), (4) generating a structured error report with the malformed JSON, the expected schema, and suggested fixes, and (5) applying automated corrections where possible or flagging the issue for manual review. This ensures that the reflection process is robust, diagnosable, and maintains the integrity of the playbook update mechanism."
    }
  ]
}
[Curator] Approved 1 delta items
[Playbook] apply_delta: +1 add (0 skipped)
[Playbook] Size now: 35

========================================
=== Episode 38 ===
========================================
[Attempt 1] Actions:  ['Left', 'Right', 'Right', 'Right', 'Right', 'Right', 'Up', 'Right']
[Attempt 1] Feedback: Step 1: moved Left. Step 2: moved Right. Step 3: moved Right. Step 4: moved Right. Step 5: moved Right. Step 6: moved Right, hit E (wall), stayed in place. Step 7: moved Up. Step 8: moved Right, hit E (wall), stayed in place. Maximum steps reached.
[Attempt 1] Reward:   0

[Reflector raw]
{
  "reasoning": "The model's reasoning trace shows a consistent pattern of choosing 'Right' as the primary action from step 2 to step 6, despite hitting walls ('E') in steps 6 and 8. The model appears to have misunderstood the grid layout, particularly the positions of the walls and the player's movement boundaries. The model's reasoning consistently assumes that moving 'Right' would lead to progress in pushing boxes toward goals, but in reality, the player was already at the edge of the grid in some positions, and moving 'Right' resulted in hitting a wall and staying in place. The environment feedback clearly indicates that the model's actions led to the player being stuck, resulting in a reward of 0. The model's reasoning did not incorporate the feedback from previous steps, as required by playbook entries such as [2], [3], and [10], which emphasize using environmental feedback to refine future actions and explicitly verifying that movement leads to the intended effect. Additionally, the model failed to identify the correct positioning of the player relative to the boxes and goals, which is critical for solving the puzzle efficiently, as highlighted by playbook entries [1], [11], [16], and [27].",
  "error_identification": "The model incorrectly assumed that moving 'Right' would lead to progress in pushing boxes toward goals, despite hitting walls in steps 6 and 8. The model did not account for the actual grid layout, particularly the presence of walls ('E') at the grid edges, and did not adjust its strategy based on the feedback that the player had hit a wall. The model's reasoning did not incorporate the environment feedback to refine its decisions, leading to suboptimal and invalid actions.",
  "root_cause_analysis": "The root cause of the error is a misunderstanding of the grid's spatial constraints and a failure to use environmental feedback effectively. The model did not correctly interpret the grid layout, assuming that the player had more room to move to the right than was actually the case. Additionally, the model did not implement the strategies outlined in the playbook that emphasize using real-time feedback to refine actions and verifying that each movement leads to the intended effect. This indicates a conceptual misunderstanding of how to apply the playbook strategies in a dynamic, feedback-driven environment.",
  "correct_approach": "The model should have used the environment feedback from previous steps to refine its reasoning and adjust its movement strategy. Specifically, after hitting the wall in step 6, the model should have recognized
[Reflector] Structured reflection captured
[Playbook] feedback (fallback): +0 helpful / +9 harmful / 0 neutral

[Curator raw]
{
  "reasoning": "The recent reflection indicates that the output was not valid JSON, and no structured diagnosis was available. This suggests that the playbook lacks explicit strategies for handling invalid JSON outputs during the reflection phase. While several playbook entries address JSON validation, they focus on the structure of new entries rather than the diagnostic and correction of invalid feedback from the environment. To address this gap, a new strategy should be added that provides a comprehensive, multi-step process for detecting, diagnosing, and correcting invalid JSON feedback during the reflection phase. This would ensure that the system can effectively handle malformed data and maintain the integrity of the playbook update mechanism.",
  "operations": [
    {
      "type": "ADD",
      "content": "During the reflection phase, implement a comprehensive, multi-step error-handling framework for invalid JSON feedback. This includes: (1) detecting invalid JSON using schema validation tools, (2) logging the malformed JSON with detailed contextual information, (3) identifying the specific error type (e.g., syntax, schema mismatch), (4) generating a structured error report with the malformed JSON, the expected schema, and suggested fixes, and (5) applying automated corrections where possible or flagging the issue for manual review. This ensures that the reflection process is robust, diagnosable, and maintains the integrity of the playbook update mechanism."
    }
  ]
}
[Curator] Approved 1 delta items
[Playbook] apply_delta: +1 add (0 skipped)
[Playbook] Size now: 36

========================================
=== Episode 39 ===
========================================
[Attempt 1] Actions:  ['Down']
[Attempt 1] Feedback: Step 1: moved Down, pushed B onto C (goal)! All boxes are on targets. Puzzle solved!
[Attempt 1] Reward:   1

[Reflector raw]
{
  "reasoning": "The model's reasoning trace shows that it decided to move 'Down' based on the assumption that this would allow it to interact with the entities ('B', 'C', 'D') and explore the grid. However, the environment feedback reveals that this single action was sufficient to solve the puzzle by pushing 'B' onto 'C', which was the goal. This suggests that the model did not fully understand the relationships between the entities and the goals in the grid, nor did it recognize that a single move could directly achieve the objective. The playbook entries referenced (1, 11, 16, 27) emphasize identifying boxes and goals and prioritizing pushing boxes onto goals, which is exactly what happened in this case. However, the model did not explicitly consider that 'B' was adjacent to 'C' and that a 'Down' move would directly push 'B' onto 'C' (the goal), which is a direct application of playbook entry 11 and 27. The model's reasoning was logical but lacked a deeper evaluation of the grid configuration that would have led to the conclusion that a single move would solve the puzzle.",
  "error_identification": "The model's reasoning did not fully recognize that the 'Down' move would directly push 'B' onto 'C', which was the goal. While the reasoning was sound in terms of exploring the grid, it failed to explicitly evaluate the potential for an immediate solution based on the adjacency of 'B' and 'C'.",
  "root_cause_analysis": "The model misunderstood the relationship between the entities and the goal. It assumed that moving 'Down' was a step toward exploration, but it did not fully evaluate the possibility that this move would directly solve the puzzle. The model did not apply the playbook entry that explicitly states that if a box is adjacent to a goal, it should be prioritized for pushing directly onto the goal in a single move.",
  "correct_approach": "The model should have explicitly evaluated the grid configuration to determine whether any of the boxes were adjacent to a goal and whether a single move would push the box onto the goal. This would have aligned with playbook entries 11 and 27, which directly address this exact scenario. The model should have considered that moving 'Down' would directly push 'B' onto 'C', which is a goal, and recognized this as the optimal and immediate solution.",
  "key_insight": "In grid-based puzzles, always check
[Reflector] Structured reflection captured
[Playbook] feedback (fallback): +4 helpful / +0 harmful / 0 neutral

[Curator raw]
{
  "reasoning": "The reflection indicates that the previous output was not valid JSON, and no structured diagnosis was available. This suggests that the playbook lacks explicit procedures for handling and resolving invalid JSON outputs during the reflection phase. While several playbook entries mention validating JSON structure and implementing error-handling protocols, none directly address the scenario where the reflection output itself is invalid. A new addition is needed to specifically handle this case by ensuring that invalid JSON is detected, diagnosed, and corrected before being used for playbook updates. This would complement existing entries by filling a gap in the playbook's ability to self-correct when the reflection data is malformed.",
  "operations": [
    {
      "type": "ADD",
      "content": "During the reflection phase, explicitly implement a fail-safe mechanism to detect invalid JSON outputs, generate a structured error report that includes the malformed JSON, expected schema, and potential fixes, and either automatically correct the error or flag it for manual review. This ensures that the reflection process is resilient to malformed outputs and maintains the integrity of the playbook update mechanism."
    }
  ]
}
[Curator] Approved 1 delta items
[Playbook] apply_delta: +1 add (0 skipped)
[Playbook] Size now: 37

========================================
=== Episode 40 ===
========================================
[Attempt 1] Actions:  ['Right', 'Left', 'Up']
[Attempt 1] Feedback: Step 1: moved Right. Step 2: moved Left. Step 3: moved Up, pushed B onto C (goal)! All boxes are on targets. Puzzle solved!
[Attempt 1] Reward:   1

[Reflector raw]
{
  "reasoning": "The model's reasoning trace shows a sequence of actions: Right, Left, and Up, which ultimately resulted in the successful solution of the puzzle (pushing box 'B' onto the goal 'C'). However, the reasoning provided by the model in each step lacks clarity and contains inconsistencies that could have led to errors in other scenarios. For example, in Step 1, the model's reasoning suggests that the player is at position (4,3), but in Step 2, it states the player is at (4,4), which may indicate a failure to track the player's position accurately. Additionally, the model references playbook entries that are not directly relevant to the actual task, such as those focused on JSON validation and error handling, which are not applicable to this grid-navigation problem. The key issue is that the model's reasoning did not fully align with the actual state of the grid and the goals of the puzzle. The environment feedback, however, indicates that the actions taken were correct and led to the puzzle being solved, so the model's reasoning trace, while not fully accurate, resulted in the correct outcome in this specific case.",
  "error_identification": "The model's reasoning did not accurately reflect the actual player position at each step. In Step 1, it assumes the player is at (4,3), but in Step 2, it incorrectly places the player at (4,4) without justification. Additionally, the model references playbook entries that are irrelevant to the problem (e.g., those related to JSON validation), which indicates a lack of focus on the actual navigation task.",
  "root_cause_analysis": "The root cause of the error is the model's failure to track the player's position correctly across steps. This suggests a conceptual misunderstanding of how movement affects the player's location in the grid. Additionally, the model appears to have misapplied playbook entries, possibly due to a lack of clear prioritization or understanding of which playbook rules are most relevant to the task at hand.",
  "correct_approach": "The model should have accurately tracked the player's position after each move and only referenced playbook entries that are directly relevant to the grid navigation task. It should also have verified that its internal state (player position, box positions, goals) matched the actual environment state, using feedback from the environment to update its understanding.",
  "key_insight": "In grid navigation tasks, it is essential to maintain an accurate internal model of the environment, including the player's position
[Reflector] Structured reflection captured
[Playbook] feedback (fallback): +6 helpful / +0 harmful / 0 neutral

[Curator raw]
{
  "reasoning": "The existing playbook contains multiple entries focused on handling invalid JSON outputs during the reflection phase, including validation steps, error detection, logging, and correction mechanisms. However, the reflection from the previous attempt indicates that the output was not valid JSON, and no structured diagnosis was available. This suggests that the playbook lacks a specific strategy for ensuring that the reflection process includes a structured diagnosis when invalid JSON is encountered. While there are entries about detecting and handling invalid JSON, none explicitly mandate the inclusion of a structured diagnosis with root-cause analysis, error categorization, and actionable insights in such cases. Adding this as a new playbook entry would complement the existing content by explicitly ensuring that reflections are not only validated but also diagnosed in a structured manner when errors occur.",
  "operations": [
    {
      "type": "ADD",
      "content": "During the reflection phase, explicitly include a structured diagnosis for invalid JSON outputs. This includes: (1) identifying the root cause of the error (e.g., syntax, schema mismatch), (2) categorizing the error type, (3) providing actionable insights for correction, and (4) generating a detailed error report that includes the malformed JSON, expected schema, and suggested fixes. This ensures that the reflection process includes a diagnostic component, enabling accurate and informed playbook updates even when invalid JSON is encountered."
    }
  ]
}
[Curator] Approved 1 delta items
[Playbook] apply_delta: +1 add (0 skipped)
[Playbook] Size now: 38
[Playbook] grow_and_refine merged 2 near-duplicate entries.

========================================
SUMMARY (Sokoban, 40 episodes)
========================================
Success rate: 24/40 (60.0%)
  running @ K= 10: 80.0%
  running @ K= 20: 70.0%
  running @ K= 30: 60.0%
  running @ K= 40: 60.0%
Episode | Reward | Playbook Size
--------+--------+--------------
1       | 1      | 1            
2       | 0      | 2            
3       | 0      | 3            
4       | 1      | 4            
5       | 1      | 5            
6       | 1      | 7            
7       | 1      | 8            
8       | 1      | 9            
9       | 1      | 10           
10      | 1      | 11           
11      | 1      | 12           
12      | 1      | 13           
13      | 1      | 14           
14      | 1      | 15           
15      | 1      | 16           
16      | 0      | 17           
17      | 0      | 18           
18      | 0      | 19           
19      | 0      | 20           
20      | 1      | 21           
21      | 0      | 22           
22      | 1      | 23           
23      | 1      | 24           
24      | 0      | 25           
25      | 0      | 24           
26      | 1      | 25           
27      | 1      | 26           
28      | 0      | 27           
29      | 0      | 28           
30      | 0      | 29           
31      | 1      | 30           
32      | 0      | 31           
33      | 0      | 32           
34      | 0      | 33           
35      | 1      | 33           
36      | 1      | 34           
37      | 1      | 35           
38      | 0      | 36           
39      | 1      | 37           
40      | 1      | 36           
Saved to /gscratch/h2lab/mohanc3/projects/ERL_repo/runs/qwen3-14b-ace-notebook-empty-k40-both-34997217/outputs/results_ace_sokoban.json
Running method: notebook_minimal
LM traces will be saved to /gscratch/h2lab/mohanc3/projects/ERL_repo/runs/qwen3-14b-ace-notebook-empty-k40-both-34997217/outputs/llm_calls_notebook_minimal_frozen_lake.jsonl
Connected to LM server at http://127.0.0.1:30000/v1
Model: Qwen/Qwen3-14B
NotebookMinimal Method ready (initial_notebook=empty).

========================================
=== Episode 1 ===
========================================
[Attempt 1] Actions:  ['Right', 'Right', 'Right', 'Right', 'Right', 'Right', 'Right', 'Right']
[Attempt 1] Feedback: Step 1: moved Right, now on D (frozen tile). Step 2: moved Right, now on D (frozen tile). Step 3: moved Right, hit the boundary, stayed in place. Step 4: moved Right, hit the boundary, stayed in place. Step 5: moved Right, hit the boundary, stayed in place. Step 6: moved Right, hit the boundary, stayed in place. Step 7: moved Right, hit the boundary, stayed in place. Step 8: moved Right, hit the boundary, stayed in place. Maximum steps reached.
[Attempt 1] Reward:   0
  Inserted after line 2
  Inserted after line 1
  Inserted after line 0
[Notebook] 3 ops applied; now 14 lines.

========================================
=== Episode 2 ===
========================================
[Attempt 1] Actions:  ['Right']
[Attempt 1] Feedback: Step 1: moved Right, stepped on C (hole), episode over.
[Attempt 1] Reward:   0
[notebook_minimal] JSON parse failed: no valid JSON object found in updater response

========================================
=== Episode 3 ===
========================================
[Attempt 1] Actions:  ['Right', 'Right']
[Attempt 1] Feedback: Step 1: moved Right, now on D (frozen tile). Step 2: moved Right, stepped on C (hole), episode over.
[Attempt 1] Reward:   0
[notebook_minimal] JSON parse failed: no valid JSON object found in updater response

========================================
=== Episode 4 ===
========================================
[Attempt 1] Actions:  ['Right', 'Right', 'Right', 'Right', 'Right', 'Right', 'Right', 'Right']
[Attempt 1] Feedback: Step 1: moved Right, now on D (frozen tile). Step 2: moved Right, now on D (frozen tile). Step 3: moved Right, hit the boundary, stayed in place. Step 4: moved Right, hit the boundary, stayed in place. Step 5: moved Right, hit the boundary, stayed in place. Step 6: moved Right, hit the boundary, stayed in place. Step 7: moved Right, hit the boundary, stayed in place. Step 8: moved Right, hit the boundary, stayed in place. Maximum steps reached.
[Attempt 1] Reward:   0
  Inserted after line 1
  Inserted after line 0
[Notebook] 2 ops applied; now 16 lines.

========================================
=== Episode 5 ===
========================================
[Attempt 1] Actions:  ['Right', 'Right', 'Right', 'Right', 'Right', 'Right', 'Down', 'Right']
[Attempt 1] Feedback: Step 1: moved Right, now on D (frozen tile). Step 2: moved Right, now on D (frozen tile). Step 3: moved Right, now on D (frozen tile). Step 4: moved Right, hit the boundary, stayed in place. Step 5: moved Right, hit the boundary, stayed in place. Step 6: moved Right, hit the boundary, stayed in place. Step 7: moved Down, now on D (frozen tile). Step 8: moved Right, hit the boundary, stayed in place. Maximum steps reached.
[Attempt 1] Reward:   0
  Replaced lines 3-5
  Inserted after line 1
  Inserted after line 0
[Notebook] 3 ops applied; now 16 lines.

========================================
=== Episode 6 ===
========================================
[Attempt 1] Actions:  ['Right', 'Right', 'Right', 'Down']
[Attempt 1] Feedback: Step 1: moved Right, now on D (frozen tile). Step 2: moved Right, hit the boundary, stayed in place. Step 3: moved Right, hit the boundary, stayed in place. Step 4: moved Down, reached B (goal)!
[Attempt 1] Reward:   1
[notebook_minimal] JSON parse failed: no valid JSON object found in updater response

========================================
=== Episode 7 ===
========================================
[Attempt 1] Actions:  ['Right', 'Right', 'Right']
[Attempt 1] Feedback: Step 1: moved Right, now on D (frozen tile). Step 2: moved Right, now on D (frozen tile). Step 3: moved Right, stepped on C (hole), episode over.
[Attempt 1] Reward:   0
[notebook_minimal] JSON parse failed: no valid JSON object found in updater response

========================================
=== Episode 8 ===
========================================
[Attempt 1] Actions:  ['Down', 'Right', 'Down', 'Right']
[Attempt 1] Feedback: Step 1: moved Down, now on D (frozen tile). Step 2: moved Right, now on D (frozen tile). Step 3: moved Down, now on D (frozen tile). Step 4: moved Right, reached B (goal)!
[Attempt 1] Reward:   1
  Deleted lines 16-17
  Inserted after line 13
  Replaced lines 5-5
[Notebook] 3 ops applied; now 15 lines.

========================================
=== Episode 9 ===
========================================
[Attempt 1] Actions:  ['Right', 'Right', 'Right']
[Attempt 1] Feedback: Step 1: moved Right, now on D (frozen tile). Step 2: moved Right, now on D (frozen tile). Step 3: moved Right, stepped on C (hole), episode over.
[Attempt 1] Reward:   0
[notebook_minimal] JSON parse failed: no valid JSON object found in updater response

========================================
=== Episode 10 ===
========================================
[Attempt 1] Actions:  ['Right', 'Down']
[Attempt 1] Feedback: Step 1: moved Right, now on D (frozen tile). Step 2: moved Down, reached B (goal)!
[Attempt 1] Reward:   1
  Inserted after line 13
[Notebook] 1 ops applied; now 16 lines.

========================================
=== Episode 11 ===
========================================
[Attempt 1] Actions:  ['Right', 'Right', 'Right', 'Right', 'Right', 'Right', 'Right', 'Right']
[Attempt 1] Feedback: Step 1: moved Right, now on D (frozen tile). Step 2: moved Right, now on D (frozen tile). Step 3: moved Right, now on D (frozen tile). Step 4: moved Right, now on D (frozen tile). Step 5: moved Right, hit the boundary, stayed in place. Step 6: moved Right, hit the boundary, stayed in place. Step 7: moved Right, hit the boundary, stayed in place. Step 8: moved Right, hit the boundary, stayed in place. Maximum steps reached.
[Attempt 1] Reward:   0
[notebook_minimal] JSON parse failed: no valid JSON object found in updater response

========================================
=== Episode 12 ===
========================================
[Attempt 1] Actions:  ['Right', 'Right', 'Right', 'Right', 'Down', 'Right', 'Down', 'Right']
[Attempt 1] Feedback: Step 1: moved Right, now on D (frozen tile). Step 2: moved Right, now on D (frozen tile). Step 3: moved Right, now on D (frozen tile). Step 4: moved Right, now on D (frozen tile). Step 5: moved Down, now on D (frozen tile). Step 6: moved Right, hit the boundary, stayed in place. Step 7: moved Down, now on D (frozen tile). Step 8: moved Right, hit the boundary, stayed in place. Maximum steps reached.
[Attempt 1] Reward:   0
[notebook_minimal] JSON parse failed: no valid JSON object found in updater response

========================================
=== Episode 13 ===
========================================
[Attempt 1] Actions:  ['Right', 'Right', 'Right', 'Right', 'Right', 'Right', 'Right', 'Down']
[Attempt 1] Feedback: Step 1: moved Right, now on D (frozen tile). Step 2: moved Right, now on D (frozen tile). Step 3: moved Right, now on D (frozen tile). Step 4: moved Right, hit the boundary, stayed in place. Step 5: moved Right, hit the boundary, stayed in place. Step 6: moved Right, hit the boundary, stayed in place. Step 7: moved Right, hit the boundary, stayed in place. Step 8: moved Down, now on D (frozen tile). Maximum steps reached.
[Attempt 1] Reward:   0
[notebook_minimal] JSON parse failed: no valid JSON object found in updater response

========================================
=== Episode 14 ===
========================================
[Attempt 1] Actions:  ['Right', 'Right', 'Down']
[Attempt 1] Feedback: Step 1: moved Right, now on D (frozen tile). Step 2: moved Right, hit the boundary, stayed in place. Step 3: moved Down, reached B (goal)!
[Attempt 1] Reward:   1
  Inserted after line 13
  Replaced lines 5-5
[Notebook] 2 ops applied; now 17 lines.

========================================
=== Episode 15 ===
========================================
[Attempt 1] Actions:  ['Right', 'Right', 'Right', 'Right', 'Right', 'Right', 'Right', 'Right']
[Attempt 1] Feedback: Step 1: moved Right, now on D (frozen tile). Step 2: moved Right, now on D (frozen tile). Step 3: moved Right, hit the boundary, stayed in place. Step 4: moved Right, hit the boundary, stayed in place. Step 5: moved Right, hit the boundary, stayed in place. Step 6: moved Right, hit the boundary, stayed in place. Step 7: moved Right, hit the boundary, stayed in place. Step 8: moved Right, hit the boundary, stayed in place. Maximum steps reached.
[Attempt 1] Reward:   0
  Replaced lines 14-16
  Inserted after line 13
[Notebook] 2 ops applied; now 16 lines.

========================================
=== Episode 16 ===
========================================
[Attempt 1] Actions:  ['Right', 'Right', 'Right', 'Right', 'Right', 'Right', 'Down', 'Right']
[Attempt 1] Feedback: Step 1: moved Right, now on D (frozen tile). Step 2: moved Right, now on D (frozen tile). Step 3: moved Right, now on D (frozen tile). Step 4: moved Right, hit the boundary, stayed in place. Step 5: moved Right, hit the boundary, stayed in place. Step 6: moved Right, hit the boundary, stayed in place. Step 7: moved Down, now on D (frozen tile). Step 8: moved Right, hit the boundary, stayed in place. Maximum steps reached.
[Attempt 1] Reward:   0
  Inserted after line 14
  Deleted lines 7-7
  Replaced lines 5-5
[Notebook] 3 ops applied; now 16 lines.

========================================
=== Episode 17 ===
========================================
[Attempt 1] Actions:  ['Right', 'Right', 'Down']
[Attempt 1] Feedback: Step 1: moved Right, now on D (frozen tile). Step 2: moved Right, now on D (frozen tile). Step 3: moved Down, stepped on C (hole), episode over.
[Attempt 1] Reward:   0
[notebook_minimal] JSON parse failed: no valid JSON object found in updater response

========================================
=== Episode 18 ===
========================================
[Attempt 1] Actions:  ['Right']
[Attempt 1] Feedback: Step 1: moved Right, stepped on C (hole), episode over.
[Attempt 1] Reward:   0
[notebook_minimal] JSON parse failed: no valid JSON object found in updater response

========================================
=== Episode 19 ===
========================================
[Attempt 1] Actions:  ['Right', 'Right', 'Down']
[Attempt 1] Feedback: Step 1: moved Right, now on D (frozen tile). Step 2: moved Right, hit the boundary, stayed in place. Step 3: moved Down, reached B (goal)!
[Attempt 1] Reward:   1
  Inserted after line 13
  Replaced lines 5-5
[Notebook] 2 ops applied; now 17 lines.

========================================
=== Episode 20 ===
========================================
[Attempt 1] Actions:  ['Right', 'Right', 'Right', 'Right', 'Right', 'Right', 'Down', 'Right']
[Attempt 1] Feedback: Step 1: moved Right, now on D (frozen tile). Step 2: moved Right, now on D (frozen tile). Step 3: moved Right, hit the boundary, stayed in place. Step 4: moved Right, hit the boundary, stayed in place. Step 5: moved Right, hit the boundary, stayed in place. Step 6: moved Right, hit the boundary, stayed in place. Step 7: moved Down, now on D (frozen tile). Step 8: moved Right, hit the boundary, stayed in place. Maximum steps reached.
[Attempt 1] Reward:   0
  Inserted after line 14
  Replaced lines 5-5
[Notebook] 2 ops applied; now 18 lines.

========================================
=== Episode 21 ===
========================================
[Attempt 1] Actions:  ['Right', 'Right', 'Right', 'Down', 'Right', 'Down']
[Attempt 1] Feedback: Step 1: moved Right, now on D (frozen tile). Step 2: moved Right, now on D (frozen tile). Step 3: moved Right, hit the boundary, stayed in place. Step 4: moved Down, now on D (frozen tile). Step 5: moved Right, hit the boundary, stayed in place. Step 6: moved Down, reached B (goal)!
[Attempt 1] Reward:   1
  Replaced lines 17-17
  Replaced lines 15-15
  Inserted after line 13
[Notebook] 3 ops applied; now 19 lines.

========================================
=== Episode 22 ===
========================================
[Attempt 1] Actions:  ['Right', 'Right', 'Right', 'Right', 'Right', 'Right', 'Down', 'Right']
[Attempt 1] Feedback: Step 1: moved Right, now on D (frozen tile). Step 2: moved Right, now on D (frozen tile). Step 3: moved Right, hit the boundary, stayed in place. Step 4: moved Right, hit the boundary, stayed in place. Step 5: moved Right, hit the boundary, stayed in place. Step 6: moved Right, hit the boundary, stayed in place. Step 7: moved Down, now on D (frozen tile). Step 8: moved Right, hit the boundary, stayed in place. Maximum steps reached.
[Attempt 1] Reward:   0
  Inserted after line 18
  Replaced lines 14-15
[Notebook] 2 ops applied; now 19 lines.

========================================
=== Episode 23 ===
========================================
[Attempt 1] Actions:  ['Right', 'Right']
[Attempt 1] Feedback: Step 1: moved Right, now on D (frozen tile). Step 2: moved Right, stepped on C (hole), episode over.
[Attempt 1] Reward:   0
[notebook_minimal] JSON parse failed: no valid JSON object found in updater response

========================================
=== Episode 24 ===
========================================
[Attempt 1] Actions:  ['Right', 'Right']
[Attempt 1] Feedback: Step 1: moved Right, now on D (frozen tile). Step 2: moved Right, stepped on C (hole), episode over.
[Attempt 1] Reward:   0
  Inserted after line 18
  Replaced lines 5-5
[Notebook] 2 ops applied; now 20 lines.

========================================
=== Episode 25 ===
========================================
[Attempt 1] Actions:  ['Right', 'Right', 'Right']
[Attempt 1] Feedback: Step 1: moved Right, now on D (frozen tile). Step 2: moved Right, now on D (frozen tile). Step 3: moved Right, stepped on C (hole), episode over.
[Attempt 1] Reward:   0
[notebook_minimal] JSON parse failed: no valid JSON object found in updater response

========================================
=== Episode 26 ===
========================================
[Attempt 1] Actions:  ['Right', 'Right', 'Right', 'Down', 'Down']
[Attempt 1] Feedback: Step 1: moved Right, now on D (frozen tile). Step 2: moved Right, now on D (frozen tile). Step 3: moved Right, hit the boundary, stayed in place. Step 4: moved Down, now on D (frozen tile). Step 5: moved Down, reached B (goal)!
[Attempt 1] Reward:   1
  Inserted after line 0
[Notebook] 1 ops applied; now 21 lines.

========================================
=== Episode 27 ===
========================================
[Attempt 1] Actions:  ['Right', 'Right', 'Right']
[Attempt 1] Feedback: Step 1: moved Right, now on D (frozen tile). Step 2: moved Right, now on D (frozen tile). Step 3: moved Right, stepped on C (hole), episode over.
[Attempt 1] Reward:   0
  Inserted after line 20
  Replaced lines 6-6
[Notebook] 2 ops applied; now 22 lines.

========================================
=== Episode 28 ===
========================================
[Attempt 1] Actions:  ['Right', 'Right', 'Right', 'Right', 'Right', 'Right', 'Right', 'Right']
[Attempt 1] Feedback: Step 1: moved Right, now on D (frozen tile). Step 2: moved Right, hit the boundary, stayed in place. Step 3: moved Right, hit the boundary, stayed in place. Step 4: moved Right, hit the boundary, stayed in place. Step 5: moved Right, hit the boundary, stayed in place. Step 6: moved Right, hit the boundary, stayed in place. Step 7: moved Right, hit the boundary, stayed in place. Step 8: moved Right, hit the boundary, stayed in place. Maximum steps reached.
[Attempt 1] Reward:   0
  Deleted lines 6-6
  Inserted after line 5
[Notebook] 2 ops applied; now 22 lines.

========================================
=== Episode 29 ===
========================================
[Attempt 1] Actions:  ['Down', 'Down', 'Right']
[Attempt 1] Feedback: Step 1: moved Down, now on D (frozen tile). Step 2: moved Down, hit the boundary, stayed in place. Step 3: moved Right, reached B (goal)!
[Attempt 1] Reward:   1
  Deleted lines 22-22
  Inserted after line 20
  Replaced lines 16-16
[Notebook] 3 ops applied; now 22 lines.

========================================
=== Episode 30 ===
========================================
[Attempt 1] Actions:  ['Right', 'Right', 'Right', 'Down']
[Attempt 1] Feedback: Step 1: moved Right, now on D (frozen tile). Step 2: moved Right, now on D (frozen tile). Step 3: moved Right, now on D (frozen tile). Step 4: moved Down, stepped on C (hole), episode over.
[Attempt 1] Reward:   0
  Inserted after line 0
[Notebook] 1 ops applied; now 23 lines.

========================================
=== Episode 31 ===
========================================
[Attempt 1] Actions:  ['Right', 'Down']
[Attempt 1] Feedback: Step 1: moved Right, now on D (frozen tile). Step 2: moved Down, reached B (goal)!
[Attempt 1] Reward:   1
  Inserted after line 23
[Notebook] 1 ops applied; now 24 lines.

========================================
=== Episode 32 ===
========================================
[Attempt 1] Actions:  ['Right', 'Right', 'Right', 'Right', 'Right', 'Right', 'Right', 'Right']
[Attempt 1] Feedback: Step 1: moved Right, now on D (frozen tile). Step 2: moved Right, hit the boundary, stayed in place. Step 3: moved Right, hit the boundary, stayed in place. Step 4: moved Right, hit the boundary, stayed in place. Step 5: moved Right, hit the boundary, stayed in place. Step 6: moved Right, hit the boundary, stayed in place. Step 7: moved Right, hit the boundary, stayed in place. Step 8: moved Right, hit the boundary, stayed in place. Maximum steps reached.
[Attempt 1] Reward:   0
  Replaced lines 24-24
  Deleted lines 7-7
  Inserted after line 6
[Notebook] 3 ops applied; now 24 lines.

========================================
=== Episode 33 ===
========================================
[Attempt 1] Actions:  ['Right', 'Right', 'Right', 'Right', 'Down', 'Down']
[Attempt 1] Feedback: Step 1: moved Right, now on D (frozen tile). Step 2: moved Right, now on D (frozen tile). Step 3: moved Right, hit the boundary, stayed in place. Step 4: moved Right, hit the boundary, stayed in place. Step 5: moved Down, now on D (frozen tile). Step 6: moved Down, reached B (goal)!
[Attempt 1] Reward:   1
  Inserted after line 24
[Notebook] 1 ops applied; now 25 lines.

========================================
=== Episode 34 ===
========================================
[Attempt 1] Actions:  ['Down', 'Right', 'Down']
[Attempt 1] Feedback: Step 1: moved Down, now on D (frozen tile). Step 2: moved Right, now on D (frozen tile). Step 3: moved Down, stepped on C (hole), episode over.
[Attempt 1] Reward:   0
[notebook_minimal] JSON parse failed: no valid JSON object found in updater response

========================================
=== Episode 35 ===
========================================
[Attempt 1] Actions:  ['Right', 'Right', 'Down', 'Down', 'Right', 'Right', 'Right', 'Right']
[Attempt 1] Feedback: Step 1: moved Right, now on D (frozen tile). Step 2: moved Right, now on D (frozen tile). Step 3: moved Down, now on D (frozen tile). Step 4: moved Down, now on D (frozen tile). Step 5: moved Right, now on D (frozen tile). Step 6: moved Right, hit the boundary, stayed in place. Step 7: moved Right, hit the boundary, stayed in place. Step 8: moved Right, hit the boundary, stayed in place. Maximum steps reached.
[Attempt 1] Reward:   0
[notebook_minimal] JSON parse failed: no valid JSON object found in updater response

========================================
=== Episode 36 ===
========================================
[Attempt 1] Actions:  ['Right']
[Attempt 1] Feedback: Step 1: moved Right, stepped on C (hole), episode over.
[Attempt 1] Reward:   0
  Skipping insert_after 4: content has newline
  Deleted lines 25-25
  Replaced lines 17-17
  Replaced lines 14-14
  Deleted lines 13-13
  Deleted lines 9-12
  Deleted lines 6-8
[Notebook] 6 ops applied; now 19 lines.

========================================
=== Episode 37 ===
========================================
[Attempt 1] Actions:  ['Down', 'Down', 'Down', 'Right']
[Attempt 1] Feedback: Step 1: moved Down, now on D (frozen tile). Step 2: moved Down, hit the boundary, stayed in place. Step 3: moved Down, hit the boundary, stayed in place. Step 4: moved Right, reached B (goal)!
[Attempt 1] Reward:   1
  Deleted lines 19-19
  Deleted lines 10-10
[Notebook] 2 ops applied; now 17 lines.

========================================
=== Episode 38 ===
========================================
[Attempt 1] Actions:  ['Right', 'Right', 'Right']
[Attempt 1] Feedback: Step 1: moved Right, now on D (frozen tile). Step 2: moved Right, now on D (frozen tile). Step 3: moved Right, stepped on C (hole), episode over.
[Attempt 1] Reward:   0
  Deleted lines 17-17
  Inserted after line 16
[Notebook] 2 ops applied; now 17 lines.

========================================
=== Episode 39 ===
========================================
[Attempt 1] Actions:  ['Right', 'Down', 'Right']
[Attempt 1] Feedback: Step 1: moved Right, now on D (frozen tile). Step 2: moved Down, now on D (frozen tile). Step 3: moved Right, stepped on C (hole), episode over.
[Attempt 1] Reward:   0
  Inserted after line 17
[Notebook] 1 ops applied; now 18 lines.

========================================
=== Episode 40 ===
========================================
[Attempt 1] Actions:  ['Down', 'Down', 'Down', 'Right', 'Down', 'Right', 'Right', 'Right']
[Attempt 1] Feedback: Step 1: moved Down, now on D (frozen tile). Step 2: moved Down, now on D (frozen tile). Step 3: moved Down, now on D (frozen tile). Step 4: moved Right, now on D (frozen tile). Step 5: moved Down, now on D (frozen tile). Step 6: moved Right, now on D (frozen tile). Step 7: moved Right, now on D (frozen tile). Step 8: moved Right, reached B (goal)!
[Attempt 1] Reward:   1
  Deleted lines 11-11
  Inserted after line 10
[Notebook] 2 ops applied; now 18 lines.

========================================
SUMMARY (FrozenLake, 40 episodes)
========================================
Success rate: 12/40 (30.0%)
  running @ K= 10: 30.0%
  running @ K= 20: 25.0%
  running @ K= 30: 26.7%
  running @ K= 40: 30.0%
Episode | Reward | Notebook Lines
--------+--------+---------------
1       | 0      | 14            
2       | 0      | 14            
3       | 0      | 14            
4       | 0      | 16            
5       | 0      | 16            
6       | 1      | 16            
7       | 0      | 16            
8       | 1      | 15            
9       | 0      | 15            
10      | 1      | 16            
11      | 0      | 16            
12      | 0      | 16            
13      | 0      | 16            
14      | 1      | 17            
15      | 0      | 16            
16      | 0      | 16            
17      | 0      | 16            
18      | 0      | 16            
19      | 1      | 17            
20      | 0      | 18            
21      | 1      | 19            
22      | 0      | 19            
23      | 0      | 19            
24      | 0      | 20            
25      | 0      | 20            
26      | 1      | 21            
27      | 0      | 22            
28      | 0      | 22            
29      | 1      | 22            
30      | 0      | 23            
31      | 1      | 24            
32      | 0      | 24            
33      | 1      | 25            
34      | 0      | 25            
35      | 0      | 25            
36      | 0      | 19            
37      | 1      | 17            
38      | 0      | 17            
39      | 0      | 18            
40      | 1      | 18            
Saved to /gscratch/h2lab/mohanc3/projects/ERL_repo/runs/qwen3-14b-ace-notebook-empty-k40-both-34997217/outputs/results_notebook_minimal_frozen_lake.json
LM traces will be saved to /gscratch/h2lab/mohanc3/projects/ERL_repo/runs/qwen3-14b-ace-notebook-empty-k40-both-34997217/outputs/llm_calls_notebook_minimal_sokoban.jsonl
Connected to LM server at http://127.0.0.1:30000/v1
Model: Qwen/Qwen3-14B
NotebookMinimal Method ready (initial_notebook=empty).

========================================
=== Episode 1 ===
========================================
[Attempt 1] Actions:  ['Right', 'Right', 'Down', 'Up', 'Right', 'Up']
[Attempt 1] Feedback: Step 1: moved Right, hit E (wall), stayed in place. Step 2: moved Right, hit E (wall), stayed in place. Step 3: moved Down. Step 4: moved Up. Step 5: moved Right, hit E (wall), stayed in place. Step 6: moved Up, pushed B onto C (goal)! All boxes are on targets. Puzzle solved!
[Attempt 1] Reward:   1
  Inserted after line 1
  Inserted after line 0
[Notebook] 2 ops applied; now 13 lines.

========================================
=== Episode 2 ===
========================================
[Attempt 1] Actions:  ['Up', 'Up']
[Attempt 1] Feedback: Step 1: moved Up, pushed B. Step 2: moved Up, pushed B onto C (goal)! All boxes are on targets. Puzzle solved!
[Attempt 1] Reward:   1
  Replaced lines 3-3
  Inserted after line 0
[Notebook] 2 ops applied; now 14 lines.

========================================
=== Episode 3 ===
========================================
[Attempt 1] Actions:  ['Right', 'Up', 'Up', 'Up', 'Up', 'Up', 'Up', 'Up']
[Attempt 1] Feedback: Step 1: moved Right, hit E (wall), stayed in place. Step 2: moved Up. Step 3: moved Up, hit E (wall), stayed in place. Step 4: moved Up, hit E (wall), stayed in place. Step 5: moved Up, hit E (wall), stayed in place. Step 6: moved Up, hit E (wall), stayed in place. Step 7: moved Up, hit E (wall), stayed in place. Step 8: moved Up, hit E (wall), stayed in place. Maximum steps reached.
[Attempt 1] Reward:   0
  Inserted after line 14
  Inserted after line 13
  Deleted lines 1-4
[Notebook] 3 ops applied; now 12 lines.

========================================
=== Episode 4 ===
========================================
[Attempt 1] Actions:  ['Down']
[Attempt 1] Feedback: Step 1: moved Down, pushed B onto C (goal)! All boxes are on targets. Puzzle solved!
[Attempt 1] Reward:   1
[notebook_minimal] JSON parse failed: no valid JSON object found in updater response

========================================
=== Episode 5 ===
========================================
[Attempt 1] Actions:  ['Right', 'Down', 'Right', 'Down', 'Down', 'Right', 'Down', 'Up']
[Attempt 1] Feedback: Step 1: moved Right. Step 2: moved Down. Step 3: moved Right, hit E (wall), stayed in place. Step 4: moved Down, hit E (wall), stayed in place. Step 5: moved Down, hit E (wall), stayed in place. Step 6: moved Right, hit E (wall), stayed in place. Step 7: moved Down, hit E (wall), stayed in place. Step 8: moved Up. Maximum steps reached.
[Attempt 1] Reward:   0
  Inserted after line 12
  Inserted after line 10
[Notebook] 2 ops applied; now 14 lines.

========================================
=== Episode 6 ===
========================================
[Attempt 1] Actions:  ['Down', 'Down', 'Down', 'Down', 'Down', 'Left', 'Down', 'Right']
[Attempt 1] Feedback: Step 1: moved Down. Step 2: moved Down. Step 3: moved Down. Step 4: moved Down, hit E (wall), stayed in place. Step 5: moved Down, hit E (wall), stayed in place. Step 6: moved Left. Step 7: moved Down, hit E (wall), stayed in place. Step 8: moved Right. Maximum steps reached.
[Attempt 1] Reward:   0
  Inserted after line 10
[Notebook] 1 ops applied; now 15 lines.

========================================
=== Episode 7 ===
========================================
[Attempt 1] Actions:  ['Right', 'Down', 'Down', 'Down', 'Down', 'Left', 'Left', 'Left']
[Attempt 1] Feedback: Step 1: moved Right, hit E (wall), stayed in place. Step 2: moved Down, hit E (wall), stayed in place. Step 3: moved Down, hit E (wall), stayed in place. Step 4: moved Down, hit E (wall), stayed in place. Step 5: moved Down, hit E (wall), stayed in place. Step 6: moved Left. Step 7: moved Left. Step 8: moved Left. Maximum steps reached.
[Attempt 1] Reward:   0
  Inserted after line 10
[Notebook] 1 ops applied; now 16 lines.

========================================
=== Episode 8 ===
========================================
[Attempt 1] Actions:  ['Down', 'Right', 'Down', 'Right', 'Right', 'Right', 'Right', 'Right']
[Attempt 1] Feedback: Step 1: moved Down. Step 2: moved Right. Step 3: moved Down, hit E (wall), stayed in place. Step 4: moved Right. Step 5: moved Right, hit E (wall), stayed in place. Step 6: moved Right, hit E (wall), stayed in place. Step 7: moved Right, hit E (wall), stayed in place. Step 8: moved Right, hit E (wall), stayed in place. Maximum steps reached.
[Attempt 1] Reward:   0
  Inserted after line 10
[Notebook] 1 ops applied; now 17 lines.

========================================
=== Episode 9 ===
========================================
[Attempt 1] Actions:  ['Right']
[Attempt 1] Feedback: Step 1: moved Right, pushed B onto C (goal)! All boxes are on targets. Puzzle solved!
[Attempt 1] Reward:   1
[notebook_minimal] JSON parse failed: no valid JSON object found in updater response

========================================
=== Episode 10 ===
========================================
[Attempt 1] Actions:  ['Right', 'Right', 'Down', 'Right', 'Down', 'Right', 'Right', 'Right']
[Attempt 1] Feedback: Step 1: moved Right. Step 2: moved Right, hit E (wall), stayed in place. Step 3: moved Down. Step 4: moved Right, hit E (wall), stayed in place. Step 5: moved Down. Step 6: moved Right, hit E (wall), stayed in place. Step 7: moved Right, hit E (wall), stayed in place. Step 8: moved Right, hit E (wall), stayed in place. Maximum steps reached.
[Attempt 1] Reward:   0
[notebook_minimal] JSON parse failed: no valid JSON object found in updater response

========================================
=== Episode 11 ===
========================================
[Attempt 1] Actions:  ['Down', 'Right', 'Right', 'Right', 'Down', 'Right', 'Down', 'Right']
[Attempt 1] Feedback: Step 1: moved Down. Step 2: moved Right, hit E (wall), stayed in place. Step 3: moved Right, hit E (wall), stayed in place. Step 4: moved Right, hit E (wall), stayed in place. Step 5: moved Down, hit E (wall), stayed in place. Step 6: moved Right, hit E (wall), stayed in place. Step 7: moved Down, hit E (wall), stayed in place. Step 8: moved Right, hit E (wall), stayed in place. Maximum steps reached.
[Attempt 1] Reward:   0
  Inserted after line 10
[Notebook] 1 ops applied; now 18 lines.

========================================
=== Episode 12 ===
========================================
[Attempt 1] Actions:  ['Right']
[Attempt 1] Feedback: Step 1: moved Right, pushed B onto C (goal)! All boxes are on targets. Puzzle solved!
[Attempt 1] Reward:   1
[notebook_minimal] JSON parse failed: no valid JSON object found in updater response

========================================
=== Episode 13 ===
========================================
[Attempt 1] Actions:  ['Right', 'Right', 'Right']
[Attempt 1] Feedback: Step 1: moved Right, pushed B. Step 2: moved Right, pushed B. Step 3: moved Right, pushed B onto C (goal)! All boxes are on targets. Puzzle solved!
[Attempt 1] Reward:   1
[notebook_minimal] JSON parse failed: no valid JSON object found in updater response

========================================
=== Episode 14 ===
========================================
[Attempt 1] Actions:  ['Right']
[Attempt 1] Feedback: Step 1: moved Right, pushed B onto C (goal)! All boxes are on targets. Puzzle solved!
[Attempt 1] Reward:   1
  Deleted lines 10-15
  Inserted after line 6
[Notebook] 2 ops applied; now 13 lines.

========================================
=== Episode 15 ===
========================================
[Attempt 1] Actions:  ['Right', 'Right', 'Right', 'Right', 'Right', 'Right', 'Right', 'Right']
[Attempt 1] Feedback: Step 1: moved Right. Step 2: moved Right, hit E (wall), stayed in place. Step 3: moved Right, hit E (wall), stayed in place. Step 4: moved Right, hit E (wall), stayed in place. Step 5: moved Right, hit E (wall), stayed in place. Step 6: moved Right, hit E (wall), stayed in place. Step 7: moved Right, hit E (wall), stayed in place. Step 8: moved Right, hit E (wall), stayed in place. Maximum steps reached.
[Attempt 1] Reward:   0
  Inserted after line 11
[Notebook] 1 ops applied; now 14 lines.

========================================
=== Episode 16 ===
========================================
[Attempt 1] Actions:  ['Right', 'Up', 'Right', 'Right', 'Right', 'Right', 'Right', 'Right']
[Attempt 1] Feedback: Step 1: moved Right. Step 2: moved Up. Step 3: moved Right, hit E (wall), stayed in place. Step 4: moved Right, hit E (wall), stayed in place. Step 5: moved Right, hit E (wall), stayed in place. Step 6: moved Right, hit E (wall), stayed in place. Step 7: moved Right, hit E (wall), stayed in place. Step 8: moved Right, hit E (wall), stayed in place. Maximum steps reached.
[Attempt 1] Reward:   0
  Inserted after line 13
[Notebook] 1 ops applied; now 15 lines.

========================================
=== Episode 17 ===
========================================
[Attempt 1] Actions:  ['Right', 'Right', 'Left', 'Right', 'Right', 'Right', 'Right', 'Right']
[Attempt 1] Feedback: Step 1: moved Right. Step 2: moved Right. Step 3: moved Left. Step 4: moved Right. Step 5: moved Right. Step 6: moved Right, hit E (wall), stayed in place. Step 7: moved Right, hit E (wall), stayed in place. Step 8: moved Right, hit E (wall), stayed in place. Maximum steps reached.
[Attempt 1] Reward:   0
  Inserted after line 12
[Notebook] 1 ops applied; now 16 lines.

========================================
=== Episode 18 ===
========================================
[Attempt 1] Actions:  ['Down', 'Right', 'Left', 'Right', 'Right', 'Up', 'Right', 'Right']
[Attempt 1] Feedback: Step 1: moved Down, hit E (wall), stayed in place. Step 2: moved Right, hit E (wall), stayed in place. Step 3: moved Left. Step 4: moved Right. Step 5: moved Right, hit E (wall), stayed in place. Step 6: moved Up, pushed B. Step 7: moved Right, hit E (wall), stayed in place. Step 8: moved Right, hit E (wall), stayed in place. Maximum steps reached.
[Attempt 1] Reward:   0
  Inserted after line 15
  Inserted after line 6
[Notebook] 2 ops applied; now 18 lines.

========================================
=== Episode 19 ===
========================================
[Attempt 1] Actions:  ['Right', 'Down', 'Right', 'Right', 'Down', 'Right', 'Down', 'Right']
[Attempt 1] Feedback: Step 1: moved Right. Step 2: moved Down. Step 3: moved Right. Step 4: moved Right. Step 5: moved Down. Step 6: moved Right, hit E (wall), stayed in place. Step 7: moved Down, hit E (wall), stayed in place. Step 8: moved Right, hit E (wall), stayed in place. Maximum steps reached.
[Attempt 1] Reward:   0
  Inserted after line 16
  Inserted after line 15
[Notebook] 2 ops applied; now 20 lines.

========================================
=== Episode 20 ===
========================================
[Attempt 1] Actions:  ['Right', 'Right', 'Down', 'Right', 'Right', 'Left', 'Up', 'Right']
[Attempt 1] Feedback: Step 1: moved Right. Step 2: moved Right. Step 3: moved Down, hit E (wall), stayed in place. Step 4: moved Right, hit E (wall), stayed in place. Step 5: moved Right, hit E (wall), stayed in place. Step 6: moved Left. Step 7: moved Up. Step 8: moved Right. Maximum steps reached.
[Attempt 1] Reward:   0
  Replaced lines 17-19
  Inserted after line 15
[Notebook] 2 ops applied; now 19 lines.

========================================
=== Episode 21 ===
========================================
[Attempt 1] Actions:  ['Right', 'Right', 'Left', 'Right', 'Left', 'Right', 'Right', 'Right']
[Attempt 1] Feedback: Step 1: moved Right. Step 2: moved Right. Step 3: moved Left. Step 4: moved Right. Step 5: moved Left. Step 6: moved Right. Step 7: moved Right, hit E (wall), stayed in place. Step 8: moved Right, hit E (wall), stayed in place. Maximum steps reached.
[Attempt 1] Reward:   0
  Replaced lines 16-16
  Inserted after line 13
[Notebook] 2 ops applied; now 20 lines.

========================================
=== Episode 22 ===
========================================
[Attempt 1] Actions:  ['Right']
[Attempt 1] Feedback: Step 1: moved Right, pushed B onto C (goal)! All boxes are on targets. Puzzle solved!
[Attempt 1] Reward:   1
  Inserted after line 6
[Notebook] 1 ops applied; now 21 lines.

========================================
=== Episode 23 ===
========================================
[Attempt 1] Actions:  ['Down', 'Right', 'Right', 'Right', 'Right', 'Right', 'Right', 'Right']
[Attempt 1] Feedback: Step 1: moved Down. Step 2: moved Right. Step 3: moved Right. Step 4: moved Right, hit E (wall), stayed in place. Step 5: moved Right, hit E (wall), stayed in place. Step 6: moved Right, hit E (wall), stayed in place. Step 7: moved Right, hit E (wall), stayed in place. Step 8: moved Right, hit E (wall), stayed in place. Maximum steps reached.
[Attempt 1] Reward:   0
  Replaced lines 14-14
  Inserted after line 13
[Notebook] 2 ops applied; now 22 lines.

========================================
=== Episode 24 ===
========================================
[Attempt 1] Actions:  ['Right', 'Down', 'Down', 'Right', 'Right', 'Right', 'Down', 'Right']
[Attempt 1] Feedback: Step 1: moved Right. Step 2: moved Down. Step 3: moved Down, hit E (wall), stayed in place. Step 4: moved Right. Step 5: moved Right. Step 6: moved Right, hit E (wall), stayed in place. Step 7: moved Down, hit E (wall), stayed in place. Step 8: moved Right, hit E (wall), stayed in place. Maximum steps reached.
[Attempt 1] Reward:   0
  Inserted after line 22
  Replaced lines 7-9
[Notebook] 2 ops applied; now 21 lines.

========================================
=== Episode 25 ===
========================================
[Attempt 1] Actions:  ['Right', 'Right', 'Right', 'Right', 'Up', 'Up', 'Right', 'Left']
[Attempt 1] Feedback: Step 1: moved Right, hit E (wall), stayed in place. Step 2: moved Right, hit E (wall), stayed in place. Step 3: moved Right, hit E (wall), stayed in place. Step 4: moved Right, hit E (wall), stayed in place. Step 5: moved Up. Step 6: moved Up, hit E (wall), stayed in place. Step 7: moved Right, hit E (wall), stayed in place. Step 8: moved Left. Maximum steps reached.
[Attempt 1] Reward:   0
  Inserted after line 1
  Inserted after line 0
[Notebook] 2 ops applied; now 23 lines.

========================================
=== Episode 26 ===
========================================
[Attempt 1] Actions:  ['Right', 'Left', 'Left']
[Attempt 1] Feedback: Step 1: moved Right. Step 2: moved Left. Step 3: moved Left, pushed B onto C (goal)! All boxes are on targets. Puzzle solved!
[Attempt 1] Reward:   1
  Inserted after line 9
[Notebook] 1 ops applied; now 24 lines.

========================================
=== Episode 27 ===
========================================
[Attempt 1] Actions:  ['Right', 'Left', 'Right', 'Right', 'Right', 'Up', 'Right', 'Right']
[Attempt 1] Feedback: Step 1: moved Right. Step 2: moved Left. Step 3: moved Right. Step 4: moved Right. Step 5: moved Right. Step 6: moved Up. Step 7: moved Right. Step 8: moved Right. Maximum steps reached.
[Attempt 1] Reward:   0
  Inserted after line 3
  Inserted after line 2
  Inserted after line 1
  Inserted after line 0
[Notebook] 4 ops applied; now 28 lines.

========================================
=== Episode 28 ===
========================================
[Attempt 1] Actions:  ['Right', 'Right', 'Right', 'Right', 'Right', 'Left', 'Right', 'Right']
[Attempt 1] Feedback: Step 1: moved Right, hit E (wall), stayed in place. Step 2: moved Right, hit E (wall), stayed in place. Step 3: moved Right, hit E (wall), stayed in place. Step 4: moved Right, hit E (wall), stayed in place. Step 5: moved Right, hit E (wall), stayed in place. Step 6: moved Left, pushed B. Step 7: moved Right. Step 8: moved Right, hit E (wall), stayed in place. Maximum steps reached.
[Attempt 1] Reward:   0
[notebook_minimal] JSON parse failed: no valid JSON object found in updater response

========================================
=== Episode 29 ===
========================================
[Attempt 1] Actions:  ['Down', 'Down', 'Down', 'Down', 'Right', 'Right', 'Down', 'Right']
[Attempt 1] Feedback: Step 1: moved Down. Step 2: moved Down. Step 3: moved Down. Step 4: moved Down, hit E (wall), stayed in place. Step 5: moved Right. Step 6: moved Right, hit E (wall), stayed in place. Step 7: moved Down, hit E (wall), stayed in place. Step 8: moved Right, hit E (wall), stayed in place. Maximum steps reached.
[Attempt 1] Reward:   0
  Deleted lines 27-27
  Deleted lines 24-24
  Replaced lines 20-20
  Replaced lines 17-17
  Inserted after line 2
  Inserted after line 1
  Inserted after line 0
[Notebook] 7 ops applied; now 29 lines.

========================================
=== Episode 30 ===
========================================
[Attempt 1] Actions:  ['Right', 'Right', 'Right', 'Right', 'Right', 'Right', 'Right', 'Right']
[Attempt 1] Feedback: Step 1: moved Right. Step 2: moved Right. Step 3: moved Right. Step 4: moved Right. Step 5: moved Right. Step 6: moved Right, hit E (wall), stayed in place. Step 7: moved Right, hit E (wall), stayed in place. Step 8: moved Right, hit E (wall), stayed in place. Maximum steps reached.
[Attempt 1] Reward:   0
  Deleted lines 16-17
  Inserted after line 10
  Replaced lines 3-3
[Notebook] 3 ops applied; now 28 lines.

========================================
=== Episode 31 ===
========================================
[Attempt 1] Actions:  ['Right']
[Attempt 1] Feedback: Step 1: moved Right, pushed B onto C (goal)! All boxes are on targets. Puzzle solved!
[Attempt 1] Reward:   1
  Warning: skipping overlapping op {'type': 'insert_after', 'line': 10, 'content': "Prioritize identifying the goal ('A') and mapping the grid before initiating movement."}
  Inserted after line 11
  Replaced lines 2-10
[Notebook] 2 ops applied; now 38 lines.

========================================
=== Episode 32 ===
========================================
[Attempt 1] Actions:  ['Right', 'Right', 'Right', 'Right', 'Right', 'Right', 'Right', 'Down']
[Attempt 1] Feedback: Step 1: moved Right. Step 2: moved Right, hit E (wall), stayed in place. Step 3: moved Right, hit E (wall), stayed in place. Step 4: moved Right, hit E (wall), stayed in place. Step 5: moved Right, hit E (wall), stayed in place. Step 6: moved Right, hit E (wall), stayed in place. Step 7: moved Right, hit E (wall), stayed in place. Step 8: moved Down, hit E (wall), stayed in place. Maximum steps reached.
[Attempt 1] Reward:   0
  Inserted after line 37
  Deleted lines 28-29
  Deleted lines 22-25
  Replaced lines 3-3
  Deleted lines 1-2
[Notebook] 5 ops applied; now 31 lines.

========================================
=== Episode 33 ===
========================================
[Attempt 1] Actions:  ['Down', 'Down', 'Down', 'Right', 'Down', 'Down', 'Down', 'Right']
[Attempt 1] Feedback: Step 1: moved Down, hit E (wall), stayed in place. Step 2: moved Down, hit E (wall), stayed in place. Step 3: moved Down, hit E (wall), stayed in place. Step 4: moved Right. Step 5: moved Down, hit E (wall), stayed in place. Step 6: moved Down, hit E (wall), stayed in place. Step 7: moved Down, hit E (wall), stayed in place. Step 8: moved Right, hit E (wall), stayed in place. Maximum steps reached.
[Attempt 1] Reward:   0
[notebook_minimal] JSON parse failed: no valid JSON object found in updater response

========================================
=== Episode 34 ===
========================================
[Attempt 1] Actions:  ['Down', 'Down']
[Attempt 1] Feedback: Step 1: moved Down, pushed B. Step 2: moved Down, pushed B onto C (goal)! All boxes are on targets. Puzzle solved!
[Attempt 1] Reward:   1
  Inserted after line 29
  Replaced lines 1-2
[Notebook] 2 ops applied; now 31 lines.

========================================
=== Episode 35 ===
========================================
[Attempt 1] Actions:  ['Down', 'Down', 'Down', 'Down', 'Down', 'Down', 'Down', 'Down']
[Attempt 1] Feedback: Step 1: moved Down, hit E (wall), stayed in place. Step 2: moved Down, hit E (wall), stayed in place. Step 3: moved Down, hit E (wall), stayed in place. Step 4: moved Down, hit E (wall), stayed in place. Step 5: moved Down, hit E (wall), stayed in place. Step 6: moved Down, hit E (wall), stayed in place. Step 7: moved Down, hit E (wall), stayed in place. Step 8: moved Down, hit E (wall), stayed in place. Maximum steps reached.
[Attempt 1] Reward:   0
  Inserted after line 27
  Replaced lines 1-1
[Notebook] 2 ops applied; now 32 lines.

========================================
=== Episode 36 ===
========================================
[Attempt 1] Actions:  ['Right', 'Right', 'Right', 'Right', 'Left', 'Right', 'Right', 'Right']
[Attempt 1] Feedback: Step 1: moved Right. Step 2: moved Right, hit E (wall), stayed in place. Step 3: moved Right, hit E (wall), stayed in place. Step 4: moved Right, hit E (wall), stayed in place. Step 5: moved Left. Step 6: moved Right. Step 7: moved Right, hit E (wall), stayed in place. Step 8: moved Right, hit E (wall), stayed in place. Maximum steps reached.
[Attempt 1] Reward:   0
  Deleted lines 29-29
  Replaced lines 1-1
  Inserted after line 0
[Notebook] 3 ops applied; now 32 lines.

========================================
=== Episode 37 ===
========================================
[Attempt 1] Actions:  ['Right', 'Right']
[Attempt 1] Feedback: Step 1: moved Right, pushed B. Step 2: moved Right, pushed B onto C (goal)! All boxes are on targets. Puzzle solved!
[Attempt 1] Reward:   1
  Replaced lines 29-29
  Deleted lines 1-2
  Inserted after line 0
[Notebook] 3 ops applied; now 31 lines.

========================================
=== Episode 38 ===
========================================
[Attempt 1] Actions:  ['Right', 'Right', 'Right', 'Right', 'Right', 'Right', 'Right', 'Right']
[Attempt 1] Feedback: Step 1: moved Right. Step 2: moved Right. Step 3: moved Right. Step 4: moved Right, hit E (wall), stayed in place. Step 5: moved Right, hit E (wall), stayed in place. Step 6: moved Right, hit E (wall), stayed in place. Step 7: moved Right, hit E (wall), stayed in place. Step 8: moved Right, hit E (wall), stayed in place. Maximum steps reached.
[Attempt 1] Reward:   0
  Deleted lines 29-29
  Deleted lines 22-24
  Deleted lines 20-20
  Replaced lines 16-16
  Deleted lines 15-15
[Notebook] 5 ops applied; now 25 lines.

========================================
=== Episode 39 ===
========================================
[Attempt 1] Actions:  ['Right', 'Right', 'Right', 'Right', 'Right', 'Right', 'Right', 'Right']
[Attempt 1] Feedback: Step 1: moved Right. Step 2: moved Right. Step 3: moved Right. Step 4: moved Right, hit E (wall), stayed in place. Step 5: moved Right, hit E (wall), stayed in place. Step 6: moved Right, hit E (wall), stayed in place. Step 7: moved Right, hit E (wall), stayed in place. Step 8: moved Right, hit E (wall), stayed in place. Maximum steps reached.
[Attempt 1] Reward:   0
  Deleted lines 23-23
  Inserted after line 17
[Notebook] 2 ops applied; now 25 lines.

========================================
=== Episode 40 ===
========================================
[Attempt 1] Actions:  ['Down', 'Down', 'Down', 'Down', 'Right', 'Right', 'Down', 'Right']
[Attempt 1] Feedback: Step 1: moved Down, hit E (wall), stayed in place. Step 2: moved Down, hit E (wall), stayed in place. Step 3: moved Down, hit E (wall), stayed in place. Step 4: moved Down, hit E (wall), stayed in place. Step 5: moved Right. Step 6: moved Right, hit E (wall), stayed in place. Step 7: moved Down, hit E (wall), stayed in place. Step 8: moved Right, hit E (wall), stayed in place. Maximum steps reached.
[Attempt 1] Reward:   0
  Deleted lines 23-24
  Replaced lines 1-1
  Inserted after line 0
[Notebook] 3 ops applied; now 24 lines.

========================================
SUMMARY (Sokoban, 40 episodes)
========================================
Success rate: 12/40 (30.0%)
  running @ K= 10: 40.0%
  running @ K= 20: 35.0%
  running @ K= 30: 30.0%
  running @ K= 40: 30.0%
Episode | Reward | Notebook Lines
--------+--------+---------------
1       | 1      | 13            
2       | 1      | 14            
3       | 0      | 12            
4       | 1      | 12            
5       | 0      | 14            
6       | 0      | 15            
7       | 0      | 16            
8       | 0      | 17            
9       | 1      | 17            
10      | 0      | 17            
11      | 0      | 18            
12      | 1      | 18            
13      | 1      | 18            
14      | 1      | 13            
15      | 0      | 14            
16      | 0      | 15            
17      | 0      | 16            
18      | 0      | 18            
19      | 0      | 20            
20      | 0      | 19            
21      | 0      | 20            
22      | 1      | 21            
23      | 0      | 22            
24      | 0      | 21            
25      | 0      | 23            
26      | 1      | 24            
27      | 0      | 28            
28      | 0      | 28            
29      | 0      | 29            
30      | 0      | 28            
31      | 1      | 38            
32      | 0      | 31            
33      | 0      | 31            
34      | 1      | 31            
35      | 0      | 32            
36      | 0      | 32            
37      | 1      | 31            
38      | 0      | 25            
39      | 0      | 25            
40      | 0      | 24            
Saved to /gscratch/h2lab/mohanc3/projects/ERL_repo/runs/qwen3-14b-ace-notebook-empty-k40-both-34997217/outputs/results_notebook_minimal_sokoban.json
Done. RUN_DIR=/gscratch/h2lab/mohanc3/projects/ERL_repo/runs/qwen3-14b-ace-notebook-empty-k40-both-34997217
